2026-06-12 15:54:14,222 [INFO] Using device: cuda
2026-06-12 15:59:28,673 [INFO] Using device: cuda
2026-06-12 15:59:28,674 [INFO] Starting training with dataset: data/raw/train.csv
2026-06-12 15:59:28,711 [INFO] Loaded 1561 rows from data/raw/train.csv
2026-06-12 15:59:28,711 [INFO] Columns: ['oare_id', 'transliteration', 'translation']
2026-06-12 15:59:28,712 [INFO] Train: 1061, Dev: 500
2026-06-12 15:59:28,721 [INFO] Loading tokenizer: google/byt5-small
2026-06-12 15:59:29,683 [INFO] HTTP Request: GET https://huggingface.co/api/agent-harnesses "HTTP/1.1 200 OK"
2026-06-12 15:59:29,998 [INFO] HTTP Request: HEAD https://huggingface.co/google/byt5-small/resolve/main/config.json "HTTP/1.1 307 Temporary Redirect"
2026-06-12 15:59:29,999 [WARNING] Warning: You are sending unauthenticated requests to the HF Hub. Please set a HF_TOKEN to enable higher rate limits and faster downloads.
2026-06-12 15:59:30,206 [INFO] HTTP Request: HEAD https://huggingface.co/api/resolve-cache/models/google/byt5-small/68377bdc18a2ffec8a0533fef03b1c513a4dd49d/config.json "HTTP/1.1 200 OK"
2026-06-12 15:59:30,409 [INFO] HTTP Request: GET https://huggingface.co/api/resolve-cache/models/google/byt5-small/68377bdc18a2ffec8a0533fef03b1c513a4dd49d/config.json "HTTP/1.1 200 OK"
2026-06-12 15:59:30,820 [INFO] HTTP Request: HEAD https://huggingface.co/google/byt5-small/resolve/main/tokenizer_config.json "HTTP/1.1 307 Temporary Redirect"
2026-06-12 15:59:31,026 [INFO] HTTP Request: HEAD https://huggingface.co/api/resolve-cache/models/google/byt5-small/68377bdc18a2ffec8a0533fef03b1c513a4dd49d/tokenizer_config.json "HTTP/1.1 200 OK"
2026-06-12 15:59:31,170 [INFO] HTTP Request: GET https://huggingface.co/api/resolve-cache/models/google/byt5-small/68377bdc18a2ffec8a0533fef03b1c513a4dd49d/tokenizer_config.json "HTTP/1.1 200 OK"
2026-06-12 15:59:31,508 [INFO] HTTP Request: GET https://huggingface.co/api/models/google/byt5-small/tree/main/additional_chat_templates?recursive=false&expand=false "HTTP/1.1 404 Not Found"
2026-06-12 15:59:31,844 [INFO] HTTP Request: GET https://huggingface.co/api/models/google/byt5-small/tree/main?recursive=true&expand=false "HTTP/1.1 200 OK"
2026-06-12 15:59:32,125 [INFO] HTTP Request: HEAD https://huggingface.co/google/byt5-small/resolve/main/added_tokens.json "HTTP/1.1 404 Not Found"
2026-06-12 15:59:32,662 [INFO] HTTP Request: HEAD https://huggingface.co/google/byt5-small/resolve/main/special_tokens_map.json "HTTP/1.1 307 Temporary Redirect"
2026-06-12 15:59:32,775 [INFO] HTTP Request: HEAD https://huggingface.co/api/resolve-cache/models/google/byt5-small/68377bdc18a2ffec8a0533fef03b1c513a4dd49d/special_tokens_map.json "HTTP/1.1 200 OK"
2026-06-12 15:59:32,970 [INFO] HTTP Request: GET https://huggingface.co/api/resolve-cache/models/google/byt5-small/68377bdc18a2ffec8a0533fef03b1c513a4dd49d/special_tokens_map.json "HTTP/1.1 200 OK"
2026-06-12 15:59:33,263 [INFO] HTTP Request: HEAD https://huggingface.co/google/byt5-small/resolve/main/tokenizer.json "HTTP/1.1 404 Not Found"
2026-06-12 15:59:33,584 [INFO] HTTP Request: HEAD https://huggingface.co/google/byt5-small/resolve/main/chat_template.jinja "HTTP/1.1 404 Not Found"
2026-06-12 15:59:33,693 [INFO] Dataset loaded: 1061 samples
2026-06-12 15:59:33,701 [INFO] Dataset loaded: 500 samples
2026-06-12 15:59:33,701 [INFO] Loading base model: google/byt5-small
2026-06-12 15:59:33,964 [INFO] HTTP Request: HEAD https://huggingface.co/google/byt5-small/resolve/main/config.json "HTTP/1.1 307 Temporary Redirect"
2026-06-12 15:59:34,090 [INFO] HTTP Request: HEAD https://huggingface.co/api/resolve-cache/models/google/byt5-small/68377bdc18a2ffec8a0533fef03b1c513a4dd49d/config.json "HTTP/1.1 200 OK"
2026-06-12 15:59:34,404 [INFO] HTTP Request: HEAD https://huggingface.co/google/byt5-small/resolve/main/model.safetensors "HTTP/1.1 404 Not Found"
2026-06-12 15:59:34,694 [INFO] HTTP Request: HEAD https://huggingface.co/google/byt5-small/resolve/main/model.safetensors.index.json "HTTP/1.1 404 Not Found"
2026-06-12 15:59:34,972 [INFO] HTTP Request: HEAD https://huggingface.co/google/byt5-small/resolve/main/pytorch_model.bin "HTTP/1.1 302 Found"
2026-06-12 16:26:50,515 [INFO] HTTP Request: HEAD https://huggingface.co/google/byt5-small/resolve/main/model.safetensors "HTTP/1.1 404 Not Found"
2026-06-12 16:26:50,769 [INFO] HTTP Request: GET https://huggingface.co/api/models/google/byt5-small "HTTP/1.1 200 OK"
2026-06-12 16:26:51,084 [INFO] HTTP Request: GET https://huggingface.co/api/models/google/byt5-small/commits/main "HTTP/1.1 200 OK"
2026-06-12 16:26:51,399 [INFO] HTTP Request: GET https://huggingface.co/api/models/google/byt5-small/discussions?p=0 "HTTP/1.1 200 OK"
2026-06-12 16:26:51,697 [INFO] HTTP Request: GET https://huggingface.co/api/models/google/byt5-small/commits/refs%2Fpr%2F3 "HTTP/1.1 200 OK"
2026-06-12 16:26:51,947 [INFO] HTTP Request: HEAD https://huggingface.co/google/byt5-small/resolve/refs%2Fpr%2F3/model.safetensors.index.json "HTTP/1.1 404 Not Found"
2026-06-12 16:26:52,209 [INFO] HTTP Request: HEAD https://huggingface.co/google/byt5-small/resolve/refs%2Fpr%2F3/model.safetensors "HTTP/1.1 302 Found"
2026-06-12 21:38:50,492 [INFO] Using device: cpu
2026-06-12 21:38:50,494 [INFO] Starting training: data/raw/train.csv
2026-06-12 21:38:50,533 [INFO] Loaded 1561 rows, columns: ['oare_id', 'transliteration', 'translation']
2026-06-12 21:38:50,534 [INFO] Train: 1061, Dev: 500
2026-06-12 21:38:51,188 [INFO] Dataset loaded: 1061 samples
2026-06-12 21:38:51,190 [INFO] Dataset loaded: 500 samples
2026-06-12 21:42:39,679 [INFO] Using device: cpu
2026-06-12 21:42:39,680 [INFO] Starting training: data/raw/train.csv
2026-06-12 21:42:39,701 [INFO] Loaded 1561 rows, columns: ['oare_id', 'transliteration', 'translation']
2026-06-12 21:42:39,701 [INFO] Train: 1061, Dev: 500
2026-06-12 21:42:40,336 [INFO] Dataset loaded: 1061 samples
2026-06-12 21:42:40,338 [INFO] Dataset loaded: 500 samples
2026-06-12 21:43:35,978 [INFO] Using device: cpu
2026-06-12 21:43:35,979 [INFO] Starting training: data/raw/train.csv
2026-06-12 21:43:35,997 [INFO] Loaded 1561 rows, columns: ['oare_id', 'transliteration', 'translation']
2026-06-12 21:43:35,998 [INFO] Train: 1061, Dev: 500
2026-06-12 21:43:36,641 [INFO] Dataset loaded: 1061 samples
2026-06-12 21:43:36,643 [INFO] Dataset loaded: 500 samples
2026-06-12 21:43:39,564 [INFO] Starting training...
2026-06-12 21:48:26,679 [INFO] Using device: cpu
2026-06-12 21:48:26,680 [INFO] Starting training: data/raw/train.csv
2026-06-12 21:48:26,708 [INFO] Loaded 1561 rows, columns: ['oare_id', 'transliteration', 'translation']
2026-06-12 21:48:26,709 [INFO] Train: 1061, Dev: 500
2026-06-12 21:48:27,417 [INFO] Dataset loaded: 1061 samples
2026-06-12 21:48:27,418 [INFO] Dataset loaded: 500 samples
2026-06-12 21:48:34,357 [INFO] Starting training...
2026-06-12 22:01:10,919 [INFO] Using device: cpu
2026-06-12 22:01:10,920 [INFO] Starting training: data/raw/train.csv
2026-06-12 22:01:10,949 [INFO] Loaded 1561 rows, columns: ['oare_id', 'transliteration', 'translation']
2026-06-12 22:01:10,949 [INFO] Train: 1061, Dev: 500
2026-06-12 22:01:11,694 [INFO] Dataset loaded: 1061 samples
2026-06-12 22:01:11,695 [INFO] Dataset loaded: 500 samples
2026-06-12 22:01:17,452 [INFO] Starting training...
2026-06-13 04:54:46,235 [INFO] Model saved to model
2026-06-13 11:36:45,139 [INFO] Using device: cpu
2026-06-13 11:36:45,140 [INFO] Loading model from: model
2026-06-13 11:36:45,630 [INFO] Model loaded successfully
2026-06-13 11:36:45,680 [INFO] Eval progress: 20/500
2026-06-13 11:36:45,683 [INFO] Eval progress: 40/500
2026-06-13 11:36:45,684 [INFO] Eval progress: 60/500
2026-06-13 11:36:45,685 [INFO] Eval progress: 80/500
2026-06-13 11:36:45,686 [INFO] Eval progress: 100/500
2026-06-13 11:36:45,687 [INFO] Eval progress: 120/500
2026-06-13 11:36:45,688 [INFO] Eval progress: 140/500
2026-06-13 11:36:45,690 [INFO] Eval progress: 160/500
2026-06-13 11:36:45,691 [INFO] Eval progress: 180/500
2026-06-13 11:36:45,692 [INFO] Eval progress: 200/500
2026-06-13 11:36:45,692 [INFO] Eval progress: 220/500
2026-06-13 11:36:45,693 [INFO] Eval progress: 240/500
2026-06-13 11:36:45,694 [INFO] Eval progress: 260/500
2026-06-13 11:36:45,696 [INFO] Eval progress: 280/500
2026-06-13 11:36:45,697 [INFO] Eval progress: 300/500
2026-06-13 11:36:45,698 [INFO] Eval progress: 320/500
2026-06-13 11:36:45,699 [INFO] Eval progress: 340/500
2026-06-13 11:36:45,700 [INFO] Eval progress: 360/500
2026-06-13 11:36:45,701 [INFO] Eval progress: 380/500
2026-06-13 11:36:45,703 [INFO] Eval progress: 400/500
2026-06-13 11:36:45,704 [INFO] Eval progress: 420/500
2026-06-13 11:36:45,705 [INFO] Eval progress: 440/500
2026-06-13 11:36:45,706 [INFO] Eval progress: 460/500
2026-06-13 11:36:45,707 [INFO] Eval progress: 480/500
2026-06-13 11:36:45,707 [INFO] Eval progress: 500/500
2026-06-13 11:53:41,447 [INFO] Using device: cpu
2026-06-13 11:53:41,447 [INFO] Loading model from: model
2026-06-13 11:53:41,892 [INFO] Model loaded successfully
2026-06-13 11:53:41,904 [INFO] Translating: 2.5 ma-na ṣí-ba-ra-tum qá-dum ša a-bi₄-e-dim 1.3333 ma-na a-na ú-ra-ḫa-zi ša 1 m
2026-06-13 11:53:46,056 [INFO] Translation: 2.5 minas of silver that Abi-edum owes to Urahazi; 1 mana Ulgatum, Zigan-lugal;
2026-06-13 11:53:46,057 [INFO] Translating: a-na ša-lim-a-šùr a-šùr-ma-lik dumu lu-zi-na ù i-ku-pí-a qí-bi-ma um-ma ší-ša-ra
2026-06-13 11:53:51,785 [INFO] Translation: Say to Šalim-Aššur, Assur-mālik son of Luzina and Ikūn-pīya, saying: Ennam-Suen 
2026-06-13 11:53:51,785 [INFO] Translating: 3 gín kù.babbar iš-tí eb-lá-i-im ša síg.ḫi.a il₅-qé-ú
2026-06-13 11:53:52,525 [INFO] Translation: 1 shekel of silver is owed by Eblānum.
2026-06-13 11:53:52,526 [INFO] Translating: um-ma en-um-a-šùr-ma a-na ša-ta-na qí-bi-ma a-na-ku a-na ṣé-er ì-lí-dan a-na ku-
2026-06-13 11:53:58,155 [INFO] Translation: Thus Ennam-Aššur, say to Šatana: As for the silver Ilī-dan seized me and let him
2026-06-13 11:53:58,156 [INFO] Translating: a-ḫa-ma 5 gín kù.babbar i-na li-bi₄ šu-be-lim i-nu-mì kù.babbar a-na šu-be-lim á
2026-06-13 11:54:00,594 [INFO] Translation: Thus 5 shekels of silver that Šu-Bēlum has received it from our father.
2026-06-13 11:54:00,595 [INFO] Translating: um-ma ša-lim-a-šùr-ma a-na i-dí-a-bi-im en-na-nim i-na-aḫ-dingir ma-ma-ḫi-ir en-
2026-06-13 11:54:06,320 [INFO] Translation: Say to Iddin-abum, Ennam-Aššur and Ali-ahum: In accordance with the silver you w
2026-06-13 11:54:06,321 [INFO] Translating: 12 gín kù.babbar i li-bi sá-li-a a-lá-ḫu-um i-šu
2026-06-13 11:54:07,393 [INFO] Translation: Saliya owes 12 shekels of silver to Ali-ahum.
2026-06-13 11:54:07,393 [INFO] Translating: kišib kà-ri-im kà-ni-iš kà-ru-um dí-nam i-dí-in-ma a-na lu-qú-tim ma-la a-na a-š
2026-06-13 11:54:12,659 [INFO] Translation: The Kanesh colony gave us for these proceedings to Aššur-bēl-awātim, and Šēp-Išt
2026-06-13 11:54:12,659 [INFO] Translating: a-na en-nam-a-šur kišib a-lá-ḫi-im ù a-mur-ištar
2026-06-13 11:54:13,645 [INFO] Translation: To Ennam-Aššur; seal of Ali-ahum and Amur-Ištar.
2026-06-13 11:54:13,646 [INFO] Translating: kišib ta-mu-ri-a kišib kišib šar-bu-nu-a kišib re-e-ma kišib sú-la kišib šu-utu 
2026-06-13 11:54:17,632 [INFO] Translation: To Tammuriya, seal of Šar-bunnuya in representatives before Sula and Ganabeli, 0
2026-06-13 11:54:17,633 [INFO] Translating: -a-šur ú ša-ḫa- kù.babbar ša šé-ep-ištar a-na šu-ištar en-um-a-šur il₅-qé 1 gú 2
2026-06-13 11:54:21,705 [INFO] Translation: The silver of Šēp-Ištar, they will add 1 talent 20 minas, kutānu-textiles and 2 
2026-06-13 11:54:21,706 [INFO] Translating: a-na e-lá-ma qí-bi-ma um-ma ù a-šur-ma-lik-ma 4 gú an.na ku-nu-ki ša a-lim ú ku-
2026-06-13 11:54:27,001 [INFO] Translation: To Elamma from Aššur-malik: 4 talents of tin under my seal and their textiles be
2026-06-13 11:54:27,002 [INFO] Translating: um-ma ša-lim-a-šur-ma a-na i-dí-a-bi₄-im en-na-nim i-na-aḫ-dingir a-dí-da en-um-
2026-06-13 11:54:32,891 [INFO] Translation: Thus Šalim-Aššur, say to Iddin-abum, Ennānum: In accordance with your instructio
2026-06-13 11:54:32,891 [INFO] Translating: 8.1666 gín kù.babbar ší-im é-tí-šu a-šùr-mì-tí a-na sú-ub-ri-ga iš-qú-ul šu-ma m
2026-06-13 11:54:37,336 [INFO] Translation: 1.1666 shekel of silver that Aššur-mittī owes to Subriga. If he has not paid int
2026-06-13 11:54:37,337 [INFO] Translating: a-pu-tum ri-iš lu-qú-tim ša dam.gàr ša-ṣí-ir ú a ma-lá tí-ir-tí-kà um-ma a-ta-ma
2026-06-13 11:54:43,341 [INFO] Translation: The attorney of Luqutum, Šaṣir and Amurrum-bāni seized us against your father's 
2026-06-13 11:54:43,342 [INFO] Translating: kišib a-šur-dan dumu i-ku-pì-a kišib i-dí-a-bi₄-im dumu i-tur₄-dingir kišib a-šu
2026-06-13 11:54:49,337 [INFO] Translation: From Aššur-ṭāb son of Ikūn-pīya sealed by Iddin-abum, that Itūr-ilī owes 30 mina
2026-06-13 11:54:49,338 [INFO] Translating: um-ma ir-ma-a-šùr-ma a-na i-ku-pí-a-šùr lá-ma-sà-tim ù en-um-a-šùr qí-bi-ma 1 ma
2026-06-13 11:54:55,158 [INFO] Translation: Say to Ikūn-pī-Aššur, Lā-qēpum and Ennam-Assur: 1 mina of silver that Suen-nādā 
2026-06-13 11:54:55,158 [INFO] Translating: a-na a-lá-ḫi-im ú-ṣur-ša-ištar ú zu-ku-a qí-bi-ma um-ma sig₅-pí-a-šur-ma 15 ma-n
2026-06-13 11:55:00,851 [INFO] Translation: To Ali-ahum, Uṣur-ša-Ištar and Zukuwa from Damiq-pī-Aššur: 15 minas of tin under
2026-06-13 11:55:00,852 [INFO] Translating: um-ma bu-zu-a du₁₀-ṣí-lá-a-šur ù a-lá-bu-um-ma a-na en-um-a-šùr ù a-lá-ḫi-im qí-
2026-06-13 11:55:06,594 [INFO] Translation: Thus Buzuwa, Dust-ṣill-Aššur and Ali-abum, say to Ennam-Assur's dagger, the text
2026-06-13 11:55:06,595 [INFO] Translating: a-na šu-ištar qí-bi₄-ma um-ma ì-lí-iš-tí-kál-ma ki-ma ša-nu-a-tí-ni lá a-tù-ra-a
2026-06-13 11:55:11,667 [INFO] Translation: To Šu-Ištar from Iliš-tikal: You have not paid in accordance with your testimony
2026-06-13 11:55:11,667 [INFO] Eval progress: 20/500
2026-06-13 11:55:11,668 [INFO] Translating: 5 gín kù.babbar a-na ṣú-ḫa-ri-im ša šu-ku-bi₄-im i-nu-mì a-na wa-aḫ-šu-ša-na i-l
2026-06-13 11:55:13,192 [INFO] Translation: 1 shekel of silver that Šu-Kūbum owes to Wahšušana.
2026-06-13 11:55:13,192 [INFO] Translating: a-na a-lá-ḫi-im kišib i-ku-pí-a ú zu-ku-a
2026-06-13 11:55:14,054 [INFO] Translation: To Ali-ahum seal of Ikūn-pīya and Zukuwa.
2026-06-13 11:55:14,054 [INFO] Translating: ir-ma-a-šùr dumu ni-dí-ba-ni puzur₄-a-šùr iṣ-ba-at-ma um-ma puzur₄-a-šur-ma a-na
2026-06-13 11:55:19,515 [INFO] Translation: Say to Ir'am-Aššur son of Nidi-bāni, Puzur-Assur, saying: You have not paid in a
2026-06-13 11:55:19,516 [INFO] Translating: a-šur-ma-lik ù a-na-ku ni-kà-sí ni-sí-ma il₅ šu uš ma 5 ma-na kù.babbar i-ṣé-ri-
2026-06-13 11:55:25,333 [INFO] Translation: Thus Aššur-malik and Anna-aku, say to Nikasi: If the 5 minas of silver I gave yo
2026-06-13 11:55:25,334 [INFO] Translating: 11 na-ru-qá-tum na-ṣí-a-tum 9 e-ba-al sí-kà-tim
2026-06-13 11:55:26,435 [INFO] Translation: Sealed by 11 black donkeys - all this 9 shekels of silver.
2026-06-13 11:55:26,436 [INFO] Translating: a-na a-lá-ḫi-im a-ni-na ú a-šur-ma-lik um-ma zu-ku-a-ma 30 43 im am ni ri-ni be-
2026-06-13 11:55:32,299 [INFO] Translation: To Ali-ahum, Annina and Aššur-malik from Zukuwa: 30 43 talents of refined silver
2026-06-13 11:55:32,299 [INFO] Translating: en-um-a-šur ša ki-ma i-ku-pí-a dumu a-šùr-ba-ni e-pu-ul um-ma en-um-a-šur-ma a-n
2026-06-13 11:55:39,570 [INFO] Translation: Thus Ikūn-pīya, son of Aššur-bāni, Epul, and Ennam-Assur said to the merchant: W
2026-06-13 11:55:39,571 [INFO] Translating: a-na i-dí-a-bi-im i-tur₄-dingir en-na-nim ù a-lá-ḫi-im qí-bi-ma um-ma en-nam-a-š
2026-06-13 11:55:47,312 [INFO] Translation: To Iddin-abum, Itūr-ilī, Ennānum and Ali-ahum; specifically to Šalim-Aššur: Why 
2026-06-13 11:55:47,312 [INFO] Translating: 30 ma-na 10 gín kù.babbar ṣa-ru-pu-um 13 anše.ḫi.a 31 i-lu-ú 41 ú-kà-pu 11 ma-as
2026-06-13 11:55:51,722 [INFO] Translation: 20 minas 10 shekels of refined silver, 13 black donkeys, 31 bronze boards and 41
2026-06-13 11:55:51,723 [INFO] Translating: um-ma a-šùr-ma-lik ù ša-lim-a-šur a-na ša-lim-a-šur qí-bi-ma la-ma a-šur-ša-du-e
2026-06-13 11:55:59,279 [INFO] Translation: Say to Šalim-Aššur, thus says Assur-mālik and Ali-ahum: I have not paid in accor
2026-06-13 11:55:59,280 [INFO] Translating: i-nu-mì i-dí-a-bu-um a-na mu-a-tim ta-ad-nu-ma é a-šùr-bé-el-a-wa-tim wa-áš-bu š
2026-06-13 11:56:06,702 [INFO] Translation: Thus Iddin-abum, say to Aššur-bēl-awātim: Why is it that you have not paid for m
2026-06-13 11:56:06,703 [INFO] Translating: a-na e-lam-ma qí-bi-ma um-ma šu-be-lúm-ma dumu.mí a-šur-dan dumu zi-zi-im ra-bi₄
2026-06-13 11:56:14,063 [INFO] Translation: Say to Elamma, thus Šu-Bēlum, son of Aššur-ṭāb: We have not paid in accordance w
2026-06-13 11:56:14,064 [INFO] Translating: a-na a-lá-ḫi-im dumu šál-ma-a-šur ù zu-ku-a kišib puzur₄-a-šur dumu a-šur-dan
2026-06-13 11:56:16,257 [INFO] Translation: Say to Ali-ahum son of Šalim-Aššur and Zukuwa; sealed by Puzur-Assur,
2026-06-13 11:56:16,258 [INFO] Translating: 13 ma-na kù.babbar ṣa-ru-pá-am i-ṣé-er i-dí-a-bi₄-im a-mur-ištar ù a-šur-i-mì-tí
2026-06-13 11:56:22,284 [INFO] Translation: 13 minas of refined silver Iddin-abum, Amur-Ištar and Aššurimittī, he will pay i
2026-06-13 11:56:22,285 [INFO] Translating: um-ma ša-lim-a-šùr a-na i-dí-a-bi₄-im en-na-nim i-na-aḫ-dingir a-dí-da en-um-a-š
2026-06-13 11:56:29,658 [INFO] Translation: Thus Šalim-Aššur, say to Iddin-abum, Ennānum: In accordance with your instructio
2026-06-13 11:56:29,659 [INFO] Translating: a-na a-lá-ḫi-im a-ni-na a-šur-ma-lik pé-ru-a a-zi-ta-ri-a a-zu-ul ù mu-a-ni-kà q
2026-06-13 11:56:37,003 [INFO] Translation: To Ali-ahum, Annina Aššur-malik, Peruwa, <gap> Azul and Muanika; specifically to
2026-06-13 11:56:37,004 [INFO] Translating: kišib -a-šur kišib a-šur-ta-ak-lá-ku kišib qá-ta-tim 4.1666 gín kù.babbar i-ṣé-e
2026-06-13 11:56:41,238 [INFO] Translation: From Aššur to Aklaku, seal of Qatatum, 4.1666 shekels owed by the merchant. In a
2026-06-13 11:56:41,239 [INFO] Translating: mì-ma a-na kù.babbar-pì-kà 1 gín li-ba-am lá i-pá-ri-id ú ma-as-ḫu-ru-tám i-na l
2026-06-13 11:56:48,280 [INFO] Translation: Thus says Iparid and Mashurutam: In accordance with your instructions, the proce
2026-06-13 11:56:48,282 [INFO] Translating: 20 ma-na urudu sig₅ i ší-im ku-uk-ra i-ri-iḫ-ma i-ṣé-er utu-a-bi lá-ma-sà-tum tí
2026-06-13 11:56:54,662 [INFO] Translation: 10 minas of good copper is belonging to Lamassutum. Witnessed by Lā-qēpum, the p
2026-06-13 11:56:54,663 [INFO] Translating: um-ma kà-ru-um kà-ni-iš-ma a-na ša-qí-il₅ da-tim ku-li-a ší-ip-ri-ni kà-ri-im du
2026-06-13 11:57:01,713 [INFO] Translation: Thus Kanesh, say to Šaqil, Datum, Kuliya, the son of Durhumit, has not paid in t
2026-06-13 11:57:01,714 [INFO] Eval progress: 40/500
2026-06-13 11:57:01,715 [INFO] Translating: a-na mar-ku-tí dumu da-dí-a dumu i-la-a-a i-na za-al-pá iš-tù itu.kam ku-zal-li 
2026-06-13 11:57:08,976 [INFO] Translation: To Man-mahir son of Dadiya, that Ilī-aya seized us against Zalpa. If he has not 
2026-06-13 11:57:08,977 [INFO] Translating: gín kù.babbar a-ḫa-ma 3 gín kù.babbar ší-im udu gín kù.babbar a-na a-gi-a
2026-06-13 11:57:10,229 [INFO] Translation: The 3 shekels of silver I gave to Agiya.
2026-06-13 11:57:10,230 [INFO] Translating: um-ma la-ma-sí-ma a-na a-la-ḫi-im qí-bi₄-ma mì-šu ša ta-áš-pu-ra-ni um-ma a-ta-m
2026-06-13 11:57:17,557 [INFO] Translation: Thus Lamassī, say to Ali-ahum: As for the silver you wrote me about, and I have 
2026-06-13 11:57:17,558 [INFO] Translating: kišib sú-kà-lí-a dumu a-mur-a-šùr kišib a-ku-za dumu šu-a-nim kišib ú-ra-a dumu 
2026-06-13 11:57:21,874 [INFO] Translation: The Sukkalliya son of Amur-Aššur sealed by Akūza, due from Šu-Anum. We gave us f
2026-06-13 11:57:21,874 [INFO] Translating: 6 gín kù.babbar a-šu-mì a-ší-it gal ṣa-bi₄-im lu-lu ša-bu
2026-06-13 11:57:22,848 [INFO] Translation: 1 shekel of silver is owed by Lulu.
2026-06-13 11:57:22,849 [INFO] Translating: a-na e-lá-ma qí-bi₄-ma um-ma a-šur-na-da ù a-šur-i-mì-tí-ma 1 me-at 2 túg.ḫi.a k
2026-06-13 11:57:30,295 [INFO] Translation: Say to Elamma, thus Aššur-nādā and Assurimittī: 1 mina 2 textiles under my seals
2026-06-13 11:57:30,296 [INFO] Translating: 24 ma-na kù.babbar ṣa-ru-pá-am i-ṣé-er i-dí-a-bi-im a-šùr-be-el-a-wa-tim i-šu iš
2026-06-13 11:57:36,605 [INFO] Translation: 14 minas of refined silver Iddin-abum owes to Aššur-bēl-awātim. He will pay inte
2026-06-13 11:57:36,606 [INFO] Translating: 1 gú 6.5 ma-na urudu sig₅ ší-im kù.babbar-áp-šu ša ili₅-ba-ni ša a-na i-dí-a-šùr
2026-06-13 11:57:40,205 [INFO] Translation: 1 talent 6.5 minas of good copper, which Ilī-bāni brought to Iddin-Aššur,
2026-06-13 11:57:40,206 [INFO] Translating: šu-bé-lúm dumu i-dí-a-bi-im a-na puzur₄.ištar iṣ-ba-at-ni-a-tí-ma um-ma šu-bé-lú
2026-06-13 11:57:47,622 [INFO] Translation: Say to Puzur-Ištar, thus Šu-Bēlum, son of Iddin-abum: As for your father's dagge
2026-06-13 11:57:47,623 [INFO] Translating: um-ma šu-ku-tum-ma a-na uš-ta-aḫ-šu-šar qí-bi₄-ma šu-ma am-tí a-tí ša ma-ma-an l
2026-06-13 11:57:53,160 [INFO] Translation: Thus Šu-Kūtum, say to Uštahšušar: Why is it that you have not paid anything abou
2026-06-13 11:57:53,161 [INFO] Translating: kà-ru-um dur₄-ḫu-mì-it ṣa-ḫi-ir gal dí-nam i-dí-in-ma i-na u₄-mì-im ša en-um-a-š
2026-06-13 11:57:59,330 [INFO] Translation: From Durhumit to Ṣahir gal of the colony. Witnessed by Ennam-Aššur in Uṣur-šamšī
2026-06-13 11:57:59,331 [INFO] Translating: 12 gín an.na ni-is-ḫa-sú 1 ma-na 10 gín urudu ma-sí-um 0.8333 ma-na urudu ša ša-
2026-06-13 11:58:03,399 [INFO] Translation: 12 shekels of tin, its import duty added, 0.8333 mina copper owes to Iddin-Suen.
2026-06-13 11:58:03,401 [INFO] Translating: um-ma šu-ḫu-bu-ur-ma ù ḫa-nu-ma a-na a-la-ḫi-im qí-bi₄-ma a-šu-mì ša a-lu-lá-a š
2026-06-13 11:58:10,573 [INFO] Translation: Thus Šu-hubur, and hanu, say to Ali-ahum: Why is the silver you sent me about, w
2026-06-13 11:58:10,575 [INFO] Translating: um-ma e-na-sú-in-ma a-na a-lá-ḫi-im qí-bi₄-ma 11 gú urudu ma-sí-um 10 ma-na urud
2026-06-13 11:58:17,402 [INFO] Translation: Thus Enna-Suen, say to Ali-ahum: 11 talents of good copper, 10 minas under my se
2026-06-13 11:58:17,403 [INFO] Translating: 1.5 gín kù.babbar ta-áš-me-tum 1.5 gín kù.babbar šé-bi₄-lá
2026-06-13 11:58:18,881 [INFO] Translation: 1.5 shekel of silver that Šēb-ilī brought to you.
2026-06-13 11:58:18,882 [INFO] Translating: a-na dam.gàr ú zu-ku-a qí-bi-ma um-ma puzur₄-a-šur ú sig₅-pí-a-šur-ma a ma-lá tù
2026-06-13 11:58:26,242 [INFO] Translation: To Damiq-pī-Aššur and Zukuwa; specifically to Tunahidānum: The 2 talents 8 minas
2026-06-13 11:58:26,243 [INFO] Translating: a-na šu-ta-mu-zi e-lá-a a-ba-ba ù lá-ma-sí qí-bi-ma um-ma a-dí-da ù a-lá-ḫu-um-m
2026-06-13 11:58:33,736 [INFO] Translation: Say to Šu-Tammuzi, Elaya, Ababa and Lamassī, thus Adida,
2026-06-13 11:58:33,738 [INFO] Translating: um-ma en-na-sú-in ù en-um-a-šùr-ma a-na um-ma-za ù tù-ta-a um-ma en-na-sú-in-ma 
2026-06-13 11:58:41,013 [INFO] Translation: Thus Ennam-Aššur, say to Ummaza and Tūtaya, as follows: Why is it that you wrote
2026-06-13 11:58:41,014 [INFO] Translating: um-ma a-šur-utu-ši ù da-da-a-ma a-na a-lá-ḫi-im qí-bi-ma 1 ma-na kù.babbar ku-nu
2026-06-13 11:58:47,968 [INFO] Translation: Thus Aššur-šamšī and Dadaya, say to Ali-ahum: 1 mina of silver Ilī-wēdāk brings 
2026-06-13 11:58:47,969 [INFO] Translating: a-ni-na a-na be-lá-nim iṣ-ba-at-ni-a-tí-ma um-ma be-lá-num-ma 5.5 ma-na kù.babba
2026-06-13 11:58:54,381 [INFO] Translation: Say to Bēlānum: 5.5 minas of silver, its import duty added, sealed by Kilalini a
2026-06-13 11:58:54,381 [INFO] Eval progress: 60/500
2026-06-13 11:58:54,382 [INFO] Translating: 14 gín kù.babbar.ki da-ra-ší 13- gín kù.babbar.ki ma-ma-ḫi-ir 0.3333 ma-na 5 gín
2026-06-13 11:58:57,590 [INFO] Translation: 14 shekels of silver, its import duty added, Darašī, 13 -textiles: Man-mahir;
2026-06-13 11:58:57,591 [INFO] Translating: ṭup-pá-am a-nim ša i-ṣé-ri-kà ṭá-bu li-iš-ta-sí-a
2026-06-13 11:58:58,529 [INFO] Translation: From the week of Lištasiya.
2026-06-13 11:58:58,529 [INFO] Translating: 1 gín kù.babbar ki dingir-ra-bi
2026-06-13 11:58:59,463 [INFO] Translation: 1 shekel of silver is owed by Dingir-rabi.
2026-06-13 11:58:59,465 [INFO] Translating: ú-ku-ul-ti ú-ku-ul-ti-šu-nu 5 anše.ḫi.a -šu-nu urudu áš-qúl da-tum -be lu a-la-q
2026-06-13 11:59:05,439 [INFO] Translation: Sealed by Ukultišunu, 5 black donkeys - all this belonging to Lu'ālum, and I gav
2026-06-13 11:59:05,441 [INFO] Translating: um-ma ša-lim-a-šùr pu-šu-ki-in ù sà-ba-sí-a-ma a-na ì-lí-iš-ti-kál qí-bi-ma 16 m
2026-06-13 11:59:12,797 [INFO] Translation: Say to Šalim-Aššur, Puzur-kīn and Sabasiya, thus says Ilī-ištikal: 16 minas of s
2026-06-13 11:59:12,798 [INFO] Translating: ù lu tám-kà-ar a-bi₄-a a-ta lá tù-na-ḫa-ni ù kù.babbar ma-dam lá tù-ša-ag-ma-ra-
2026-06-13 11:59:15,313 [INFO] Translation: To Abiya from the week of Tunahani and Ku.
2026-06-13 11:59:15,314 [INFO] Translating: a-na ša-lim-a-šùr qí-bi-ma um-ma en-nam-a-šùr-ma i-na lu-qú-tí-kà ša a-na ṣé-ri-
2026-06-13 11:59:22,732 [INFO] Translation: Say to Šalim-Aššur, thus Ennānum: In accordance with your instructions, and we s
2026-06-13 11:59:22,733 [INFO] Translating: 2 né-pí-šé-en 20 ma-na kù.babbar ṣa-ru-pá-am ni-is-ḫa-sú ša-du-a-sú ša-bu-ú 12 g
2026-06-13 11:59:27,933 [INFO] Translation: 20 minas of refined silver, its import duty added,
2026-06-13 11:59:27,934 [INFO] Translating: um-ma ḫi-na-a-ma a-na e-lá-ma qí-bi₄-ma 1 me-at 8 ku-ta-ni qá-dum ša kà-ṣa-re ša
2026-06-13 11:59:35,310 [INFO] Translation: Thus hinnāya, say to Elamma: 1 mina 8 shekels of silver for these proceedings an
2026-06-13 11:59:35,312 [INFO] Translating: a-dí ša ta-áš-pu-ra-ni um-ma a-ta-ma 1 me-at 80 túg qá-dum ša li-we-tim 4 gú 10 
2026-06-13 11:59:42,472 [INFO] Translation: Thus Tašpurannī, say to you: 100 textiles, 14 minas of tin - all this I have not
2026-06-13 11:59:42,473 [INFO] Translating: a-na i-ku- ú zu-zu-wa qí-bi-ma um-ma a-lá-bu-ma mì-nam áš-ta-na-me-ú a-mur-ištar
2026-06-13 11:59:49,340 [INFO] Translation: To Ikūn-<gap> and Zuzuwa from Ali-abum: When Amur-Ištar seized us against Udaluh
2026-06-13 11:59:49,341 [INFO] Translating: kišib ba-zi-a dumu dingir-kur-ub kišib a-ḫu-qar dumu zu-ur-zu-ur kišib i-ri-ší-i
2026-06-13 11:59:56,121 [INFO] Translation: From Baziya son of Dingir-kūrub, sealed by Ahu-waqar, due silver that Irišum owe
2026-06-13 11:59:56,121 [INFO] Translating: 10 ma-na kù.babbar ṣa-ru-pá-am tù-ur-a-a dumu ú-zu-a i-na ší-im síg.ḫi.a ša ú-ší
2026-06-13 12:00:00,468 [INFO] Translation: 10 minas of refined silver Turaya, the working capital, with Ušinālum's house, o
2026-06-13 12:00:00,469 [INFO] Translating: kišib ḫi-na-a kišib i-ku-pí-a-šùr dumu en-um-a-šur ša 1.5 ma-na kù.babbar me-eḫ-
2026-06-13 12:00:07,002 [INFO] Translation: From hinnāya to Ikūn-pī-Aššur son of Ennam-Assur, the 1.5 mina one shekel per mo
2026-06-13 12:00:07,003 [INFO] Translating: a-na i-ku-pí-a qí-bi-ma um-ma en-nam-a-šur i-dí-a-bu-um ú lá-qé-pu-ma a-na 10 ma
2026-06-13 12:00:14,295 [INFO] Translation: Say to Ikūn-pīya, thus Ennam-Aššur, Iddin-abum and Lā-qēp: The 10 minas of silve
2026-06-13 12:00:14,296 [INFO] Translating: i-nu-mì 5 ma-na sig₅ ša a-na šu-zu-zu dumu a-šur-sipa i-na dur₄-ḫu-mì-it aḫ-bu-l
2026-06-13 12:00:18,184 [INFO] Translation: Sealed by 5 minas of good copper for Šu-Zuzu son Of Aššur-rē'ī, the proceeds fro
2026-06-13 12:00:18,184 [INFO] Translating: a-na a-la-ḫi-im kišib a-mur-ištar
2026-06-13 12:00:19,016 [INFO] Translation: To Ali-ahum seal of Amur-Ištar.
2026-06-13 12:00:19,017 [INFO] Translating: en-um-a-šur a-na en-na-sú-in lu ta-ad-mì-iq-tám i-dí-in lu ṭup-pu-um ḫa-ar-mu-um
2026-06-13 12:00:25,826 [INFO] Translation: Say to Ennam-Aššur, the tablet concerning your testimony, which ENna-Suen son of
2026-06-13 12:00:25,827 [INFO] Translating: um-ma wa-šu-na-lam₅-ma a-na ša-lim-a-šur qí-bi-ma i-nu-mì a-na-kam tù-uš-bu a-na
2026-06-13 12:00:32,444 [INFO] Translation: Say to Šalim-Aššur: Why is it that you wrote me about, saying: Your father answe
2026-06-13 12:00:32,445 [INFO] Translating: um-ma kà-ru-um kà-ni-iš-ma a-na ku-li-a ší-ip-ri-ni kà-ar kà-ar-ma a-le sú-kà-li
2026-06-13 12:00:39,755 [INFO] Translation: Say to Kuliya, thus Kanesh, saying: Sukkallia son of Aššur-ištikar, and we gave 
2026-06-13 12:00:39,755 [INFO] Eval progress: 80/500
2026-06-13 12:00:39,756 [INFO] Translating: bu- a-na kur-ub-ištar iṣ-bu-tù-ni-a-tí ù bi- ší-bi lá ù iš-tù ù ṣú-ḫa-ru a-na ṣé
2026-06-13 12:00:46,988 [INFO] Translation: To Kurub-Ištar from Iṣbutuniyattī and bring you the silver to Aššur-<gap>
2026-06-13 12:00:46,990 [INFO] Translating: 17 ma-na kù.babbar ša puzur₄.ištar lu a-na dam.gàr nu-a-e ù ištar-lá-ma-sí dam a
2026-06-13 12:00:54,315 [INFO] Translation: The 17 minas of silver that Puzur-Ištar owes to Damiq-pī-Aššur, Lu, and Ali-ahum
2026-06-13 12:00:54,316 [INFO] Translating: ša-lim-a-šur a-na mar.tu-ba-ni iṣ-ba-at-ni-a-tí-ma um-ma ša-lim-a-šur-ma a-na ma
2026-06-13 12:01:01,697 [INFO] Translation: Thus Šalim-Aššur, say to Martu-bāni, Iṣbatniyattī: Why have you written about th
2026-06-13 12:01:01,698 [INFO] Translating: 18.25 gín kù.babbar i li-bi₄ ir-ma-a-šùr
2026-06-13 12:01:02,760 [INFO] Translation: 18.25 shekels of silver owed by Ir'am-Aššur.
2026-06-13 12:01:02,761 [INFO] Translating: a-na šu-ištar qí-bi-ma um-ma en-um-a-šur ú -ri-ma ta-áš-pu-ra-am um-ma a-ta-ma 5
2026-06-13 12:01:10,092 [INFO] Translation: Say to Šu-Ištar, thus Ennam-Aššur and <gap>: Utubani brings you 50 minas of tin 
2026-06-13 12:01:10,093 [INFO] Translating: ni-dí-nu-ma igi en.líl-ba-ni dumu iš-ma-a-šur igi du₁₀-ṣí-lá-a-šur dumu a-šur-ba
2026-06-13 12:01:13,352 [INFO] Translation: Thus Ennam-Aššur, son of Issu-arik, and Duttu-ṣilli-Adad, owes to Elil-bāni,
2026-06-13 12:01:13,353 [INFO] Translating: itu.1.kam a-lá-na-tum li-mu-um a-šur-i-dí ša ì-lí-dan ù sá-li-a ṭup-pá-áš-nu itu
2026-06-13 12:01:19,884 [INFO] Translation: Seal of Ali-anna, the merchant, Aššur-idī, Šēp-Ištar and Saliya,
2026-06-13 12:01:19,885 [INFO] Translating: 2 ma-na 10 gín kù.babbar ṣa-ru-pu-um ší-im an.na ša dam.gàr a-na tù-ra-am-ì-lí d
2026-06-13 12:01:27,126 [INFO] Translation: 2 minas 10 shekels of refined silver for the merchant to Turam-ilī son Of Eddin-
2026-06-13 12:01:27,127 [INFO] Translating: 2 ší-na sú-pá-nu ša 2 ma-na.ta e ú ša-al-šu-um sú-pá-num 1 ma-na šu-qú-ul-ta-šu 
2026-06-13 12:01:32,710 [INFO] Translation: Sealed by 2 minas of tin and Šalim-wardī - all this I gave to Amur-Aššur's dagge
2026-06-13 12:01:32,711 [INFO] Translating: ša 24 ma-na kù.babbar i-dí-a-bu-um a-na a-šur-be-el-a-wa-tim ḫa-bu-lu šu-ku-bu-u
2026-06-13 12:01:40,040 [INFO] Translation: Iddin-abum owes 24 minas of silver to Aššur-bēl-awātim, the merchant, and his te
2026-06-13 12:01:40,041 [INFO] Translating: 0.5 gín a-šùr-ma-lik pá-ni-am i-na-pá-al 0.5 gín kù.babbar a-mur-utu i-na-pá-al 
2026-06-13 12:01:46,730 [INFO] Translation: 1.5 shekel Aššur-malik owes to the price of 1 mina and 21.8666 grains. In accord
2026-06-13 12:01:46,731 [INFO] Translating: a-na iš-du-ki-in qí-bí-ma um-ma a-šur-mu-ta-bi₄-il₅-ma ú-nu-ut-kà ša-al-ma-at -a
2026-06-13 12:01:53,710 [INFO] Translation: To Išdu-kēn from Aššur-muttabbil: Why is it that you wrote me about, when he doe
2026-06-13 12:01:53,711 [INFO] Translating: 8 ma-na kù.babbar ṣa-ru-pá-am da-dí-a dumu en-na-nim i-na ší-im síg.ḫi.a ša ú-ší
2026-06-13 12:01:57,993 [INFO] Translation: 2 minas of refined silver Dadiya son Of Ennānum owes to Aššur-imittī,
2026-06-13 12:01:57,994 [INFO] Translating: a-na a-šur-ni-im-ri qí-bi₄-ma um-ma kur-bi₄-ì-lí-ma e-ma-ru a-na na-áb-ri-tim-ma
2026-06-13 12:02:07,702 [INFO] Translation: To Aššur-nimrī from Kurbi-ilī: Why is it that you wrote me about, and I have not
2026-06-13 12:02:07,704 [INFO] Translating: a-na šu-ištar ú qí-bi-ma um-ma ma-num-ba-lúm-a-šur-ma a-na šu-ištar qí-bi-ma a-n
2026-06-13 12:02:21,073 [INFO] Translation: Say to Šu-Ištar and questioned Mannum-balšm-Aššur: Why is it that you wrote me a
2026-06-13 12:02:21,076 [INFO] Translating: 3.6666 ma-na kù.babbar a-na ma-ma-i-im a-šu-mì a-šur-ta-ak-lá-ku lugal-sú-in iš-
2026-06-13 12:02:34,420 [INFO] Translation: Seal of Aššur-taklāku, Lugal-Suen, is owed by Šu-Ištar; 5 minas <gap> shekels fo
2026-06-13 12:02:34,422 [INFO] Translating: da-a-sú ù ú-kúl-tù-šu ša ki-ta-a iš-tù bu-ru-uš-ḫa-tim a-dí a-lim e-lá-ma iš-qúl
2026-06-13 12:02:45,757 [INFO] Translation: The daughter of Damiq-pī-Aššur and Ukultus that Elamma have been paid with Buruš
2026-06-13 12:02:45,759 [INFO] Translating: a-na e-na-nim ù a-lá-ḫi-im qí-bi₄-ma um-ma man-a-šùr-ma a-na e-na-nim qí-bi₄-ma 
2026-06-13 12:02:59,018 [INFO] Translation: To Ennam-Aššur and Ali-ahum from Man-mahir: As for the 0.5 mina 2 shekels of sil
2026-06-13 12:02:59,021 [INFO] Translating: um-ma ša ki-ma ku-wa-tí-ma a-na en-um-a-šur qí-bi₄-ma 21 gú 40 ma-na urudu 1 gú 
2026-06-13 12:03:12,212 [INFO] Translation: Thus Kuwatti, say to Ennam-Aššur: 21 talents 40 minas of good copper, 1 guaranto
2026-06-13 12:03:12,214 [INFO] Translating: a-na 4 gú an.na a-wi-it e-lá-ma 4 ma-na 15 gín.ta da-tum 17 ma-na an.na ik-šu-sú
2026-06-13 12:03:25,609 [INFO] Translation: Say to 4 talents of tin that Elamma owes 40 minas 15 shekels for silver, 17 mont
2026-06-13 12:03:25,610 [INFO] Eval progress: 100/500
2026-06-13 12:03:25,612 [INFO] Translating: 0.3333 ma-na 3 gín kù.babbar a-na sú-sá-a a-šu-mì a-al-du₁₀ áš-qúl igi en-na-nim
2026-06-13 12:03:29,298 [INFO] Translation: 1 mina 3 shekels of silver for Susaya.
2026-06-13 12:03:29,300 [INFO] Translating: a-na tám-kà-ri-im qí-bi-ma um-ma šu-ištar-ma 9 ma-na kù.babbar ṣa-ru-pá-am ku-nu
2026-06-13 12:03:42,510 [INFO] Translation: To Tamkarum from Šu-Ištar: 9 minas of refined silve
2026-06-13 12:03:42,513 [INFO] Translating: a-na a-lá-ḫi-im qí-bi-ma um-ma sig₅-pí-i-a-šur-ma ù man-a-šur i-na ḫa-ḫi-im ú-nu
2026-06-13 12:03:54,547 [INFO] Translation: To Ali-ahum from Damiq-pī-Aššur and Man-mahir; specifically to the City as witne
2026-06-13 12:03:54,549 [INFO] Translating: kišib i-dí-im dumu a-šur-du₁₀ kišib šu- kišib a-šur--šu-um ša a-lu-lá-a ša a-dí
2026-06-13 12:04:01,472 [INFO] Translation: From Iddin-abum son of Aššur-ṭāb to Šu-<gap> sealed by Alulaya, before Adida.
2026-06-13 12:04:01,475 [INFO] Translating: a-na šál-ma-a-šur kišib ma-ma-ḫi-ir 1.5 ma-na urudu a-na qá-tí-šu-nu ú-ra-dí
2026-06-13 12:04:03,967 [INFO] Translation: To Šalim-Aššur; seal of Man-mahir;
2026-06-13 12:04:03,970 [INFO] Translating: i-šu-šu-um um-ma i-na-aḫ-dingir-ma kù.babbar šu-qú-ul a-we-lúm kù.babbar ú-ša-áš
2026-06-13 12:04:17,460 [INFO] Translation: Thus Iššu-šamšī, say to Inah-ilī: As for these proceedings, which you wrote me a
2026-06-13 12:04:17,463 [INFO] Translating: a-na-kam ù me-er-ú ša-bu-ú a-na ṭup-pì-im ta-da-nim igi ṣa-bi₄-im 10 a-šur-ma-li
2026-06-13 12:04:28,895 [INFO] Translation: Say to the merchant and my seals, as follows: 10 Aššur-mālik Epuli have been bro
2026-06-13 12:04:28,897 [INFO] Translating: 2 gín kù.babbar iš-tí i-tur₄-dingir dumu puzur₄-a-na 2 ší-ni-šu ší-né-en ša wa-a
2026-06-13 12:04:40,535 [INFO] Translation: 1 shekel of silver is owed by Itūr-ilī son oF Puzur-Anna. 2 šinišus belonging to
2026-06-13 12:04:40,537 [INFO] Translating: kišib zu-ba dumu en-na-nim kišib puzur₄-iškur dumu i-dí-ištar a-lá-bu-um dumu zi
2026-06-13 12:04:47,755 [INFO] Translation: The Zuba son of Ennānum seized us against Puzur-Ištar, they will pay in time whe
2026-06-13 12:04:47,758 [INFO] Translating: 1 ṭup-pá-am ša bi-zi-lá ù ištar-lá-ma-sí qá-sá ša ištar-lá-ma-sí 2 qá-áb-li-a-ti
2026-06-13 12:05:00,212 [INFO] Translation: Seal of Bizila and Ištar-lamassī, 2 qablī-attorneys belonging to
2026-06-13 12:05:00,215 [INFO] Translating: ša ni-iš a-lim ù ru-ba-im ta-mu-ú kà-i-lá ma-nu-ba-lu-um-a-šur a-ša-a-al-kà ṭup-
2026-06-13 12:05:13,730 [INFO] Translation: Seal of Niš, Ali-ahum and Rubaim, the merchant, Mannu-balum-Aššur seized us agai
2026-06-13 12:05:13,731 [INFO] Translating: 3 ma-na an.na ku-nu-ki ša i-ku-pí-ištar dumu i-ku-a-a a-na ì-lí-a-lim dumu sú-kà
2026-06-13 12:05:25,143 [INFO] Translation: 2 minas of tin under my seal to Ikūn-pī-Ištar, son Of Sukkalliya, with Šu-Kūbum,
2026-06-13 12:05:25,146 [INFO] Translating: um-ma a-šur-ma-sú-wi-ma a-na a-šur-na-da ù en-nam-a-šùr qí-bi₄-ma a-na en-nam-a-
2026-06-13 12:05:37,584 [INFO] Translation: Say to Aššur-massuʾī, saying: As for the 5 shekels of silver I gave you a tablet
2026-06-13 12:05:37,586 [INFO] Translating: šu-be-lúm dumu i-dí-a-bi₄-im a-na puzur₄.ištar dumu da-da iṣ-ba-at-ni-a-tí-ma um
2026-06-13 12:05:50,882 [INFO] Translation: Say to Puzur-Ištar son of Dada, thus Šu-Bēlum, sealed by Iddin-abum: As for your
2026-06-13 12:05:50,885 [INFO] Translating: 8 ma-na kù ṣa-ru-pá-am i-ṣé-er i-dí-a-bi₄-im ku-la i-šu iš-tù ḫa-mu-uš-tim ša ḫa
2026-06-13 12:06:03,650 [INFO] Translation: Two minas of refined silver Iddin-abum owes to Kula, the priest, and Sukkalliya.
2026-06-13 12:06:03,652 [INFO] Translating: kišib i-pí-lí-is kišib a-šur-na-da dumu a-mur-lu-sú kišib la-qé-pí-im ša e-la-ma
2026-06-13 12:06:17,216 [INFO] Translation: From Ippilis, seal of Aššur-nādā son, Amurrum-bāni, by Lā-qēp, that Elamma and I
2026-06-13 12:06:17,217 [INFO] Translating: 10.75 gín kù.babbar i-ṣé-er a-li-li tù-mì-li-a-i-im a-lá-ḫu-um i-šu iš-tù ḫa-mu-
2026-06-13 12:06:29,131 [INFO] Translation: Tumiliya owes 10.75 shekels of silver to Ali-ahum.
2026-06-13 12:06:29,134 [INFO] Translating: 36 gú síg.ḫi.a ša ì-lí-dan ša i-na é ir-i-bi₄-im i-ba-ší-ú en-um-a-šur iṣ-ba-at 
2026-06-13 12:06:40,083 [INFO] Translation: 16 talents of good quality for Ilī-dan, which I have not paid in Ir'ibum's house
2026-06-13 12:06:40,084 [INFO] Translating: 0.3333 ma-na kù.babbar ṣa-ru-pu-um ki a-we-lá-tim itu.kam be-el-té-kà-lim li-mu-
2026-06-13 12:06:52,050 [INFO] Translation: Sealed by Awēlātum, the price of our first representatives belonging to Dugṣilli
2026-06-13 12:06:52,052 [INFO] Translating: kišib a-šùr-ba-ni a-na šu-pè-e-nu-ma-an dumu ma-lá a
2026-06-13 12:06:54,098 [INFO] Translation: From Aššur-bāni to Šuppenuman son of Mala.
2026-06-13 12:06:54,099 [INFO] Eval progress: 120/500
2026-06-13 12:06:54,100 [INFO] Translating: kišib ib-ni-im kišib id-na-a kišib a-zu-za-a ša be-ú-lá-at puzur₄-ša-du-e ṭup-pu
2026-06-13 12:07:02,906 [INFO] Translation: Seal of Ibni-Adad, seaL owes to Idnāya, by Azuzaya; the proceeds from Bēlāt, Puz
2026-06-13 12:07:02,908 [INFO] Translating: um-ma be-lu-lu-ma a-na aḫ-ša-lim qí-bi-ma i-nu-mì tù-uṣ-ú-ni 1 ma-na kù.babbar a
2026-06-13 12:07:15,446 [INFO] Translation: Thus Bēlum, say to Ah-šalim:
2026-06-13 12:07:15,448 [INFO] Translating: kišib šu-nu-nu dumu a-mur-ištar kišib zu-zu dumu en-um-ì-lí kišib mar.tu-ba-ni d
2026-06-13 12:07:28,034 [INFO] Translation: The Šu-Nūnu son of Amur-Ištar seized us against Zuzu, due from Ennam-ilī, kišib 
2026-06-13 12:07:28,036 [INFO] Translating: 3.3333 ma-na kù.babbar ša iš-tù li-mì-im dingir-ba-ni a-bu-ni a-na puzur₄-sú-in 
2026-06-13 12:07:34,919 [INFO] Translation: Sealed by Dingir-bāni, the price of our firm, I gave to Puzur-Suen for Ebu-ṭāb.
2026-06-13 12:07:34,921 [INFO] Translating: 34 túg ku-ta-ni i-na-pu-lu-nim 3.8333 ma-na ša mì-ší-tim 1.8333 ma-na 3.5 gín ša
2026-06-13 12:07:41,353 [INFO] Translation: 14 -textiles Inapulunum, 3.8333 minas of silver for the proceeds from my investo
2026-06-13 12:07:41,355 [INFO] Translating: 5 ta-ma-la-ku ša ṭup-pí ḫa-ru-mu-tim a-ḫa-ma 2 ta-ma-lá-ku ša i-dí-a-bi-im ù iš-
2026-06-13 12:07:52,364 [INFO] Translation: Iddin-abum and Ištar brought 2 talents of silver for these proceeds from harumut
2026-06-13 12:07:52,366 [INFO] Translating: 5.5 ma-na urudu sig₅ a-na a-we-el-tim tù-um-li-a-tim wa-al-dí-dingir ú-bi-il₅
2026-06-13 12:07:55,821 [INFO] Translation: 2.5 minas of good copper for the proceeds from Tumliya.
2026-06-13 12:07:55,823 [INFO] Translating: 18 ma-na kù.babbar ṣa-ru-pá-am en-um-a-šùr dumu sú-kà-lí-a i-na ší-im síg.ḫi.a š
2026-06-13 12:08:04,936 [INFO] Translation: From Ennam-Aššur son of Sukkalliya to the priest. Witnessed by Assur-imittī,
2026-06-13 12:08:04,938 [INFO] Translating: 0.3333 ma-na 2.5 gín kù.babbar 20 ninda i-ṣé-er tù-wa-ra-a-aḫ-šu a-lá-ḫu-um i-šu
2026-06-13 12:08:09,647 [INFO] Translation: Twarahšu owes 20 black donkeys to Ali-ahum.
2026-06-13 12:08:09,650 [INFO] Translating: 2 gín a-na en-nam-a-šur dumu e-lá-ma a-dí-in 1 gín kù.babbar a-na ra-bi₄-ṣí-šu a
2026-06-13 12:08:18,344 [INFO] Translation: 2 shekels for Ennam-Aššur, son of Elamma, added, 1 grain silver as interest at t
2026-06-13 12:08:18,346 [INFO] Translating: 2 e-ma-re-e a-na 0.5 ma-na 3 gín kù.babbar 2 e-ma-re a-na 0.3333 ma-na 5.5 gín k
2026-06-13 12:08:30,953 [INFO] Translation: 2 emarrees for 0.5 mina 3 shekels of silver, 2 black donkeys and 1 / 4, 1.5
2026-06-13 12:08:30,956 [INFO] Translating: um-ma a-šur-utu-ši ù da-da-a-ma a-na a-lá-ḫi-im qí-bi-ma a-na ma-lá tí-ir-tí-kà 
2026-06-13 12:08:44,045 [INFO] Translation: Thus Aššur-šamšī and Dadaya, say to Ali-ahum: Šu-Illil brings you 3 minas of sil
2026-06-13 12:08:44,047 [INFO] Translating: a-ṣé-er-ša ki-ma dam.gàr bi₄-il₅-ma a ma-lá tí-ir-tí dam.gàr ší-mu-um li-ší-i-ma
2026-06-13 12:08:53,556 [INFO] Translation: From the merchant to Mala, which Adida son of Irad-ilīšu has received a tablet c
2026-06-13 12:08:53,558 [INFO] Translating: a-na a-dí-da ú a-lá-ḫi-im ù ku-ku-lá-nim qí-bi-ma um-ma man-a-šur-ma šu-ma a-da-
2026-06-13 12:09:05,696 [INFO] Translation: To Adida and Ali-ahum from Man-mahir: As for the silver you wrote me about, Enna
2026-06-13 12:09:05,699 [INFO] Translating: 4.5 gú urudu sig₅ 1 gú 20 ma-na urudu lá-mu-nu-um i-na ma-ṣa-ar-tim ša a-mur-a-š
2026-06-13 12:09:19,018 [INFO] Translation: 1 talent 20 minas of good copper, its import duty added, Elamma and Aššur-rē'ī s
2026-06-13 12:09:19,021 [INFO] Translating: kišib ba-ba-zu-a dumu šu-a-nim kišib du₁₀-ṣí-li-a-šur dumu a-li-li kišib šu-išta
2026-06-13 12:09:27,874 [INFO] Translation: The Babazuwa son of Šu-Anum sealed by Duttu-ṣilli-Aššur,
2026-06-13 12:09:27,876 [INFO] Translating: gín kù.babbar i-ṣé-er ga-lu ù ku-lu-ma-an pé-ru-wa i-šu i-na ša-tim ša-tim 6 gín
2026-06-13 12:09:35,597 [INFO] Translation: 1 shekel of silver owed by Galu and Kuluman, Peruwa.
2026-06-13 12:09:35,599 [INFO] Translating: ṭup-pá-am ša 3 ma-na 15 gín kù.babbar ša ḫu-bu-ul a-nu-li a-na a-gi-a dumu puzur
2026-06-13 12:09:43,308 [INFO] Translation: Sealed by 3 minas 15 shekels of silver for Anuli, the tablet fem.
2026-06-13 12:09:43,310 [INFO] Translating: a-na a-lá-ḫi-im qí-bi-ma um-ma sig₅-pí-a-šur man-a-šur ú ṣí-li-a-ma a-dí dumu ḫi
2026-06-13 12:09:55,099 [INFO] Translation: To Ali-ahum from Damiq-pī-Aššur, Man-mahir and Ṣilliya, saying: My dear brothers
2026-06-13 12:09:55,101 [INFO] Translating: 24.3333 ma-na kù.babbar ù ša 3 túg 1 ma-na 7.5 gín ša anše ša 12 túg 4 ma-na ša 
2026-06-13 12:10:07,527 [INFO] Translation: Sealed by 3 textiles and 1 mina 7.5 shekels of silver for the proceedings from 3
2026-06-13 12:10:07,528 [INFO] Eval progress: 140/500
2026-06-13 12:10:07,530 [INFO] Translating: 1 gú 20 ma-na urudu sig₅ ša tí-iš-mur-ur-na a-na šu-zu-zu aḫ-bu-ul-šum urudu ša-
2026-06-13 12:10:13,832 [INFO] Translation: 1 talent 20 minas of good copper from Tišmur-šamšī to Šu-Zuzu.
2026-06-13 12:10:13,834 [INFO] Translating: kà-ru-um kà-ni-ìš dì-nam i-dì-in-ma ša-lim-a-šùr ù dumu a-mur-ištar ší-bi-šu-nu 
2026-06-13 12:10:24,002 [INFO] Translation: Iddin-abum, Šalim-Aššur and son of Amur-Ištar, seized us against Ali-ahum from t
2026-06-13 12:10:24,004 [INFO] Translating: 1.5 gú 0.6666 ma-na 5 gín an.na iš-tù ni-is-ḫa-tim ni-dí-nu ni-is-ni-iq 11.5 gín
2026-06-13 12:10:32,787 [INFO] Translation: 1.5 talent of tin is owed by Nishattum; our father was brought to you; 11 shekel
2026-06-13 12:10:32,789 [INFO] Translating: a-na en-um-a-šùr qí-bi-ma um-ma lá-qé-ep-ma 20 2 gú síg.ḫi.a šé-ep-ištar ù ša-li
2026-06-13 12:10:44,980 [INFO] Translation: To Ennam-Aššur from Lā-qēp: 20 2 talents of good quality, Šeppištar and that you
2026-06-13 12:10:44,982 [INFO] Translating: 0.6666 ma-na 2.83334 gín kù.babbar i li-bi₄-šu-nu a-ḫu-ur
2026-06-13 12:10:46,116 [INFO] Translation: Seal of Libbi-šunu, Ahur.
2026-06-13 12:10:46,118 [INFO] Translating: a-na en-nam-a-šur qí-bi₄-ma um-ma a-lá-ḫu-um ù a-mur-ištar-ma lá li-bi i-li-ma a
2026-06-13 12:10:58,685 [INFO] Translation: To Ennam-Aššur from Ali-ahum and Amur-Ištar: Why is it that you have not paid to
2026-06-13 12:10:58,688 [INFO] Translating: kišib lá-qé-ep dumu šu-a-šur kišib ku-ra dumu i-dí-a-šur kišib a-šur-lá-ma-sí 12
2026-06-13 12:11:11,829 [INFO] Translation: The Lā-qēp son of Šu-Aššur seized us against Kura, Suen-damiq-pī-Assi, 12.5 mina
2026-06-13 12:11:11,831 [INFO] Translating: i-nu-mì i-dí-a-bu-um a-na a-lim i-lu-ku 2 ma-na kù.gi i-na na-ru-qí-šu ki um-me-
2026-06-13 12:11:25,154 [INFO] Translation: Thus Iddin-abum, say to Ali-ahum: 2 minas of gold in Naruqišu, with Ummī-Anum th
2026-06-13 12:11:25,156 [INFO] Translating: i-na ṣí-ba-at ṭup-pí-im 12 ma-na ḫa-bu-lá-ku ú iš-ta- mì-nam lá-dí-na-kum
2026-06-13 12:11:27,756 [INFO] Translation: To Ṣilli-Adad from the week of 12 minas habulāku and Ištar.
2026-06-13 12:11:27,758 [INFO] Translating: um-ma en-nam-a-šur-ma ù da-dí-a-ma a-na e-lá-ma qí-bi₄-ma 30-ma-na kù.babbar ša 
2026-06-13 12:11:40,989 [INFO] Translation: Thus Ennam-Aššur and Dadiya, say to Elamma: 30 minas of silver that Assur-rē'ī b
2026-06-13 12:11:40,992 [INFO] Translating: a-na ku-li-a qí-bi-ma um-ma a-ba-ba-a-a-ma a-na-kam 1.3333 ma-na kù.babbar ša a-
2026-06-13 12:11:54,570 [INFO] Translation: Say to Kuliya, thus Ababaya: As for 1 mina of silver, which you have not paid at
2026-06-13 12:11:54,572 [INFO] Translating: 2 ú-kà-pu-ú e-dí-ú tum ša iš-tí du-du-ú a-na kà-ar-pá-at ú na-bi-it ṭá-áb-tim al
2026-06-13 12:12:06,628 [INFO] Translation: Sealed by Eddin-abum, the price of 10 black donkeys in Dudu's house to Karpat an
2026-06-13 12:12:06,630 [INFO] Translating: 1.5 gín kù.babbar a-na a-šur-ma-lik 1 gín a-na ba-ba-a-a gín a-na šu-ku-bi₄-im i
2026-06-13 12:12:08,854 [INFO] Translation: 1.5 shekel of silver for Aššur-malik;
2026-06-13 12:12:08,857 [INFO] Translating: en-um-a-šur a-na i-na-aḫ-dingir iṣ-ba-at-ni-a-tí-ma um-ma en-um-a-šur-ma a-na i-
2026-06-13 12:12:21,716 [INFO] Translation: From Ennam-Aššur to Inah-ilī, Iṣbatnī-Attī: Why is it that Ali-ahum has not paid
2026-06-13 12:12:21,719 [INFO] Translating: i-na a-wa-at im mì-ḫu-um ù sá-as-qí-um
2026-06-13 12:12:23,017 [INFO] Translation: To Awaya from Mihum and Sasqiya.
2026-06-13 12:12:23,020 [INFO] Translating: 4.3333 ma-na 5 gín.ta an.na bi₄-il₅-tám a-dí za-al-pá ik-šu-dam 0.6666 ma-na 5 g
2026-06-13 12:12:35,634 [INFO] Translation: Seal of Zalpa, Ikūn-pī-Aššur, 0.5666 mina 5 shekels for the silver is owed by Zā
2026-06-13 12:12:35,636 [INFO] Translating: kišib a-ba-ba a-na a-lá-ḫi-im dumu šál-ma-a-šur
2026-06-13 12:12:37,690 [INFO] Translation: From Ababa to Ali-ahum son of Šalim-Aššur.
2026-06-13 12:12:37,692 [INFO] Translating: a-na ma-nu-ki-a-šùr dumu a-šùr-du₁₀ ù a-ḫa-tim dumu ší-na-na-tim kišib ú-ṣur-ša-
2026-06-13 12:12:42,946 [INFO] Translation: Say to Mannum-kī-Aššur son of Assur-ṭāb and Ahātum sealed by
2026-06-13 12:12:42,948 [INFO] Translating: ni-kà-sí ma-aḫ-ri-ni i-dí-a-bu-um ù ša-lim-a-šùr i-sí-ú a-na mu-lá-a 10 ma-na kù
2026-06-13 12:12:55,870 [INFO] Translation: Iddin-abum and Šalim-Aššur seized us against Mulaya, 10 minas of silver that Iss
2026-06-13 12:12:55,873 [INFO] Translating: um-ma ku-du-du-ma a-na mu-za ù en-nam-a-šur qí-bi₄-ma 17 ma-na urudu ší-kam a-na
2026-06-13 12:13:08,007 [INFO] Translation: Say to Muza and Ennam-Aššur: 17 minas of washed copper for Kanaya, the silver, i
2026-06-13 12:13:08,008 [INFO] Eval progress: 160/500
2026-06-13 12:13:08,011 [INFO] Translating: 20 2 gú síg.ḫi.a 94 maš-ku 10 anše.ḫi.a ṣa-lá-mu a-ḫa-ma 12 ú-kà-pu ša qá-ra-bi-
2026-06-13 12:13:21,327 [INFO] Translation: 20 2 talents of good quality, 94 black donkeys, 10 barley from the colony and wh
2026-06-13 12:13:21,329 [INFO] Translating: 3 ma-na 16.1666 gín kù.babbar ki-ma a-šùr-ma-lik dumu lu-zi-na a-šùr-gal dumu ma
2026-06-13 12:13:27,625 [INFO] Translation: 2 minas 16.1666 shekels of silver, its import duty added, Aššur-malik, son, Sukk
2026-06-13 12:13:27,627 [INFO] Translating: kišib en-um-a-šur dumu ištar-lá-ma-sí kišib in-ba-a-šur dumu pì-lá-aḫ-sú-in kiši
2026-06-13 12:13:38,222 [INFO] Translation: From Ennam-Aššur son of Ištar-lamassī, sealed by Innāya, the merchant and Puzur-
2026-06-13 12:13:38,224 [INFO] Translating: -na gír ša a-šur iṣ-ba-at-ma a-šur-ma-lik dumu utu-na-ṣí-ir pí-šu iš-me a-šur-ta
2026-06-13 12:13:46,930 [INFO] Translation: To the City of Aššur's dagger, which Assur has received a tablet concerning Šama
2026-06-13 12:13:46,932 [INFO] Translating: kišib ì-lí-áš-ra-ni dumu a-šur-du₁₀ kišib šu-sú-in dumu da-dí-im kišib e-nu-bé-l
2026-06-13 12:13:59,469 [INFO] Translation: The Ilī-ašrannī son of Aššur-ṭāb seized us against Ennam-Bēlum, when they will p
2026-06-13 12:13:59,470 [INFO] Translating: kišib ḫa-nu-nu-dub.sar li-ip-tí-ištar dumu lá-li-im ù ú-ṣur-ša-ištar a-na a-la-ḫ
2026-06-13 12:14:05,142 [INFO] Translation: Seal of hanunu-dubsar, Lipit-Ištar son Of Lā-qēp and Uṣur-ša-Iddin-abum, to Ali-
2026-06-13 12:14:05,144 [INFO] Translating: 3 gín kù.babbar a-gi-a na-áš-a-ki-im 3 gín kù.babbar puzur₄-a-šùr na-áš-a-ki-im 
2026-06-13 12:14:11,842 [INFO] Translation: 2 shekels of silver Agiya, Našakum, 3 grains, sealed by Puzur-Aššur, Pūš-Akkadia
2026-06-13 12:14:11,844 [INFO] Translating: 1 ma-na kù.babbar a-na a-šur-ma-lik dí-in-šu-ma i-na ša na na-ru-qí-im i-na ša l
2026-06-13 12:14:22,334 [INFO] Translation: 1 mina of silver for Aššur-malik, Dīn-šamšī, the priest,
2026-06-13 12:14:22,336 [INFO] Translating: 15 gín kù.babbar i-na li-bi₄ i-ri-ší-im dumu a-mur-utu iš-tù ḫa-mu-uš-tim ša i-n
2026-06-13 12:14:27,440 [INFO] Translation: Sealed by Irišum son of Amur-Šamaš.
2026-06-13 12:14:27,442 [INFO] Translating: a-na ša-zu-a ša-lim-ma ú bi-ta-a
2026-06-13 12:14:28,870 [INFO] Translation: Say to Šazuwa and Bēlum-bītaya.
2026-06-13 12:14:28,872 [INFO] Translating: um-ma e-la-ma ù a-šur-dan-ma a-na a-mur-ištar a-šur-na-da ù ku-ni-lim qí-bi₄-ma 
2026-06-13 12:14:41,852 [INFO] Translation: Thus Elamma and Aššur-ṭāb, say to Amurrum-bāni: Iddin-Ištar brings you 7 minas 1
2026-06-13 12:14:41,854 [INFO] Translating: a-na ku-ku-zi-a lá-qé-ep ù a-na-a-na qí-bi-ma um-ma en-um-a-šùr-ma a ma-la ú-ša-
2026-06-13 12:14:54,352 [INFO] Translation: Say to Kukuziya, Lā-qēp and Anana from Ennam-Aššur: Why is it that you wrote me 
2026-06-13 12:14:54,354 [INFO] Translating: ša-lim-a-šùr ù šu-be-lúm dumu i-dí-a-bi₄-im ni-kà-sí ma-aḫ-ri-ni i-sí-ú-ma 1 gú 
2026-06-13 12:15:07,924 [INFO] Translation: Salim-Aššur and Šu-Bēlum, son of Iddin-abum seized us against Mahhrini, Issu-ari
2026-06-13 12:15:07,926 [INFO] Translating: kišib a-šùr-e-mu-qí kišib en-nam-a-šùr dumu me-na-a kišib i-dí-a-bi-im ša ḫu-bu-
2026-06-13 12:15:20,310 [INFO] Translation: The Aššur-emūqī seized us against Ennam-Assur son of Menaya, by Iddin-abum. 13 m
2026-06-13 12:15:20,312 [INFO] Translating: um-ma i-ku-pí-a-ma a-na en-um-a-šùr i-dí-a-bi-im ù lá-qé-ep qí-bi-ma 10 ma-na kù
2026-06-13 12:15:33,715 [INFO] Translation: Thus Ikūn-pīya, say to Ennam-Aššur, Iddin-abum and Lā-qēp:
2026-06-13 12:15:33,718 [INFO] Translating: a-na kur-ub-ištar i-ku-pì-a šu-ištar a-dí-da ù a-mur-ištar qí-bi-ma um-ma ša-lim
2026-06-13 12:15:47,056 [INFO] Translation: Ikūn-pīya, Šu-Ištar, Adida and Amurrum-bāni; specifically to Kurub-Istrat, sayin
2026-06-13 12:15:47,057 [INFO] Translating: 1.6666 ma-na 5 gín kù.babbar ku-nu-ki ša šu-ḫu-bur a-na a-lá-ḫi-im e-zi-bu ki-ma
2026-06-13 12:15:57,883 [INFO] Translation: Sealed by Šu-hubur to Ali-ahum, Ezibu, saying: Aššur-bēl-šadu'e owes 5 shekels o
2026-06-13 12:15:57,886 [INFO] Translating: a-na en-um-a-šur qí-bi-ma um-ma lá-qé-ep-ma a-na-ku ú en-na-num a-na é ḫu-ur-ší-
2026-06-13 12:16:11,413 [INFO] Translation: Say to Ennam-Aššur, thus Lā-qēp: As for your father's dagger and said: Why is It
2026-06-13 12:16:11,416 [INFO] Translating: 2 ma-na kù.babbar ší-im-tum ša ṭup-pí-šu ḫa-ar-mì-im 12 gín ù 2 sú-pu-ú sig₅ ṣí-
2026-06-13 12:16:25,094 [INFO] Translation: 1 mina of silver that has received 12 shekels and 2 black donkeys from his wife,
2026-06-13 12:16:25,097 [INFO] Translating: da-a-a-nu dí-nam i-dí-nu-ma 6 gín kù.babbar ša kà-áp-sí-a dam.mí a-lá-bí-im a-na
2026-06-13 12:16:38,545 [INFO] Translation: From Damiq-pī-Aššur to Buṣi, son of Iddin-Iškur, he will pay 6 shekels, one mont
2026-06-13 12:16:38,546 [INFO] Eval progress: 180/500
2026-06-13 12:16:38,548 [INFO] Translating: kišib dingir-na-da dumu ba-zi-a kišib en-nam-a-šùr dumu kà-ri-a kišib ki-ta-a ša
2026-06-13 12:16:50,295 [INFO] Translation: Seal of Dingir-nādā, son Of Baziya, by Ennam-Aššur, Ṣilli-Adad, the priest, whic
2026-06-13 12:16:50,297 [INFO] Translating: i-dí-a-bu-um é-tí ša bu-ri-im a-šar ša-lim-a-šùr wa-áš-bu iš-tí tù-ud-ḫa-li-a a-
2026-06-13 12:17:02,102 [INFO] Translation: From Iddin-abum to the City of Šalim-Aššur's house, which his term has received 
2026-06-13 12:17:02,104 [INFO] Translating: 10 gín kù.babbar ṣa-ru-pá-am iš-tù ḫa-mu-uš-tim ša utu-ba-ni ù a-šur-ma-lik a-na
2026-06-13 12:17:13,925 [INFO] Translation: 10 shekels of refined silver from Utubani and Aššur-malik to hamuštum. If he doe
2026-06-13 12:17:13,928 [INFO] Translating: a-na i-sú-rik₁₃ qí-bi-ma um-ma ša-lim-a-šur-ma 1.3333 ma-na kù.babbar ṣa-ru-pá-a
2026-06-13 12:17:27,274 [INFO] Translation: To Issu-arik from Šalim-Aššur: Amur-Aya brings you 1 mina of refined silve
2026-06-13 12:17:27,276 [INFO] Translating: 4 ma-na kù.babbar ša a-mur-utu ú-šé-bi-lá-ni ku-nu-ki-šu ni-ip-ṭur₄-ma 4.3333 gí
2026-06-13 12:17:36,544 [INFO] Translation: 2 minas of silver that Amur-Šamaš owes to Ušeb-ilānu, sealed by Itūr-Ilī and Ašš
2026-06-13 12:17:36,547 [INFO] Translating: kišib šu-ku-bi-im kišib šu-ištar kišib a-mur-a-šur ša 2 gú an.na i-na e-lá an-na
2026-06-13 12:17:48,930 [INFO] Translation: From Šu-Kūbum, seal of Suen-ištar, by Amur-Aššur; to Elamma, and he will pay 2 t
2026-06-13 12:17:48,932 [INFO] Translating: a-na sú-ú-a-a ù en-um-a-šur ki a-šur-i-dí
2026-06-13 12:17:51,858 [INFO] Translation: To Suen-aya and Ennam-Aššur; specifically to Assur-idī.
2026-06-13 12:17:51,860 [INFO] Translating: 15 gín kù.babbar en-nam-a-šùr a-na ú-ṣú-ur-pì-a-šur i-dí-in šu-ma i-na a-lim ṭup
2026-06-13 12:18:05,027 [INFO] Translation: 15 shekels of silver Ennam-Aššur seized us against Uṣur-pi-Assur, and they will 
2026-06-13 12:18:05,029 [INFO] Translating: 8.5 gín kù.babbar ki en-na-nim na-pá-ḫi-im 1 gín kù.babbar a-na ninda ša-a-mì-im
2026-06-13 12:18:07,683 [INFO] Translation: 1 shekel of silver is owed by Ennānum;
2026-06-13 12:18:07,686 [INFO] Translating: 18 gín kù.babbar i-ṣé-er ki-da-aḫ-šu ù me-er-i-šu a-lá-ḫu-um i-šu 6 na-ru-uq mì-
2026-06-13 12:18:20,568 [INFO] Translation: 18 shekels of silver, its import duty added, Kidahšu and merchant, Ali-ahum has 
2026-06-13 12:18:20,571 [INFO] Translating: 0.5 ma-na kù.babbar ṣa-ru-pá-am a-ḫa-ma 1 gín ša-du-a-sú mì-ma a-nim a-na i-tur₄
2026-06-13 12:18:31,290 [INFO] Translation: 1 shekel of refined silver for Itūr-ilī, Suen-damiq-pī-son, seal, and Kunnuki, d
2026-06-13 12:18:31,293 [INFO] Translating: 4 gú 42 ma-na urudu iš-tí i-dí-mar.tu 0.5 ma-na bé-ú-la-at ki-ta-a 8 ma-na ki šu
2026-06-13 12:18:43,945 [INFO] Translation: 2 talents 42 minas of good copper owed by Iddin-artu; 0.5 man Bēlāt, Kitaya, 8 m
2026-06-13 12:18:43,947 [INFO] Translating: 17 ma-na ḫu-sá-ru-um 21 gú urudu sig₅ 8 anše ṣa-lá-mu ù ú-nu-sú-nu 20 ma-na ší-k
2026-06-13 12:18:55,801 [INFO] Translation: 17 minas husārum, 21 talents of good copper, 8 black donkeys and under seals, 10
2026-06-13 12:18:55,804 [INFO] Translating: um-ma a-šùr-ša-dí-dingir a-mur-ištar du₁₀-ṣí-lá-a-šùr ì-lí-a-lim a-nu-pí-a ù a-b
2026-06-13 12:19:09,236 [INFO] Translation: Thus Aššur-šadid-ilī, Amurrum-Ištar, Dual-ṣilli-Assur said to Kuliya: Why is it 
2026-06-13 12:19:09,239 [INFO] Translating: ma-na ší-kam ig-ri ša bi₄-il₅-tim a-dí ša-lá-tù-a-ar a-dí-in 20 ma-na ší-kam i-n
2026-06-13 12:19:21,126 [INFO] Translation: Sealed by Bēlum-textiles belonging to Šalatuwar; 20 minas of silver for the copp
2026-06-13 12:19:21,129 [INFO] Translating: a-na a-la-ḫi-im a-ni-na ù a-šur-ma-lik qí-bi-ma um-ma zu-ku-a-ma ma-na kù.babbar
2026-06-13 12:19:34,581 [INFO] Translation: Say to Ali-ahum, Annina and Aššur-malik, thus Zukuwa: My dear brothers, saying: 
2026-06-13 12:19:34,583 [INFO] Translating: a-na a-šur-sig₅ qí-bi₄-ma um-ma a-bu-ša-lim-ma a-na-kam áš-kà-pu ša a-na lú-ùḫ-r
2026-06-13 12:19:47,631 [INFO] Translation: Say to Aššur-rē'ī, thus Abu-šalim: As for what you wrote me about, saying: The s
2026-06-13 12:19:47,632 [INFO] Translating: a-na e-lá-ma ù kur-ub-ištar qí-bi-ma um-ma i-dí-a-šur-ma 2 gú 10 ma-na an.na ku-
2026-06-13 12:19:56,347 [INFO] Translation: Say to Elamma and Kurub-Ištar, thus Iddin-Aššur: 2 talents 10 minas of tin under
2026-06-13 12:19:56,349 [INFO] Translating: i-na 0.8333 ma-na kù.babbar ù 0.3333 ma-na 5 gín ša ší-im ku-ta-nim sig₅ ša i-na
2026-06-13 12:20:03,376 [INFO] Translation: Sealed by 0.8333 mina of silver and its transport tariff paid for these proceedi
2026-06-13 12:20:03,378 [INFO] Translating: 14 gú urudu sig₅ ša-bu-ra-am i-ṣé-er i-dí-a-šur dumu dan-a-šur puzur₄.ištar a-ḫi
2026-06-13 12:20:16,091 [INFO] Translation: 14 talents of good copper, Iddin-Aššur son Of Dan-ašsur; Puzur-Ištar owes to Ikū
2026-06-13 12:20:16,092 [INFO] Eval progress: 200/500
2026-06-13 12:20:16,094 [INFO] Translating: 0.5 ma-na kù.babbar a-na i-dí-a-šur 1.6666 ma-na kù.babbar a-na aḫ-ša-lim šà.ba 
2026-06-13 12:20:23,467 [INFO] Translation: Sealed by Iddin-Aššur;
2026-06-13 12:20:23,470 [INFO] Translating: 22 ma-na é a-šur-i-mì-tí ù ḫu-ni-a 20.5 ma-na ì-lí-a-lúm 10 ma-na lá 15 gín šu-k
2026-06-13 12:20:36,764 [INFO] Translation: Sealed by Aššur-imittī and huniya; 20.5 minas of Ilī-alum;
2026-06-13 12:20:36,766 [INFO] Translating: ra-bi-ṣú-um ša ša-lim-a-šùr a-na en-um-a-šùr ú a-lá-ḫi-im me-er-e ša-lim-a-šùr i
2026-06-13 12:20:50,134 [INFO] Translation: The representatives of Šalim-Aššur seized us and said to Ennam Assur-abum: In ac
2026-06-13 12:20:50,136 [INFO] Translating: um-ma tù-ra-mì-il₅-ma a-na en-um-a-šùr ù šu-ku-bi-im qí-bi-ma a-na en-um-a-šùr q
2026-06-13 12:21:01,261 [INFO] Translation: Thus Turamil, say to Ennam-Aššur and Šu-Kūbum: I shall not be added interest at 
2026-06-13 12:21:01,263 [INFO] Translating: 3 ma-na kù.babbar ṣa-ru-pá-am ša i-ṣé-er šu-ištar ni-mar-ištar ù bu-zi-a a-šur-m
2026-06-13 12:21:14,178 [INFO] Translation: 2 minas of refined silver that Šu-Ištar, Nimar-Issu-ar and Buziya, Aššur-malik o
2026-06-13 12:21:14,180 [INFO] Translating: um-ma la-la-sí-ma a-na a-la-ḫi-im qí-bi₄-ma iš-tù mu.1.šè ṭup-pì-kà ù da-na-tí-k
2026-06-13 12:21:27,424 [INFO] Translation: Thus Lalassī, say to Ali-ahum: Why is it that you have not paid in accordance wi
2026-06-13 12:21:27,426 [INFO] Translating: um-ma dan-a-šur ù en-na-sú-in-ma a-na ir-ma-a-šur qí-bi₄-ma 10 túg.ḫi.a ku-nu-ki
2026-06-13 12:21:40,861 [INFO] Translation: Thus Dan-Aššur and Enna-Suen, say to Ir'am-Assur: 10 textiles under my seals, th
2026-06-13 12:21:40,864 [INFO] Translating: ša-ma -dí-na tí šál-ma-a-šur e-zi-bu al a-bi ú bi lim a nu igi a-na a-lim lu ni-
2026-06-13 12:21:54,173 [INFO] Translation: Thus <gap>, say to Šalim-Aššur, Ezibu, Ali-ahum: Why is it that you wrote me abo
2026-06-13 12:21:54,175 [INFO] Translating: kišib mar.tu-ba-ni dumu šu-nin.šubur ṭup-pu-um ša ší-bu-tí-a ša igi šu-ga-ri-a-e
2026-06-13 12:22:02,301 [INFO] Translation: The merchant son of Šu-Nūnum has been paid for these proceedings with šu-Garriya
2026-06-13 12:22:02,303 [INFO] Translating: a-na a-dí-da ù a-lá-ḫi-im qí-bi-ma um-ma sig₅-pì-i-a-šur 14 gín kù.babbar a-mur-
2026-06-13 12:22:15,513 [INFO] Translation: To Adida and Ali-ahum from Damiq-pī-Aššur: Amur-Ištar brings you 14 shekels of s
2026-06-13 12:22:15,515 [INFO] Translating: 40 ma-na kù.babbar ni-is-ḫa-sú diri ša-du-a-sú ša-bu en-um-a-šùr a-na a-lu-a ù e
2026-06-13 12:22:28,885 [INFO] Translation: The 40 minas of silver, its import duty added, Ennam-Aššur seized us against Alu
2026-06-13 12:22:28,887 [INFO] Translating: um-ma ša-lim-a-šur-ma a-na en-nam-a-šur ù a-lá-ḫi-im qí-bi-ma i-na ṣú-ḫa-ri-a ša
2026-06-13 12:22:41,709 [INFO] Translation: Say to Ennam-Aššur and Ali-ahum: In accordance with the silver of Dadānum's hous
2026-06-13 12:22:41,711 [INFO] Translating: kišib ma-ma-ḫi-ir dumu a-mur-ištar a-na en-nu-um-a-šur
2026-06-13 12:22:43,980 [INFO] Translation: From Man-mahir son of Amur-Ištar to Ennam-Aššur.
2026-06-13 12:22:43,982 [INFO] Translating: 12 ma-na urudu sig₅ a-šu-mì sú-e-im ša la-ba-ar-ša a-na ša-pá-ar-tim i-dí-a-ší-n
2026-06-13 12:22:56,162 [INFO] Translation: 12 minas of good copper that Labarša owes to Šapartum, Iddin-aššur and successor
2026-06-13 12:22:56,164 [INFO] Translating: 2 túg ku-ta-nu 10 gín kù 4 túg lu-bu-šu 2 túg ra-qá-ta-an 2 túg šu-lu-up-kà-ú 1 
2026-06-13 12:23:07,945 [INFO] Translation: To 10 shekels of silver, 2 textiles and 4 black donkeys - all this I gave to you
2026-06-13 12:23:07,947 [INFO] Translating: ma-na kù.babbar i-ṣé-er šu-ištar šu-sú-in i-šu ki kù.babbar šu-ištar uk-ta-al ší
2026-06-13 12:23:18,794 [INFO] Translation: 1 mina of silver Šu-Ištar has received from the week eponymy šu-Suen. Witnessed
2026-06-13 12:23:18,795 [INFO] Translating: ma-na 17 gín a-šur-dùl ma-na lá 1.5 gín en-na-ma-núm -2 ma-na 2 gín a-mur-ištar 
2026-06-13 12:23:26,764 [INFO] Translation: Sealed by Aššur-ṭāb, mana 17 shekels, Šu-Rē'ī, 2 minas 22 second, Ennam-Anum, 1.
2026-06-13 12:23:26,766 [INFO] Translating: i-na ba-áb ḫa-ra-ni-šu ša en-na-sú-in um-ma né-nu-ma igi en-na-sú-in a-na a-šur-
2026-06-13 12:23:40,061 [INFO] Translation: From haranišu to Ennam-Suen, saying: As for the silver, its import duty added, I
2026-06-13 12:23:40,063 [INFO] Translating: a-na en-nam-a-šur i-ku-nim ù a-mur-ištar qí-bi-ma um-ma a-šur-ma-lik-ma a-ma-kam
2026-06-13 12:23:52,168 [INFO] Translation: To Ennam-Aššur, Ikūnum and Amur-Ištar;
2026-06-13 12:23:52,169 [INFO] Translating: 22 ma-na urudu i-ṣé-er a-al-du₁₀ ša tù-ùḫ-pì-a a-al-du₁₀ dumu a-šùr-du₁₀ i-šu ig
2026-06-13 12:23:58,976 [INFO] Translation: 12 minas of good copper, Ali-ahum owes to Tuhpiya, the proceeds from Tūhpīya.
2026-06-13 12:23:58,976 [INFO] Eval progress: 220/500
2026-06-13 12:23:58,979 [INFO] Translating: a-na a-šur-re-ṣí da-dí-a ù en-nam-a-šur qí-bi₄-ma um-ma e-la-ma-ma 24 ma-na kù.b
2026-06-13 12:24:12,200 [INFO] Translation: Say to Aššur-rēṣī, Dadiya and Ennam-Assur, thus Elamma: 24 minas of refined silv
2026-06-13 12:24:12,203 [INFO] Translating: kišib i-ku-pí-a dumu e-dí-na-a kišib i-ri-ší-im dumu a-mur-utu kišib utu.du₁₀ du
2026-06-13 12:24:25,063 [INFO] Translation: From Ikūn-pīya son of Edināya, sealed by Irišum, to Amur-Šamaš, in accordance wi
2026-06-13 12:24:25,065 [INFO] Translating: a-na dam-qá-a qí-bi-ma um-ma ša-at-a-na-ma 10 gín kù.babbar ša a-dí-na-ku-ni ta-
2026-06-13 12:24:37,606 [INFO] Translation: To Damqaya from Šat-Anna: 10 shekels of silver that Adinakuni brought to you and
2026-06-13 12:24:37,608 [INFO] Translating: kišib pá-ru-ur-tim a-na i-dí-a-bi-im dumu na-ar-me-a
2026-06-13 12:24:39,492 [INFO] Translation: Iddin-abum son of Narmeya.
2026-06-13 12:24:39,494 [INFO] Translating: gú síg.ḫi.a 5 maš-ku 22 na-ru-qá-tum 4 anše ṣa-la-mu 3.ta ú-kà-pu ù ú-nu-sú-nu m
2026-06-13 12:24:45,263 [INFO] Translation: The 5 minas of good quality, 22 black donkeys and 4 textiles - all this I gave t
2026-06-13 12:24:45,265 [INFO] Translating: um-ma i-ku-pí-a-ma dan-a-šur ù ša-lim-wa-ar-dí-ma a-na en-um-a-šur qí-bi-ma 2 gú
2026-06-13 12:24:58,693 [INFO] Translation: Thus Ikūn-pīya, Dan-Aššur and Šalim-wardī, say to Ennam-Assur: 2 talents of wash
2026-06-13 12:24:58,696 [INFO] Translating: kišib puzur₄-a-šur dumu i-ku-pí-a kišib dan-a-šur dumu puzur₄-a-šur kišib pè-ru-
2026-06-13 12:25:11,652 [INFO] Translation: The Puzur-Aššur son of Ikūn-pīya seized us against Dan-Assur,
2026-06-13 12:25:11,654 [INFO] Translating: 8 gú 16.5 gín an.na a-wi-it i-dí-sú-in šà.ba 41 ma-na 15 gín an.na qá-dì ša ú-ku
2026-06-13 12:25:24,541 [INFO] Translation: 2 talents 16.5 shekels of tin Iddin-Suen owes to 41 minas and 15 grains from Uku
2026-06-13 12:25:24,543 [INFO] Translating: puzur₄-a-šùr ù ir-ma-a-šur i-na a-lim iṣ-bu-tù-ni-a-tí-ma um-ma ir-ma-a-šùr-ma a
2026-06-13 12:25:37,691 [INFO] Translation: Say to Puzur-Aššur and Ir'am-Assur, thus Iṣbu-tuniatī, saying: I have not paid i
2026-06-13 12:25:37,692 [INFO] Translating: a-na ša ki-ma i-a-tí ù bé-lá-nim kišib en-um-a-šur
2026-06-13 12:25:39,284 [INFO] Translation: To Šamaš-bēlānum seal of Ennam-Aššur.
2026-06-13 12:25:39,286 [INFO] Translating: a-na a-lá-ḫi-im ú i-ku-pì-a-šur qí-bi-ma um-ma a-li-a-ma ṭup-pu-ú ša a-bi₄-ni iš
2026-06-13 12:25:51,973 [INFO] Translation: To Ali-ahum and Ikūn-pī-Aššur from Amurrum-bāni: Why is it that you wrote me abo
2026-06-13 12:25:51,976 [INFO] Translating: i-na 75 ku-ta-ni ša en-na-sú-in ša i-na a-lim a-na lá-ta-a ip-qí-du-ni šà.ba 6 k
2026-06-13 12:26:05,314 [INFO] Translation: Seal of 75 kutānus for Enna-Suen, they will pay interest at Lataya, and we gave 
2026-06-13 12:26:05,315 [INFO] Translating: 1 ku-lu-ma-a 1 a-ta-a ma-nu-ba 1 šu-ištar 1 du₁₀-ṣí-lá-a-šur 1 ba-al-ṭù-a 1 a-lá
2026-06-13 12:26:07,802 [INFO] Translation: Sealed by Kulumaya;
2026-06-13 12:26:07,803 [INFO] Translating: 8.3333 ma-na 4.5 gín kù.babbar ša illat pu-šu-ki-in a-šur-ta-ak-lá-ku il₅-qé 13.
2026-06-13 12:26:12,907 [INFO] Translation: For 4.5 shekels of silver that Aššur-taklāku brought to you.
2026-06-13 12:26:12,909 [INFO] Translating: ṣú-ḫa-ar-kà síg il₅-qé kù.babbar ku-nu-ki-kà li-dí-nam šu-ma da ni ik-šu-da-ni k
2026-06-13 12:26:23,749 [INFO] Translation: From the week of Ilī-qē, sealed by <gap>
2026-06-13 12:26:23,751 [INFO] Translating: a-na a-lá-ḫi-im qí-bi-ma um-ma a-li-a-ma i pá-ni-tí áš-pu-ra-kum um-ma a-na-ku-m
2026-06-13 12:26:37,420 [INFO] Translation: Say to Ali-ahum from Damiq-pī-Aššur: As for the 4 minas 12 shekels of silver, it
2026-06-13 12:26:37,422 [INFO] Translating: iš-tù wa-aḫ-šu-ša-na a-dí kà-né-eš da-tum 1.3333 gín kù.babbar ik-šu-dí 1 gín a-
2026-06-13 12:26:50,566 [INFO] Translation: From Wahšušana to Kanesh, the datum, 1 shekel of silver, its import duty fee pai
2026-06-13 12:26:50,569 [INFO] Translating: a-na ší-ip-ri ša a-lim ù kà-ri-im kà-ni-iš ṣa-ḫe-er-gal qí-bi-ma um-ma ša-lim-a-
2026-06-13 12:27:03,625 [INFO] Translation: To Šēp-Ištar from Ali-ahum and Kanesh, saying: Burušhaddum, the son of Ibaya, ow
2026-06-13 12:27:03,628 [INFO] Translating: a-na a-lá-ḫi-im qí-bi₄-ma um-ma sig₅-pí-a-šur ù man-a-šur a-na-kam i-na ma-ṭá kù
2026-06-13 12:27:16,183 [INFO] Translation: To Ali-ahum from Damiq-pī-Aššur and Man-mahir; specifically to the City as well:
2026-06-13 12:27:16,185 [INFO] Translating: a-na a-lá-ḫi-im a-ni-na be-lúm-ba-ni a-šur-ma-lik a-na be-lúm-ba-ni qí-bi-ma um-
2026-06-13 12:27:29,512 [INFO] Translation: To Ali-ahum from Zukuwa: Why is it that you have not paid to Bēlum-bāni, Aššur-m
2026-06-13 12:27:29,513 [INFO] Eval progress: 240/500
2026-06-13 12:27:29,515 [INFO] Translating: 3.6666 ma-na 2 gín an.na i li-bi₄ a-šur-sipa igi a-šur-dan igi ir-ma-a-šur
2026-06-13 12:27:31,982 [INFO] Translation: Seal of Aššur-rē'ī, by Ir'am-Assur.
2026-06-13 12:27:31,984 [INFO] Translating: a-na a-lá-ḫi-im qí-bi-ma um-ma puzur₄-a-šur 0.5 ma-na 2 gín kù.babbar ku-nu-ki-a
2026-06-13 12:27:44,315 [INFO] Translation: To Ali-ahum from Puzur-Aššur: 0.5 mina 2 shekels of silver, under my seal for En
2026-06-13 12:27:44,317 [INFO] Translating: 3 ma-na an.na ša ik-ri-bi₄-a a-na ší-a-ma-tim a-na a-mur-ištar igi a-šùr-i-mì-tí
2026-06-13 12:27:47,235 [INFO] Translation: 2 minas of tin under my seal to Amur-Ištar.
2026-06-13 12:27:47,237 [INFO] Translating: ṭup-pu-ú ša ḫu-bu-ul i-dí-a-bi₄-im ni-a-im
2026-06-13 12:27:49,115 [INFO] Translation: Sealed by hubul Iddin-abum.
2026-06-13 12:27:49,117 [INFO] Translating: 3 ma-na síg.ḫi.a i-nu-mì 1 ma-na síg.ḫi.a a-na nu-a-im ša-a-al i-ṣú-ra-tim a-dí-
2026-06-13 12:28:02,193 [INFO] Translation: 1 mina of good quality for the proceeds from his working capital to Nuaum, Šāt-A
2026-06-13 12:28:02,195 [INFO] Translating: a-na a-la-ḫi-im qí-bi-ma um-ma a-dí--a-ma a-dí ša a-dí u₄-mì-im a-nim na-ru lu-m
2026-06-13 12:28:14,293 [INFO] Translation: Say to Ali-ahum from Adida: Why is it that you have not paid any single shekel o
2026-06-13 12:28:14,295 [INFO] Translating: i-nu-mì i-dí-a-bu-um a-wa-sú iq-bi-ú 10 ma-na kù.babbar a-na ša-lim-a-šùr i-dí-i
2026-06-13 12:28:26,135 [INFO] Translation: From Iddin-abum to Awāsu: 10 minas of silver for Šalim-Aššur's dagger. If he doe
2026-06-13 12:28:26,138 [INFO] Translating: 0.6666 ma-na 5 gín pá-šu-um ù be-lá-sú 0.5 ma-na pá-ag-ru-um mì-ma a-nim a-na šu
2026-06-13 12:28:29,099 [INFO] Translation: Seal of Paššu-um and Bēlāsu;
2026-06-13 12:28:29,101 [INFO] Translating: a-na a-šur-i-mì-tí qí-bi-ma um-ma a-šur-ba-ni-ma mì-nu-um ša a-na kù.babbar ta-á
2026-06-13 12:28:42,276 [INFO] Translation: Say to Aššur-imittī, thus Šu-Bāni: The merchant you have not paid for my silver,
2026-06-13 12:28:42,278 [INFO] Translating: i-na 1 me-at 30 túg ku-ta-ni e-zi-ib ša kà-ṣa-ri ù ta-ad-mì-qá-tim ša iš-tù e-ká
2026-06-13 12:28:55,540 [INFO] Translation: To 1 mina 30 -textiles of the kaṣāri and Tadmiq-pī-qēp from Ekallum, Urdan-ilī: 
2026-06-13 12:28:55,543 [INFO] Translating: um-ma -ma a-na en-um-a-šùr qí-bi-ma a-šu-mì ša ta-áš-pu-ra-ni um-ma a-ta-ma dumu
2026-06-13 12:29:08,746 [INFO] Translation: Thus says Ennam-Aššur: Why is it that Tašpurannī brought you a tablet concerning
2026-06-13 12:29:08,748 [INFO] Translating: kišib tù-ra-mì-li a-na en-um-a-šùr dumu ša-lim-a-šùr ú šu-ku-bi-im dumu e-na-ma-
2026-06-13 12:29:14,088 [INFO] Translation: Turamilī to Ennam-Aššur son of Šalim-wardī, and the slave-girls from Tūr-Amurrum
2026-06-13 12:29:14,090 [INFO] Translating: a-na a-lá-ḫi-im ba-zi-a ù ma-ar-ša-na tim qí-bi-ma um-ma ma-num-ba-lúm-a-šur-ma 
2026-06-13 12:29:27,337 [INFO] Translation: To Ali-ahum, Baziya and Maršana; specifically to the merchant: In accordance wit
2026-06-13 12:29:27,340 [INFO] Translating: ṭup-pu-um ša en-na-sú-en₆ dumu i-dí-a-bi-im
2026-06-13 12:29:28,819 [INFO] Translation: Sealed by Enna-Suen son of Iddin-abum.
2026-06-13 12:29:28,821 [INFO] Translating: 5.25 gín kù.babbar i ṣí-ba-at 5 ma-na-im kù.babbar a-ḫu-ur 13.25 gín kù.babbar š
2026-06-13 12:29:35,493 [INFO] Translation: 15.25 shekels of silver owed by the secondary quality for 5 minas <gap>, its tra
2026-06-13 12:29:35,495 [INFO] Translating: 14 ma-na kù ṣa-ru-pá-am i-ṣé-er i-dí-a-bi₄-im a-mur-ištar i-šu-ú iš-tù ḫa-mu-uš-
2026-06-13 12:29:45,028 [INFO] Translation: 14 minas of refined silver Iddin-abum owes to Amur-Ištar. He will pay interest a
2026-06-13 12:29:45,030 [INFO] Translating: a-na ku-zi-a du₁₀-ṣí-lá-a-šur ù šé-ep-ištar qí-bi-ma um-ma en-um-a-šur-ma a-na š
2026-06-13 12:29:58,444 [INFO] Translation: Say to Kuziya, Duaṣil-Aššur and Šēp-Ištar, thus Ennam-Assur: Why do you said: In
2026-06-13 12:29:58,448 [INFO] Translating: lu-lu en-nam-a-šur ù a-bu-um-ša-lim ša ki-ma a-šur-du₁₀ dumu e-lá-ma a-na a-šùr-
2026-06-13 12:30:12,014 [INFO] Translation: Thus Ennam-Aššur and Abum-šalim, say to Assur-ṭāb son of Elamma: If he has not p
2026-06-13 12:30:12,016 [INFO] Translating: -a ša iš-tí na-am-e-dim i-na é da-me lugal-sú-in -mu iz-me-ru-ma li-mì 80.8333 m
2026-06-13 12:30:19,961 [INFO] Translation: From Namedum to Lugal-Suen, the price of 80.8333 minas, copper, its import duty 
2026-06-13 12:30:19,962 [INFO] Translating: 0.3333 ma-na 2.5 gín kù.babbar i li-bi₄ a-al-wa-na a-na ḫa-ar-pé a-ni-ú-tim i-ša
2026-06-13 12:30:22,656 [INFO] Translation: Seal of Aalwana, the silver is owed by Ali-awāna.
2026-06-13 12:30:22,658 [INFO] Eval progress: 260/500
2026-06-13 12:30:22,660 [INFO] Translating: a-na ṣí-lu-lu i-ku-pì-a ù a-du-da qí-bi-ma um-ma ša-lim-a-šùr-ma a-na ṣí-lu-lu q
2026-06-13 12:30:35,250 [INFO] Translation: Say to Ṣilulu, Ikūn-pīya and Aduda, thus Šalim-Aššur: The silver you wrote me ab
2026-06-13 12:30:35,252 [INFO] Translating: a be-ú-lá-tí-šu lá i-da-ra-kam lá ta-ga-ra-šu i-nu-mì lu-qú-tám ta-pá-qí-da-ni a
2026-06-13 12:30:47,854 [INFO] Translation: The Bēlātiššu has not paid in time with your father's customers, and we seized u
2026-06-13 12:30:47,856 [INFO] Translating: 51 túg šu-ru-tum ša i-dí-sú-in 35 túg ša a-šur-sipa 32 túg ša šu-ištar 15 túg en
2026-06-13 12:30:55,645 [INFO] Translation: 2 textiles of Iddin-Suen, 35 that Aššur-rē'ī 32 dark donkeys belonging to Šu-Išt
2026-06-13 12:30:55,647 [INFO] Translating: 6.3333 ma-na urudu ú 0.3333 ma-na an.na ki a-šur-ták-lá-ku 2 ma-na lá 5 gín urud
2026-06-13 12:30:59,031 [INFO] Translation: Sealed by Aššur-taklāku;
2026-06-13 12:30:59,033 [INFO] Translating: um-ma kà-ru-um kà-ni-iš-ma a-na ú-bar-tim ša ku-bu-ur-na-at qí-bi-ma a-na-kam me
2026-06-13 12:31:11,652 [INFO] Translation: Thus Kanesh, say to Ubartum: Why is it that Šalim-Aššur brought you a tablet fro
2026-06-13 12:31:11,654 [INFO] Translating: a-lá-ḫu-um ra-bi-ṣa-am a-ba-ba e-pu-ul um-ma a-lá-ḫu-um-ma us-kà-in a ṭup-pì-im 
2026-06-13 12:31:24,972 [INFO] Translation: Thus Ali-ahum, saying: Ababa brought you the colony and representatives of Bēliy
2026-06-13 12:31:24,974 [INFO] Translating: i 6 gú 22 ma-na urudu ša i-dí-mar.tu dumu šu-ḫu-nim a-na e-la-ma ḫa-bu-lu 1 gú 4
2026-06-13 12:31:38,144 [INFO] Translation: The 6 talents 22 minas of copper owed by Iddin-Martu, son oF Šu-hunum, to Elamma
2026-06-13 12:31:38,146 [INFO] Translating: 41 ma-na 11.5 gín kù.babbar ṣa-ru-pá-am ku-nu-ki ša ki-ma ku-a-tí ù ku-nu-ki-a 3
2026-06-13 12:31:51,168 [INFO] Translation: To 41 minas 11.5 shekels of refined silver, its import duty added, his servant, 
2026-06-13 12:31:51,170 [INFO] Translating: um-ma la-ma-sí-ma a-na en-nam-a-šùr ù a-la-ḫi-im qí-bi-ma ta-áš-pu-ra-nim um-ma 
2026-06-13 12:32:04,708 [INFO] Translation: Thus Lamassī, say to Ennam-Aššur and Ali-ahum: As for the silver you have not pa
2026-06-13 12:32:04,710 [INFO] Translating: 12 gín kù.babbar ṣí-ba-at 2 ma-na kù.babbar i li-bi tù-um-li-a-i-im
2026-06-13 12:32:06,441 [INFO] Translation: 12 shekels of silver owed by Tumliya.
2026-06-13 12:32:06,443 [INFO] Translating: 3.5 ma-na 7 gín kù.babbar qá-sú ša ku-ni-lim 4.5 ma-na- gín kù.babbar a-ḫa-ma ma
2026-06-13 12:32:13,350 [INFO] Translation: 1.5 mina 7 shekels of silver that Kunilum owes to you.
2026-06-13 12:32:13,352 [INFO] Translating: um-ma bu-zu-ma a-na e-me-ni 7 gín kù.babbar urudu 2 ma-na en-nu- ub-lá-am ú-lá w
2026-06-13 12:32:24,458 [INFO] Translation: Thus Buzu, say to Emeni: 7 shekels of silver, 2 minas Ennam-ublām brings you the
2026-06-13 12:32:24,461 [INFO] Translating: a-na lá-ma-sà-tim ú ša-lim-ma qí-bi-ma um-ma um-mì-iš-ḫa-ra-ma a-dí-i na-áš-pé-e
2026-06-13 12:32:37,987 [INFO] Translation: To Lamassutum and Šalimma from Ummī-Išhara: Why is it that you wrote me about, a
2026-06-13 12:32:37,989 [INFO] Translating: a-na ù qí-bi₄-ma um-ma i-dí-a-bu-um-ma i-na 1 ma-na kù.babbar ša lá-ma-sú-tum a-
2026-06-13 12:32:50,940 [INFO] Translation: From Iddin-abum to the 1 mina of silver for Lamassutum, Anna-a and Ab-šalim in h
2026-06-13 12:32:50,942 [INFO] Translating: um-ma šu-be-lúm-ma a-na en-na-sú-in ú a-lá-ḫi-im qí-bi₄-ma 11 túg qá-du-um ša ṣú
2026-06-13 12:33:04,780 [INFO] Translation: Thus Šu-Bēlum, say to Enna-Suen and Ali-ahum: 11 textiles from Ṣuhārum under my 
2026-06-13 12:33:04,781 [INFO] Translating: 1 túg a-bar-ni-a-am 1 túg bu-ra-a-am a-na ku-ku-zi dumu sà-aḫ-ri-ì-lí ša ša-lá-t
2026-06-13 12:33:16,618 [INFO] Translation: Sealed by Abarnian, 1 textile for Kukuzi son of Sahrili, that Šalatuwar brought 
2026-06-13 12:33:16,621 [INFO] Translating: ša-lim-a-šùr iṣ-ba-at-ni-a-tí-ma um-ma šu-ut-ma a-na šu-be-lim ù en-na-sú-in-ma 
2026-06-13 12:33:30,177 [INFO] Translation: Say to Šu-Bēlum and Ennam-Suen: I have not paid 1 talent of good quality for the
2026-06-13 12:33:30,179 [INFO] Translating: 4 ku-ta-ni ša qá-tim 3 túg tí-sà-bi ša na-aḫ-ri-a 5 túg ni-ib-ra-ru ša za-al-pá 
2026-06-13 12:33:38,996 [INFO] Translation: 2 kutānu-textiles belonging to Nāhriya, 5 tisābu owed by Zalpa; 3 minas of silve
2026-06-13 12:33:38,998 [INFO] Translating: 10.6666 gín a-šùr-ma-lik i-lá-qé 0.6666 ma-na 0.8333 gín kàr-wa-a 11 gín iṣ-mì-i
2026-06-13 12:33:46,532 [INFO] Translation: Sealed by Aššur-malik, Ilī-qē; 0.66 6 mina 20.8333 shekels Karwaya, 11 grains of
2026-06-13 12:33:46,534 [INFO] Translating: kà-ru-um ḫa-ḫu-um dí-nam i-dí-in-ma šu-ma šu-be-lúm ù en-na-sú-in me-er-ú i-dí-a
2026-06-13 12:33:58,492 [INFO] Translation: Iddin-abum seized us against Kanesh concerning Šu-Bēlum, and Ennam-Suen said to 
2026-06-13 12:33:58,494 [INFO] Eval progress: 280/500
2026-06-13 12:33:58,495 [INFO] Translating: 1.3333 ma-na 6 gín kù.babbar i pá-ni-tim ḫa-ta-a-ni ù e-wa-ri-mu-ša ub-lu-nim a-
2026-06-13 12:34:06,724 [INFO] Translation: Seal of hatani and Ewarimuša, Ublunum, Ahama;
2026-06-13 12:34:06,727 [INFO] Translating: 4 gú 58 ma-na a-wi-it šu-ištar 24 ma-na 10 gín qá-dum ú-ku-ul-tim ú-ša-qí-il₅ 6.
2026-06-13 12:34:19,472 [INFO] Translation: Seal of Šu-Ištar, 24 minas 10 shekels, under my seaL, and 6.5 grains from the co
2026-06-13 12:34:19,474 [INFO] Translating: um-ma šu-bé-lúm-ma a-na a-la-ḫi-im qí-bi₄-ma ma-la i-na kà-ni-iš ú-na-ḫi-du-kà-n
2026-06-13 12:34:33,025 [INFO] Translation: Thus Šu-Bēlum, say to Ali-ahum: My dear brothers, and you have seized me in Kane
2026-06-13 12:34:33,028 [INFO] Translating: dan-a-šùr sí-ki e-na-sú-in dumu i-dí-a-bi₄-im ú-kà-al-ma a-na ḫa-nu dumu i-tur₄-
2026-06-13 12:34:46,246 [INFO] Translation: Thus Dan-Aššur, says Enna-Suen son of Iddin-abum, and Ukalma, to hanu, due from 
2026-06-13 12:34:46,248 [INFO] Translating: um-ma i-na-sú-in-ma a-na a-lá-ḫi-im qí-bi-ma 1.3333 gín 10 5 še kù.ki ša áb-ni-š
2026-06-13 12:34:57,759 [INFO] Translation: Thus Inna-Suen, say to Ali-ahum: As for the 1 333 shekel 10 talents of tin under
2026-06-13 12:34:57,762 [INFO] Translating: kišib a-šùr-gi-im-li a-na a-zu-ú iš-ta-aḫ-šu ú ni-wa-lá
2026-06-13 12:35:00,124 [INFO] Translation: Seal of Aššur-gimlī; to Azu; Ištahsu and Niwala.
2026-06-13 12:35:00,125 [INFO] Translating: a-na en-um-a-šur kišib -na
2026-06-13 12:35:01,418 [INFO] Translation: To Ennam-Aššur; seal of <gap>
2026-06-13 12:35:01,420 [INFO] Translating: 3 gín kù.babbar a-na e-na-aḫ-dingir 0.25 gín a-na ša ra-qí-tim a-na aḫ.me -ri-im
2026-06-13 12:35:07,136 [INFO] Translation: 2 shekels of silver for Ennah-ilī; 0.25 grain from the proceedings to Šamaš-bāni
2026-06-13 12:35:07,138 [INFO] Translating: 1.6666 gín ša da-at 5 ni-a-tí 0.3333 gín a-na ninda i-na ta-wi-ni-a 2 ma-na urud
2026-06-13 12:35:19,468 [INFO] Translation: Sealed by the 5 shekels of silver, its transport tariff paid for which Tišmurna 
2026-06-13 12:35:19,470 [INFO] Translating: 1.8333 ma-na 3.5 gín kù.babbar a-šùr-na-da dumu er-nu-id 0.5 ma-na 3.5 gín kù.ba
2026-06-13 12:35:33,040 [INFO] Translation: The 1.8333 mina 3.5 shekels of silver Aššur-nādā son, Ernu'id, 0.6 mana, 3:5 gra
2026-06-13 12:35:33,043 [INFO] Translating: a-na ku-ku-a en-na-sú-in ù ú-ṣú-ur-ša-a-šur qí-bí-ma um-ma šu-ištar-ma a-ma-kam 
2026-06-13 12:35:45,944 [INFO] Translation: To Kukuwa, Enna-Suen and Uṣur-ša-Aššur from Šu-Ištar: Why is it that Saniqa has 
2026-06-13 12:35:45,946 [INFO] Translating: um-ma a-šur-utu-ši-ma a-na en-nam-a-šur qí-bi-ma a-na ma-lá ú ší-ni-šu áš-pu-ra-
2026-06-13 12:35:58,939 [INFO] Translation: Thus Aššur-šamšī, say to Ennānum from Mala and Šīn-ilum: Why is it that you wrot
2026-06-13 12:35:58,941 [INFO] Translating: um-ma i-ku-pì-a-ma a-na en-um-a-šur la-qé-pì-im i-dí-a-bi₄-im ù im-pí-lá-aḫ qí-b
2026-06-13 12:36:13,033 [INFO] Translation: Thus Ikūn-pīya, say to Ennam-Aššur, Lā-qēpum, Iddin-abum and Impilah: 10 minas o
2026-06-13 12:36:13,035 [INFO] Translating: 5 gín kù.babbar i-ṣé-er en-um-a-šur lu-zi-i i-šu 1 túg ku-ta-na-am a-na ša-na-at
2026-06-13 12:36:25,411 [INFO] Translation: 2 shekels of silver Ennam-Aššur owes to Luzi, the 1 textile for Šanat, within 5 
2026-06-13 12:36:25,413 [INFO] Translating: 2 me-at 7 ma-na urudu ší-kam ša i-ṣé-er i-tur₄-dingir ù e-lá-li dumu me-er-e puz
2026-06-13 12:36:36,526 [INFO] Translation: Sealed by Itūr-ilī and Elāli son of Mere, Puzur-Anna, Šalim-Aššur will pay 7 min
2026-06-13 12:36:36,529 [INFO] Translating: a-na ša-lim-a-šur qí-bi-ma um-ma en-nam-a-šur-ma ša ki-ma ku-a-tí a-na é-tí-kà e
2026-06-13 12:36:49,681 [INFO] Translation: Say to Šalim-Aššur, thus Ennānum, saying: You have seized me and left your table
2026-06-13 12:36:49,683 [INFO] Translating: a-na a-šur-ni-iw-ri a-la-ḫi-im utu-ba-ni ù nu-ur-ištar qí-bi₄-ma um-ma puzur₄-a-
2026-06-13 12:37:03,104 [INFO] Translation: To Aššur-niwrī, Ali-ahum, Utubani and Nurištar; specifically to Šah-Suen, saying
2026-06-13 12:37:03,107 [INFO] Translating: um-ma ku-ku-a ù šu-ištar-ma a-na en-um-a-šùr qí-bi-ma a-na ma-lá tí-ir-tí-kà ša 
2026-06-13 12:37:16,262 [INFO] Translation: Thus Kukuwa and Šu-Ištar, say to Ennam-Aššur: As for the 1 mina of refined silve
2026-06-13 12:37:16,264 [INFO] Translating: 10 gín kù.babbar a-na i-dí-sú-en dumu en-na-ni-im a-dí-in
2026-06-13 12:37:18,913 [INFO] Translation: 10 shekels of silver for Iddin-Suen son Of Ennānum.
2026-06-13 12:37:18,915 [INFO] Translating: a-na puzur₄-a-šur qí-bi-ma um-ma a-ni-i-a-ni-ma ma-na 13 gín ni-ga-li du₁₀-ṣí-lá
2026-06-13 12:37:31,514 [INFO] Translation: To Puzur-Aššur from Anni-anum: Man-mahir 13 shekels of gold, Duttu-ṣilli-Assur's
2026-06-13 12:37:31,515 [INFO] Eval progress: 300/500
2026-06-13 12:37:31,517 [INFO] Translating: mì-ma a-nim a-šu-ú-ma-an ù ki-kà-ar-ša-an i-ra-dí-ú-ni-ku-nu-tí 10 ma-na áb-na-a
2026-06-13 12:37:42,664 [INFO] Translation: Thus Aššu-uman and Kikaršan, say to Iradi-unikunut: 10 minas of tin under my sea
2026-06-13 12:37:42,666 [INFO] Translating: 15 ma-na urudu ma-sí-um i li-bi a-šur-kà-ší-id dumu ik-ra-a 6 gín kù.babbar ší-i
2026-06-13 12:37:51,213 [INFO] Translation: 15 minas of good copper owed by Aššur-kāšid son Of Ikraya, 6 shekels silver, wit
2026-06-13 12:37:51,215 [INFO] Translating: a-na ša ki-ma i-a-tí en-nam-a-šur ù a-lá-ḫi-im qí-bi-ma um-ma ša-lim-a-šur i-na 
2026-06-13 12:38:16,420 [INFO] Translation: From Ennam-Aššur and Ali-ahum to the City: Why is it what you wrote me about, sa
2026-06-13 12:38:16,423 [INFO] Translating: 2 me-at 21 túg 14.5 ma-na 1 gín kù.babbar it-bu-lu 5 anše ṣa-lá-mu 1.8333 ma-na 
2026-06-13 12:38:49,510 [INFO] Translation: 14.5 minas 1 shekel of silver, its import duty added, 5 black donkeys and 1.8333
2026-06-13 12:38:49,512 [INFO] Translating: 1 me-at 6.5 ma-na urudu ša en-um-a-šùr i li-bi₄ kà-ri-im ší-im urudu a-nim i-na 
2026-06-13 12:39:18,277 [INFO] Translation: 2 minas of copper owed by Ennam-Aššur, when he will pay in their presence. Witne
2026-06-13 12:39:18,279 [INFO] Translating: 0.8333 ma-na 3.5 gín ḫu-sà-ra-am a-na 2.6666 ma-na 0.5 gín i-tur₄-dingir a-na me
2026-06-13 12:39:40,975 [INFO] Translation: 1.8333 mina 3.5 shekels of silver Itūr-ilī has been paid for 2 666 months at the
2026-06-13 12:39:40,978 [INFO] Translating: 2 gín kù.babbar ni-qí-i-šu ša a-šùr-ma-lik dumu a-lá-ḫi-im a-dí-in i-nu-mì ú-ṣú-
2026-06-13 12:40:14,517 [INFO] Translation: 2 shekels of silver that Aššur-malik son Of Ali-ahum brought to you as witnesses
2026-06-13 12:40:14,520 [INFO] Translating: i-na 8 ma-na kù.babbar ṣa-ru-pá-am ša e-lá-lí dumu ištar-pì-lá-aḫ i-na ḫa-ḫi-im 
2026-06-13 12:40:47,807 [INFO] Translation: To 8 minas of refined silve
2026-06-13 12:40:47,809 [INFO] Translating: a-na a-la-ḫi-im dumu šál-ma-a-šur a-ni-na dumu puzur₄-a-na ú a-šur-ma-lik dumu a
2026-06-13 12:41:00,855 [INFO] Translation: Say to Ali-ahum son of Šalim-Aššur, Annina and Puzur-anna; sealed by Zukuwa.
2026-06-13 12:41:00,857 [INFO] Translating: a-šùr-ma-lik a-na itu.3.kam ṭup-pá-am ša ší-be-šu ù ṭup-pá-am ša wa-ba-ar-tim ú-
2026-06-13 12:41:34,155 [INFO] Translation: From Aššur-malik to Itūr-ilī that he will pay in 3 months of silver and its tran
2026-06-13 12:41:34,157 [INFO] Translating: i-ni-ta iš-pu-ra-ma 1 túg a-na 0.3333 ma-na 1 gín kù.babbar a-na dumu wa-al-ḫa-á
2026-06-13 12:41:51,859 [INFO] Translation: Say to Innitya, thus Išpura: 1 textile for 0 mina 11 shekels of silver from Walh
2026-06-13 12:41:51,862 [INFO] Translating: a-na a-lá-ḫi-im qí-bi-ma um-ma i-ku-pí-a ú zu-ku-a 1 gú 30 ma-na an.na-kà ub-lu-
2026-06-13 12:42:22,944 [INFO] Translation: To Ali-ahum from Ikūn-pīya and Zukuwa: 1 talent 30 minas of tin under my seal, U
2026-06-13 12:42:22,945 [INFO] Translating: a-na e-lá-ma qí-bi-ma um-ma a-ḫu-wa-qar-ma ta-áš-pu-ra-am um-ma a-ta-ma ṭup-pu-u
2026-06-13 12:42:30,392 [INFO] Translation: Say to Elamma, thus Ahu-waqar: The tablet concerning Ali-ahum's house and said: 
2026-06-13 12:42:30,393 [INFO] Translating: 10 ma-na kù.babbar ṣa-ru-pu-um ni-is-ḫa-sú diri ša-du-a-sú ša-bu a-na ḫu-bu-li-a
2026-06-13 12:42:36,893 [INFO] Translation: 10 minas of refined silver, its transport tariff paid for hubuliya, which he wil
2026-06-13 12:42:36,894 [INFO] Translating: i-dì-in-ma ša-lim-a-šùr ù dumu a-mur-ištar
2026-06-13 12:42:38,313 [INFO] Translation: Thus Šalim-Aššur and son of Amur-Ištar.
2026-06-13 12:42:38,315 [INFO] Translating: en-um-a-šùr dumu ša-lim-a-šùr a-na a-gi-a dumu i-ku-nim iṣ-ba-at-ni-a-tí-ma um-m
2026-06-13 12:42:45,577 [INFO] Translation: Say to Agiya son of Ikūnum, thus Ennam-Aššur sealed accounts and saying: Why hav
2026-06-13 12:42:45,578 [INFO] Translating: na púzur-a-šùr dumu a-ḫu-wa-qar iš-tù ub-lu-ni-ni šà.ba 4 túg.ḫi.a iṣ-ḫi-ru-ma š
2026-06-13 12:42:53,008 [INFO] Translation: To Puzur-Aššur son of Ahu-waqar from Ublunini: Šaba 4 textiles is owed by the tr
2026-06-13 12:42:53,009 [INFO] Translating: um-ma a-a-ar-tí-ma a-na en-na-sú-in qí-bi-ma a-šu-mì kù.gi iš-tí-ku-nu i-ḫi-id-m
2026-06-13 12:42:59,668 [INFO] Translation: Thus Aarti, say to Enna-Suen: As for these proceedings I shall not send you me a
2026-06-13 12:42:59,668 [INFO] Translating: um-ma pá-ru-ur-tum-ma a-na i-dí-a-bi-im qí-bi-ma a-ḫa-at a-bi-kà me-ta-at um-ma 
2026-06-13 12:43:05,992 [INFO] Translation: Thus Parur-Šamaš, say to Iddin-abum: Why is it that you have not paid in accorda
2026-06-13 12:43:05,992 [INFO] Translating: ṭup-pá-am ša gín ḫu-bu-li ša
2026-06-13 12:43:07,244 [INFO] Translation: From the week of hubuli <gap>
2026-06-13 12:43:07,245 [INFO] Eval progress: 320/500
2026-06-13 12:43:07,246 [INFO] Translating: 1 túg ku-ta-nam a-na 10 gín kù.babbar a šu-ma-li-ba-a-šùr 1 túg a-na 12 gín a-na
2026-06-13 12:43:11,719 [INFO] Translation: Sealed by Šumma-libbi-Aššur; 1 textile for 10 shekels of silver, the proceeds fr
2026-06-13 12:43:11,720 [INFO] Translating: 37 ku-ta-nu qá-du-um ta-ad-mì-iq-tim ša šu-ištar 2 túg ni-is-ḫa-tum 3 gín kù.bab
2026-06-13 12:43:15,741 [INFO] Translation: Sealed by Šu-Ištar, 2 textiles belonging to the City, 3 shekels of silve
2026-06-13 12:43:15,742 [INFO] Translating: kišib kà-ri-im kà-ni-iš kà-ru-um dí-nam i-dí-in-ma ša-lim-a-šùr ṭup-pí-šu ù mì-m
2026-06-13 12:43:22,304 [INFO] Translation: The Kanesh colony gave us for these proceedings, and Šalim-Aššur said to his wif
2026-06-13 12:43:22,305 [INFO] Translating: kišib ištar-ba-ni dumu ás-qú-dim kišib en-nam-a-šùr dumu ì-lí-re-i kišib ku-lu-m
2026-06-13 12:43:29,140 [INFO] Translation: From Ištar-bāni son of Asqudum, sealed by Ennam-Aššur, to Ilī-rēʾī, in accordanc
2026-06-13 12:43:29,141 [INFO] Translating: a-na i-ku-pí-a dan-a-šur ša-lim-ar-dí ù šu-nu-nu qí-bi-ma um-ma en-um-a-šur-ma t
2026-06-13 12:43:36,528 [INFO] Translation: Say to Ikūn-pīya, Dan-Aššur, Šalim-Ardī andŠu-Nunu, thus Ennam Assur: The 3 tale
2026-06-13 12:43:36,529 [INFO] Translating: 5 ú-kà-pu-ú ša 4 anše.ḫi.a zu-ur-zu 4 ma-at-li-iš-ḫu 3 ma-as-ra-du mì-ma a-nim k
2026-06-13 12:43:40,266 [INFO] Translation: 2 black donkeys belonging to Zurzu; 4 matlišhu, 3 miasradu owed by Puzur-Iškur, 
2026-06-13 12:43:40,267 [INFO] Translating: a-na a-lá-ḫi-im qí-bi-ma um-ma zu-ku-a-ma 12 ma-na kù.babbar i-dí-a-šur ḫa-bu-la
2026-06-13 12:43:47,568 [INFO] Translation: To Ali-ahum from Zukuwa: 12 minas of silver Iddin-Aššur owes to you. If he doesn
2026-06-13 12:43:47,569 [INFO] Translating: um-ma a-ta-ta šu-a-nu-um da-na-a ù la-ma-sí-ma a-na a-lá-ḫi-im qí-bi-ma a-na ma-
2026-06-13 12:43:54,940 [INFO] Translation: Thus Atata, Šu-Anum, Danaya and Lamassī, say to Ali-ahum: The tablet concerning 
2026-06-13 12:43:54,941 [INFO] Translating: kišib iškur-pí-la-aḫ dumu a-ni-nim kišib a-šur-lá-ma-sí dumu la-qé-eb kišib na-z
2026-06-13 12:44:01,913 [INFO] Translation: From Iškur-pilah son of Anninum, sealed by Aššurlamassī,
2026-06-13 12:44:01,914 [INFO] Translating: a-na a-šur-re-ṣí en-um-a-šur da-dí-a ú a-ta-a qí-bi₄-ma um-ma e-la-ma-ma um-ma a
2026-06-13 12:44:09,262 [INFO] Translation: Say to Aššur-rēṣī, Ennam-Assur, Dadiya and Ataya, thus Elamma: As for 17 minas o
2026-06-13 12:44:09,262 [INFO] Translating: kišib lá-qé-pì-im dumu i-zi-za-am-dingir a-na a-wa-tim a-ni-a-tim kà-ru-um kà-ni
2026-06-13 12:44:11,117 [INFO] Translation: From Lā-qēp son of Izzizam-ilum to Awātim.
2026-06-13 12:44:11,118 [INFO] Translating: 16 ma-na kù ṣa-ru-pá-am i-ṣé-er a-šùr-eš-tí-kál ù i-dí-a-bi₄-im i-sú-rik₁₃ i-šu 
2026-06-13 12:44:14,126 [INFO] Translation: 16 minas of refined silver Aššur-eštikal and Iddin-abum owe to Issu-arik.
2026-06-13 12:44:14,128 [INFO] Translating: a-na ša-lim-a-šùr qí-bi-ma um-ma en-um-a-šùr-ma ta-áš-pu-ra-am um-ma a-ta-ma kù.
2026-06-13 12:44:21,415 [INFO] Translation: Say to Šalim-Aššur, thus Ennam Assur: The silver of Burušhaddum is owed by your 
2026-06-13 12:44:21,416 [INFO] Translating: 2 né-pí-šu 15 ma-na.ta kù.babbar ṣa-ru-pu-um šu-qú-ul-ta-áš-nu a-ḫa-ma 2 né-pí-š
2026-06-13 12:44:28,688 [INFO] Translation: 15 minas of refined silver, Šu-Qūltašnu owes 2 black donkeys and 13 12 1 / 4 she
2026-06-13 12:44:28,690 [INFO] Translating: ra-bi-ṣú-um ša ša-lim-a-šùr en-um-a-šùr ú a-lá-ḫa-am me-er-e ša-lim-a-šùr iš-a-a
2026-06-13 12:44:35,992 [INFO] Translation: The rabi-ṣulūlī of Šalim-Aššur and Ali-ahum seized us against Amurrum-bāni, sayi
2026-06-13 12:44:35,993 [INFO] Translating: 2 túg ku-ta-ni sig₅ a-na 0.8333 ma-na kù.babbar ta-dí-in 1 túg ku-sí-tù lu-bu-ší
2026-06-13 12:44:42,904 [INFO] Translation: For 0.8333 mina of silver, its import duty added, 1 textile owed by Lubušim, and
2026-06-13 12:44:42,905 [INFO] Translating: i-nu-mì túg.ḫi.a ša šé-pí-a ni-im-nu 2 túg sà-áp-tí-num é.gal-lúm il₅-qé 1 šu-lu
2026-06-13 12:44:47,600 [INFO] Translation: The textiles of Šēp-Iya brought to you, 2 thin -good quality, 1 sappearance and 
2026-06-13 12:44:47,601 [INFO] Translating: um-ma bé-li-a-ma a-na en-um-a-šur ù lá-qé-ep a-na lá-qé-ep qí-bi-ma 8 ma-na kù.b
2026-06-13 12:44:54,608 [INFO] Translation: Thus Bēliya, say to Ennam-Aššur and Lā-qēp: 8 minas of refined silver, its impor
2026-06-13 12:44:54,609 [INFO] Translating: um-ma i-dí-a-šùr-ma a-na a-lá-ḫi-im ḫa-nu-nu e-na-na-tim ù ki-ba-al qí-bi-ma šu-
2026-06-13 12:45:01,924 [INFO] Translation: Thus Iddin-Aššur, say to Ali-ahum, hanunu, Ennānum and Kibal: As for the silver 
2026-06-13 12:45:01,925 [INFO] Translating: 1 ma-na 6 gín ṣa-ru-pu-um dumu e-ra-dí 16 gín kù.babbar ṣí-lá-da-ad é kà-ri-im i
2026-06-13 12:45:03,609 [INFO] Translation: 2 minas 6 shekels of refined silver I gave to the colony.
2026-06-13 12:45:03,609 [INFO] Eval progress: 340/500
2026-06-13 12:45:03,611 [INFO] Translating: um-ma a-šur-ma-lik-ma ù a-mur-ištar a-na a-lá-ḫi-im qí-bi-ma i-na 20 túg.ḫi.a ša
2026-06-13 12:45:10,883 [INFO] Translation: Thus Aššur-malik and Amurrum-Ištar, say to Ali-ahum: In accordance with your 20 
2026-06-13 12:45:10,884 [INFO] Translating: kišib en-na-nim dumu a-lá-bi₄-im kišib a-šùr-na-da dumu ir-nu-id kišib kà-ta-tim
2026-06-13 12:45:16,677 [INFO] Translation: From Ennānum son of Ali-abum, by Aššur-nadā, due to Adad-ellat, seal oF Irnuid, 
2026-06-13 12:45:16,679 [INFO] Translating: um-ma ša-lim-a-šùr-ma a-na ša ki-ma i-a-tí en-um-a-šùr ù a-lá-ḫi-im qí-bi-ma an.
2026-06-13 12:45:24,166 [INFO] Translation: Thus Šalim-Aššur, say to the matter of Ušebilākunutting, I gave you a tablet abo
2026-06-13 12:45:24,167 [INFO] Translating: 20 ma-na kù.babbar ṣa-ru-pu-um iš-tù ḫa-mu-uš-tim ša kà-ší-im a-na 13 ḫa-am-ša-t
2026-06-13 12:45:25,492 [INFO] Translation: 10 minas of refined silver from hamuštum.
2026-06-13 12:45:25,493 [INFO] Translating: kišib pè-ru-a kišib ša-ḫi-iš-nu-ma-an kišib ba-ri-me-a 15 gín kù.babbar i-ṣé-er 
2026-06-13 12:45:31,959 [INFO] Translation: From Peruwa to Šahišnuman, seal of Barrimeya, 15 shekels silve
2026-06-13 12:45:31,960 [INFO] Translating: kišib lá-ba-na-da dumu i-dí-sú-in kišib na-áb-sú-en₆ dumu šu-be-lim kišib i-dí-i
2026-06-13 12:45:38,015 [INFO] Translation: From Labanada son of Iddin-Suen to Adad-rabi, sealed by Nāb-Sūn, that Šu-Bēlum g
2026-06-13 12:45:38,016 [INFO] Translating: igi ku-ra dumu i-dí-a-šur igi en-nam-ì-lí igi i-dí-a dumu i-ku-nim 14 gú 4 ma-na
2026-06-13 12:45:41,433 [INFO] Translation: The Kura son of Iddin-Aššur sealed by Ennam-ilī and Ikūnum.
2026-06-13 12:45:41,434 [INFO] Translating: a-na a-lá-ḫi-im qí-bi₄-ma um-ma ḫa-nu-ma a-na-kam šu-en.líl ša-zu-úz-ta-kà ù a-n
2026-06-13 12:45:48,676 [INFO] Translation: To Ali-ahum from hanu: Šazuztaka and Anna-aku brought 20 shekels of silver for t
2026-06-13 12:45:48,677 [INFO] Translating: 10 gín kù.babbar a-na ni-qé-šu a-na i-ku-pí-a 2 gín a-na me-er-ì-šu a-dí-in 5 gí
2026-06-13 12:45:54,056 [INFO] Translation: 10 shekels of silver for Ikūn-pīya; 2 grains: Adida;
2026-06-13 12:45:54,057 [INFO] Translating: um-ma a-šur-ba-ni-ma a-na a-lá-ḫi-im ù lu-lu qí-bi-ma 0.5 ma-na kù.babbar ku-nu-
2026-06-13 12:46:00,154 [INFO] Translation: Thus Aššur-bāni, say to Ali-ahum and Lulu: 0.5 mina of silver that Ublakunuting 
2026-06-13 12:46:00,155 [INFO] Translating: um-ma ma-ma-ḫi-ir-ma a-na en-um-a-šùr ù lu-lu qí-bi-ma a-na lu-lu qí-bi-ma ma-na
2026-06-13 12:46:07,496 [INFO] Translation: Thus Man-mahir, say to Ennam-Aššur and Lulu: As for the minas of silver you have
2026-06-13 12:46:07,497 [INFO] Translating: kišib en-um-a-šur dumu šu-en.líl kišib šu-ištar dumu šu-ki-tim
2026-06-13 12:46:09,538 [INFO] Translation: From Ennam-Aššur son of Šu-Illil, sealed by Suen-līl;
2026-06-13 12:46:09,539 [INFO] Translating: um-ma a-mur-ištar-ma a-na ku-li-a a-šur-e-nam šál-ma-a-šùr ù mar.tu-ba-ni qí-bi-
2026-06-13 12:46:16,854 [INFO] Translation: Thus Amur-Ištar, say to Kuliya, Šalim-Aššur and Martu-bāni: As for the 1 textile
2026-06-13 12:46:16,856 [INFO] Translating: ki-ma ra-bi₄-ṣú-um ku-ṣú-du-ni-ma a-dí-ni a-na kà-ni-iš lá e-li-a-ni i-na e-lá-i
2026-06-13 12:46:24,725 [INFO] Translation: Thus Kuṣuduni, say to Kanesh, and the silver, its transport tariff paid for your
2026-06-13 12:46:24,727 [INFO] Translating: 14 ma-na kù.babbar ṣa-ru-pá-am i-na ší-im síg.ḫi.a ša ú-ší-na-lam bu-zu-ta-a il₅
2026-06-13 12:46:33,216 [INFO] Translation: 14 minas of refined silver that Buzutaya owes to Aššur-imittī son oF Dudiki, by 
2026-06-13 12:46:33,218 [INFO] Translating: kišib šu-ištar dumu šu-a-a a-na a-wa-tim a-ni-a-tim kà-ru-um kà-ni-iš i-dí-ni-ma
2026-06-13 12:46:40,691 [INFO] Translation: From Šu-Ištar son of Su-Aya to Awatum; the Kanesh colony gave us for his tablet.
2026-06-13 12:46:40,693 [INFO] Translating: a-ba-ú-a be-lu-a a-tù-nu li-ba-ak-nu i-de₈ šu- ú-la ni-iš-pu- kà-ša-dí-im ni-ta-
2026-06-13 12:46:53,904 [INFO] Translation: From Ababaya to Bēluwa, Atunu, Lā-qēpum, Iddin-abum seized us against your fathe
2026-06-13 12:46:53,906 [INFO] Translating: 30 gú urudu sà-ḫi-ra-am ša dur₄-ḫu-mì-it i-na ṣé-er ma-ma-ḫi-ir dumu a-mur-ištar
2026-06-13 12:47:06,176 [INFO] Translation: 10 talents of good copper from Durhumit, which Man-mahir son oF Amur-Ištar owes 
2026-06-13 12:47:06,178 [INFO] Translating: a-na a-mur-a-šur ù a-lá-ḫi-im qí-bi-ma um-ma a-šùr-nim-ri-ma šu-ma ta-áš-ta-na-m
2026-06-13 12:47:19,226 [INFO] Translation: Say to Amur-Aššur and Ali-ahum from Assurnimrī: You have not paid in Purušhaddum
2026-06-13 12:47:19,228 [INFO] Translating: 14 mu-ta-tim 2 e-li-ta-an ku-nu-ku ša šé-ep-ištar ù ša-lim-wa-ar-dí a-na dam išt
2026-06-13 12:47:29,461 [INFO] Translation: 14 minas of good quality, 2 black donkeys, Šēp-Ištar and the slave-girls belongi
2026-06-13 12:47:29,462 [INFO] Eval progress: 360/500
2026-06-13 12:47:29,464 [INFO] Translating: um-ma ša-qí-il₅ da-tim ku-li-a ší-ip-ru-um ša kà-ri-im kà-ni-iš ù kà-ru-um dur₄-
2026-06-13 12:47:42,550 [INFO] Translation: Thus Šaqil, Datum, Kuliya, the price of Kanesh colony, and settled accounts with
2026-06-13 12:47:42,553 [INFO] Translating: a-na a-la-ḫi-im qí-bi₄-ma um-ma ḫa-nu-ma a ma-lá tí-ir-tí-kà šu-ḫu-bu-ur ù a-na-
2026-06-13 12:47:56,062 [INFO] Translation: To Ali-ahum from hanu: Šu-hubur and Anna-aku brought you the silver to me about 
2026-06-13 12:47:56,064 [INFO] Translating: ki-ma me-er-e šál-ma-a-šur a-na qá-ta-tim a-da-ku-nu me-er-ú me-tim né-nu ṭup-pá
2026-06-13 12:48:09,638 [INFO] Translation: Thus Šalim-Aššur, say to the merchant, and specifically as follows: 'I have not 
2026-06-13 12:48:09,640 [INFO] Translating: i-na 4 ma-na kù.babbar ša ḫu-bu-ul puzur₄-en.líl ša ṭup-pí-šu ḫa-ar-mì-im ù 0.5 
2026-06-13 12:48:22,564 [INFO] Translation: To 4 minas of silver that Puzur-Enlil brought to you and its transport fee paid 
2026-06-13 12:48:22,566 [INFO] Translating: i-na 4 ma-na kù.babbar ša na-pá-ḫu iš-qú-lu-ni-ni 0.8333 ma-na 3.3333 gín kù.bab
2026-06-13 12:48:33,992 [INFO] Translation: To 4 minas of silver from Napahu, Išqulu-ninī, 0.8333 mana 3.3363 shekels, its i
2026-06-13 12:48:33,994 [INFO] Translating: 2 ma-na kù.babbar ša ší-im an.na-ki-kà ša i-na tí-me-el-ki-a al-qé-ú 10.3333 gín
2026-06-13 12:48:47,312 [INFO] Translation: 1 mina of silver for the proceeds in Timelkiya's house, its transport tariff pai
2026-06-13 12:48:47,315 [INFO] Translating: a-ba-ba ra-bi-ṣú-um ša é ša-lim-a-šur en-um-a-šur ù ṣí-li-a ša ki-ma a-la-ḫi-im 
2026-06-13 12:49:00,808 [INFO] Translation: Say to Ababa, thus Šalim-Aššur and Ṣilliya: When he was not paid for Iddin-Assur
2026-06-13 12:49:00,811 [INFO] Translating: 5 ma-na ḫu-ša-e i-na kà-ṣí-im a-na ta-ší-a-tim iš-tù qá-ṭá-ra a-dí ḫa-mì-za-nim 
2026-06-13 12:49:12,534 [INFO] Translation: 1 mina hušae will pay in the presence of hamizānum; 0.3336 shekel time is owed b
2026-06-13 12:49:12,537 [INFO] Translating: kišib i-dí-a-bi₄-im dumu i-tur₄-dingir kišib ú-nu-ba kišib a-ší-a-at 15 ma-na ur
2026-06-13 12:49:25,304 [INFO] Translation: From Iddin-abum son of Itūr-ilī to Unuba, sealed by Aššiat 15 minas, and they wi
2026-06-13 12:49:25,306 [INFO] Translating: 1 túg ku-ta-nam ša a-šur-ták-lá-ku ša kà-li- lugal-im ub-lam 1 túg ku-ta-nam ša 
2026-06-13 12:49:38,066 [INFO] Translation: 1 textile of Aššur-taklāku owes to Kali, Lugalum, 1 -teg on the colony, which Ah
2026-06-13 12:49:38,068 [INFO] Translating: ša-lim-a-šùr šu-bé-lúm ù en-na-sú-in na-aṣ-bu-tù-ma um-ma šu-bé-lúm-ma a-na ša-l
2026-06-13 12:49:51,049 [INFO] Translation: Say to Šalim-Aššur,Šu-Bēlum and Ennam-Suen, say, thus submitters, as follows: Th
2026-06-13 12:49:51,052 [INFO] Translating: a-na e-la-ma qí-bi₄-ma um-ma a-šur-ma-lik-ma a-na ma-lá ṭup-pí-im ša a-lim 1 ku-
2026-06-13 12:50:04,733 [INFO] Translation: Say to Elamma, thus Aššur-malik: The textiles are well as follows: I have not pa
2026-06-13 12:50:04,736 [INFO] Translating: 1 gín kù.babbar i-na ḫu-ra-ma a-na é ub-ri a-dí-in 12 gín pá-zu-ur-tí túg.ḫi.a i
2026-06-13 12:50:17,778 [INFO] Translation: 1 shekel of silver is owed by hurama; to Ikūn-pīya, the textiles, in Luhusādiya 
2026-06-13 12:50:17,780 [INFO] Translating: 45 ma-na kù.babbar ṣa-ru-pá-am i-ṣé-er ì-lí-dan ù sà-li-a a-ḫi-šu ša-lim-a-šur i
2026-06-13 12:50:31,004 [INFO] Translation: 15 minas of refined silver Ilī-dan and Saliya he will pay in 30 weeks. If they h
2026-06-13 12:50:31,006 [INFO] Translating: um-ma a-lá-ḫu-um-ma a-na šu-ištar ù ištar-lá-ma-sí qí-bi-ma šu-ma ú-ṭá-tum iš-tù
2026-06-13 12:50:43,135 [INFO] Translation: Thus Ali-ahum, say to Šu-Ištar and Āl-ṭāb: As for the 2 talents of good quality,
2026-06-13 12:50:43,137 [INFO] Translating: 11 i-lá-tim ša urudu ku-nu-ku ša en-nam-a-šur ù ra-bi₄-ṣí-im 6 ta-ma-lá-ku ša ṭu
2026-06-13 12:50:54,892 [INFO] Translation: Sealed by 11 textiles belonging to Ennam-Aššur and rabi-ṣulūlī, 6 tammalāku of t
2026-06-13 12:50:54,894 [INFO] Translating: a-na en-um-a-šur qí-bi-ma um-ma šu-nu-nu-ma a-na ma-lá na-áš-pé-er-tí-kà ša a-na
2026-06-13 12:51:08,385 [INFO] Translation: To Ennam-Aššur from Šu-Nūnu: Why is it that you have not paid to me and let him 
2026-06-13 12:51:08,387 [INFO] Translating: a-na ḫi-na-a ù e-la-ma qí-bí-ma um-ma i-dí-a-bu-ma 0.5 ma-na 5 gín kù.babbar ṣa-
2026-06-13 12:51:21,810 [INFO] Translation: To hinnāya and Elamma from Iddin-abum: 0.5 mina 5 shekels of refined silver Enna
2026-06-13 12:51:21,812 [INFO] Translating: a-na a-lá-ḫi-im qí-bi-ma um-ma kà-lu-a-ma tí-ir-tí puzur₄-a-šur ma-la i-lá-kà-ni
2026-06-13 12:51:34,519 [INFO] Translation: To Ali-ahum from Kaluwa: Why is it that Puzur-Aššur brings you my silver and we 
2026-06-13 12:51:34,521 [INFO] Translating: um-ma a-šur-ma-lik-ma ù a-mur-ištar a-na a-lá-ḫi-im qí-bi-ma a-na-kam sí-ki en-n
2026-06-13 12:51:47,941 [INFO] Translation: Thus Aššur-malik and Amurrum-Ištar, say to Ali-ahum: Why is it that Ennam-Suen b
2026-06-13 12:51:47,941 [INFO] Eval progress: 380/500
2026-06-13 12:51:47,943 [INFO] Translating: um-ma i-dí-sú-in-ma a-na en-nam-a-šùr qí-bi₄-ma a-ḫi a-ta be-lí a-ta ší-im túg.ḫ
2026-06-13 12:52:00,557 [INFO] Translation: Thus Iddin-Suen, say to Ennam-Aššur: As for the textiles you wrote me about, I h
2026-06-13 12:52:00,560 [INFO] Translating: um-ma ša-ta-áš-me-tim-ma a-na puzur₄-a-na ú šu-sú-in qí-bi₄-ma be-tum ḫa-bi₄-it-
2026-06-13 12:52:13,915 [INFO] Translation: Thus Šatašmettum, say to Puzur-Anna andŠu-Suen: Why is it that you have not paid
2026-06-13 12:52:13,917 [INFO] Translating: a-na ší-ša-ra a-du-da qí-bi-ma um-ma ša-lim-a-šùr-ma 2 gú 10 ma-na an.na 4 túg k
2026-06-13 12:52:27,335 [INFO] Translation: From Šalim-Aššur: 2 talents 10 minas of tin and 4 textiles under your seals, 5 b
2026-06-13 12:52:27,337 [INFO] Translating: um-ma šál-ma-a-šur-ma a-na en-nam-a-šur qí-bi-ma 1 ma-na kù.babbar ša a-na i-tur
2026-06-13 12:52:39,784 [INFO] Translation: Say to Ennam-Aššur: 1 mina of silver that Itūr-ilī and Elāli sons have been paid
2026-06-13 12:52:39,786 [INFO] Translating: um-ma- ù tám-kà-ru-um-ma a-na ì-lí-iš-tí-kál ù pí-lá-aḫ-ištar qí-bi-ma 30 ma-na 
2026-06-13 12:52:52,591 [INFO] Translation: From <gap> and the merchant to Ilī-ištīkal as witnesses, saying: 'You have not p
2026-06-13 12:52:52,593 [INFO] Translating: 0.3333 ma-na 5 gín kù.babbar ṣa-ru-pá-am ga-al-dá-a ša e-la-ma i-be-i-el ki kù.b
2026-06-13 12:52:59,707 [INFO] Translation: From Galdaya to Elamma, he will pay interest accounts for these proceedings and 
2026-06-13 12:52:59,709 [INFO] Translating: a-na a-dí-da ú a-lá-ḫi-im qí-bi-ma um-ma sig₅-pì-a-šur-ma 22 túg.ḫi.a sig₅ anše 
2026-06-13 12:53:12,775 [INFO] Translation: Say to Adida and Ali-ahum from Damiq-pī-Aššur: 22 textiles of good quality, whic
2026-06-13 12:53:12,777 [INFO] Translating: a-na a-šur- ù a-lá-ḫi-im qí-bi-ma um-ma be-lúm-ba-ni-ma a-ma-kam puzur₄-a-be-eḫ 
2026-06-13 12:53:25,642 [INFO] Translation: Say to Aššur- and Ali-ahum from Bēlum-bāni: As for the 1 mina of silver, its imp
2026-06-13 12:53:25,644 [INFO] Translating: a-na a-lá-ḫi-im ú a-šùr-ma-lik kišib i-dí-a-bi-im
2026-06-13 12:53:28,025 [INFO] Translation: To Ali-ahum and Aššur-malik; seal of Iddin-abum.
2026-06-13 12:53:28,027 [INFO] Translating: 3 gín kù.babbar ṣa-ru-pu-um i-ṣé-er ili₅-ba-ni dumu i-a-a a-ḫa-ma 4.1666 gín 7 0
2026-06-13 12:53:36,561 [INFO] Translation: 2 shekels of refined silver Ilī-bāni son Of Iaya has been paid 4.1666 grains 7 0
2026-06-13 12:53:36,564 [INFO] Translating: um-ma en-um-a-šùr-ma a-na lá-qé-ep ù a-na-na qí-bi-ma mì-šu ša ṣú-ḫa-ru-a a-dí u
2026-06-13 12:53:50,086 [INFO] Translation: Thus Ennam-Aššur, say to Lā-qēp and Annāna: Why is it that you wrote me about, w
2026-06-13 12:53:50,088 [INFO] Translating: um-ma i-li-a-ma a-šur-re-ṣí en-nam-a-šur ù da-dí-a a-na e-lá-ma qí-bi₄-ma 4.3333
2026-06-13 12:54:03,461 [INFO] Translation: Thus Ilīya, Aššur-rēṣī, Ennam-Assur and Dadiya said to Elamma: 4 minas 2.5 sheke
2026-06-13 12:54:03,463 [INFO] Translating: a-na en-nam-a-šur ù a-lá-ḫi-im me-er-e šál-ma-a-šur
2026-06-13 12:54:07,175 [INFO] Translation: Say to Ennam-Aššur and Ali-ahum; the sons of Šalim-assur.
2026-06-13 12:54:07,177 [INFO] Translating: kišib la-qé-pì-im dumu a-šur-ma-lik kišib dan-a-a dumu a-ta-a kišib im-dí-dingir
2026-06-13 12:54:19,397 [INFO] Translation: From Lā-qēp son of Aššur-mālik, sealed by Dan-Aya, to Imdī-ilum, due silver that
2026-06-13 12:54:19,399 [INFO] Translating: kišib mar.tu-ba-ni dumu ma-na-na kišib pu-šu-ke-en₆ dumu sú-e-a a-na a-wa-tim a-
2026-06-13 12:54:25,822 [INFO] Translation: The merchant son of Mannana seized us against Pušu-kēn, Sueyya, when Kanesh colo
2026-06-13 12:54:25,825 [INFO] Translating: a-na a-šur-na-da sú-in-il₅-šu ù en-na-su-in qí-bi-ma um-ma 0.5 lugal-ki-in-ma i-
2026-06-13 12:54:39,023 [INFO] Translation: Say to Aššur-nādā, Suen-ilšī and Ennam-Adad, thus says Wašhaniya: I have not pai
2026-06-13 12:54:39,026 [INFO] Translating: um-ma i- a-na ku-zi-zi-a qí-bi-ma 2 ma-na kù.gi 8 ma-na kù.babbar ku-zi-zi-a ub-
2026-06-13 12:54:50,551 [INFO] Translation: From I<gap> to Kuziziya: 2 minas of silver undergarment - its transport tariff p
2026-06-13 12:54:50,553 [INFO] Translating: 1.3333 ma-na kù.babbar a-mu-ru-um i li-bi₄ a-da-da um dumu šu- 0.3333 ma-na kù.b
2026-06-13 12:55:01,704 [INFO] Translation: Sealed by Adada son of Šu-<gap>
2026-06-13 12:55:01,706 [INFO] Translating: gín kù.babbar iš-tù ḫa-muš-tim ša en-na-nim ku-zi-zi-a il₅-qé-ma a-na itu.6.kam 
2026-06-13 12:55:12,335 [INFO] Translation: From the week of Ennānum, Kuziziya, seized us against Ilī-qēpum and his wife has
2026-06-13 12:55:12,336 [INFO] Translating: 11.25 gín iš-tí a-šur-ba-ni 11 gín iš-tí puzur₄-a-šur 9 gín kù.babbar ša dam ḫa-
2026-06-13 12:55:18,469 [INFO] Translation: 11.25 shekels of silver owed by Aššur-bāni; 11 grains with Puzur Assur;
2026-06-13 12:55:18,470 [INFO] Eval progress: 400/500
2026-06-13 12:55:18,471 [INFO] Translating: kišib a-ta-tí-a dumu en-na-nim kišib a-ḫu-wa-qar dumu a-šur-sipa kišib a-mur-a-š
2026-06-13 12:55:25,164 [INFO] Translation: From Atatiya son of Ennānum, sealed by Ahu-waqar,
2026-06-13 12:55:25,165 [INFO] Translating: kišib ka-ku-a dumu i-dí-ištar kišib puzur₄-iškur dumu i-dí-ištar kišib na-ra-am-
2026-06-13 12:55:32,406 [INFO] Translation: The Kakuwa son of Iddin-Ištar seized us against Puzur-Iskur, that has been broug
2026-06-13 12:55:32,407 [INFO] Translating: um-ma wa-ak-lúm-ma a-na kà-ri-im kà-ni-iš-ki qí-bí-ma a-lu-um dì-nam igi giš.gag
2026-06-13 12:55:38,196 [INFO] Translation: Thus Waklum, say to Kanesh: Aluwa son of Issu-arik has received the silver from 
2026-06-13 12:55:38,197 [INFO] Translating: kà-ru-um dí-nam i-dí-in-ma a-na lu-qú-tim ma-la a-na a-šùr-be-el-a-wa-tim i-pí-i
2026-06-13 12:55:44,865 [INFO] Translation: Iddin-abum seized us against Luqutum, Mala, to Aššur-bēl-awātim and Ippiq-idum: 
2026-06-13 12:55:44,866 [INFO] Translating: um-ma tù-ra-mì-ili₅-ma a-na en-um-a-šùr ù šu-ku-bi-ma qí-bi-ma 35 ma-na an.na i 
2026-06-13 12:55:51,048 [INFO] Translation: Say to Ennam-Aššur and Šu-Kūbum: 35 minas of tin under my seal, its transport ta
2026-06-13 12:55:51,049 [INFO] Translating: um-ma šu-ištar-ma ù la-qé-pu-um-ma a-na tám-kà-ri-im qí-bi-ma 10 ma-na kù.babbar
2026-06-13 12:55:58,397 [INFO] Translation: Thus Šu-Ištar and Lā-qēpum, say to Tamkarum: 10 minas of silver, its import duty
2026-06-13 12:55:58,399 [INFO] Translating: um-ma en-um-a-šur-ma a-na en-na-sú-in ù dingir-ba-ni qí-bi-ma šál-ma-ku lu ḫa-dí
2026-06-13 12:56:05,558 [INFO] Translation: Say to Enna-Suen and Dingir-bāni: Why is it that Šalim-Aššur left with you as fo
2026-06-13 12:56:05,559 [INFO] Translating: i-sú-rik₁₃ a-na a-lim i-lá-ak-ma é-tí-šu ša bu-ri-im a-šar a-ni-i ša-lim-a-šùr w
2026-06-13 12:56:12,512 [INFO] Translation: Thus Issu-arik, say to Ali-ahum:
2026-06-13 12:56:12,513 [INFO] Translating: 3 gín kù.babbar i li-bi ku-ku-lá-nim a-ḫa-ma 0.75 gín kù.babbar šu-ut-ma
2026-06-13 12:56:13,545 [INFO] Translation: 1 shekel of silver is owed by Kukulanum.
2026-06-13 12:56:13,545 [INFO] Translating: a-na a-wa-tim a-ni-a-tim kà-ru-um kà-ni-iš i-dí-ni-ma igi gír ša a-šùr ší-bu-tí 
2026-06-13 12:56:19,808 [INFO] Translation: To Awatum from the City of Kanesh colony, when his daughter has received a table
2026-06-13 12:56:19,809 [INFO] Translating: 1 ma-na 15 gín kù.babbar ṣa-ru-pá-am i-ṣé-er ú-ṣur-ša-a-šur dumu a-ta-ta aḫ-ša-l
2026-06-13 12:56:26,572 [INFO] Translation: 1 mina 15 shekels of refined silve
2026-06-13 12:56:26,573 [INFO] Translating: ta-aḫ-sí-sà-tum ša ší-be ša ší-im síg.ḫi.a ša ú-ší-na-lam
2026-06-13 12:56:28,241 [INFO] Translation: From the week of Tahsisatum, which Šamaš-bāni owes to Ušinalam.
2026-06-13 12:56:28,242 [INFO] Translating: a-na en-nam-a-šur ù a-lá-ḫi-im qí-bi-ma um-ma sig₅-pí-a-šur-ma me-at 60 ṣú-ba-tù
2026-06-13 12:56:35,693 [INFO] Translation: Say to Ennam-Aššur and Ali-ahum from Damiq-pī-Assur: The 60 talents of silver th
2026-06-13 12:56:35,694 [INFO] Translating: 0.3333 ma-na kù.babbar ší-im 2 túg.ḫi.a ša šé-ep puzur₄-a-šùr ša a-šur-be-el-a-w
2026-06-13 12:56:42,887 [INFO] Translation: Seal of 2 textiles that Puzur-Aššur brought to Ali-ahum, and he will pay interes
2026-06-13 12:56:42,888 [INFO] Translating: ṭup-pá-am ša ba-áb dingir ša i-na ku-bu-ur-na-at a-ba-a ú a-na-aḫ-ì-lí ip-qí-du-
2026-06-13 12:56:49,418 [INFO] Translation: Sealed by the City in Kuburnat, Abaya and Anna-ahum from Kanesh to Atata, son of
2026-06-13 12:56:49,419 [INFO] Translating: 1 gín kù.babbar be-lúm-ba-ni 1.5 gín kù.babbar a-šur-iš-tí-kál 1.5 gín en-na-sú-
2026-06-13 12:56:51,700 [INFO] Translation: 2 shekels of silver, Bēlum-bāni, 1.5 grain, Aššur-ištikal,
2026-06-13 12:56:51,701 [INFO] Translating: um-ma en-um-a-šur-ma a-na ma-num-ba-lúm-a-šur ú en-um-a-šur qí-bi₄-ma a-na en-um
2026-06-13 12:56:58,524 [INFO] Translation: Thus Ennam-Aššur, say to Mannum-balum Assur's house, and the matter of Puzur-Ana
2026-06-13 12:56:58,525 [INFO] Translating: kišib e-lá-ma dumu i-dí-sú-en₆ kišib zu-za-a dumu i-sí-ḫi-im kišib en-na-sú-en₆ 
2026-06-13 12:57:02,416 [INFO] Translation: From Elamma son of Iddin-Suen, sealed by Zuzaya,
2026-06-13 12:57:02,417 [INFO] Translating: i-ku-pí-a a-na ra-bi-ṣí-im ša šál-ma-a-šur iṣ-ba-at-ni-a-tí-ma um-ma i-ku-pí-a-m
2026-06-13 12:57:09,336 [INFO] Translation: Thus Ikūn-pīya, say to Rabi-ṣilli-Adad: When Šalim-Aššur brought 40 talents of g
2026-06-13 12:57:09,337 [INFO] Translating: um-ma i-dí-a-bu-um-ma a-na en-um-a-šur ù a-lá-ḫi-im qí-bi-ma a-na-kam 3 gú 55 ma
2026-06-13 12:57:16,151 [INFO] Translation: Thus Iddin-abum, say to Ennam-Aššur and Ali-ahum: As for 3 talents 55 minas of c
2026-06-13 12:57:16,151 [INFO] Eval progress: 420/500
2026-06-13 12:57:16,152 [INFO] Translating: a-na šu-a-šùr ù du-ma-na qí-bí-ma um-ma i-ku-pí-a-ma 2 túg tí-sà-bu ša a-al-du₁₀
2026-06-13 12:57:23,637 [INFO] Translation: To Šu-Aššur and Dumana from Ikūn-pīya: 2 textiles belonging to Al-ṭāb, the price
2026-06-13 12:57:23,638 [INFO] Translating: 0.3333 ma-na kù.babbar ṣa-ru-pá-am i-ṣé-er a-šur-ta-ak-lá-ku a-šur-du₁₀ i-šu-ú k
2026-06-13 12:57:28,373 [INFO] Translation: Sealed by Aššur-taklāku, the price of 1 / 4 shekel per mina. In all: As to which
2026-06-13 12:57:28,374 [INFO] Translating: ša 2 ma-na kù.babbar ṣa-ru-pá-am i-ṣé-er en-na-nim dumu a-zu-a e-la-ma i-šu itu.
2026-06-13 12:57:35,795 [INFO] Translation: From the 2 minas of refined silver, Ennānum,
2026-06-13 12:57:35,796 [INFO] Translating: 18 gín kù.babbar ša en-um-a-šur i li-bi a-šur-ba-ni 13.5 ma-na urudu ší-ku-um ša
2026-06-13 12:57:40,514 [INFO] Translation: The 18 shekels of silver that Ennam-Aššur brought to Assur-bāni, 13.5 minas Šikk
2026-06-13 12:57:40,515 [INFO] Translating: 1 ma-na kù.babbar ša ḫi-na-a e-lá-ma a-na i-dí-sú-en₆ ú-šé-bi₄-il₅ ṣé-eḫ-ri-lí ú
2026-06-13 12:57:43,330 [INFO] Translation: 2 minas of silver that hinnāya owes to Iddin-Suen.
2026-06-13 12:57:43,331 [INFO] Translating: 37 ku-ta-ni 34 túg šu-ru-tum a-na lá-qé-pí-im áp-qí-id igi i-dí-iškur igi i-dí-a
2026-06-13 12:57:46,075 [INFO] Translation: 17 kutānus 34 -textiles owed by Iddin-Aššur son of Suettata.
2026-06-13 12:57:46,075 [INFO] Translating: 0.6666 ma-na kù.babbar ṣa-ru-pá-am i-na ma-na-im ša a-mur-utu ba-lúm du-na-e i-t
2026-06-13 12:57:53,348 [INFO] Translation: Seal of Amur-Šamaš, Bēlum, Dunāya, Itūr-ilī and Šu-Ištar. Witnessed by Aššuridī'
2026-06-13 12:57:53,349 [INFO] Translating: um-ma i-ku-pí-a-ma a-na ib-ni-lí en-nam-a-šur ù qí-bi-ma a-na en-nam-a-šur qí-bi
2026-06-13 12:57:59,802 [INFO] Translation: Thus Ikūn-pīya, say to Ibni-ilī, Ennam-Aššur and questioned the 1 textile for me
2026-06-13 12:57:59,803 [INFO] Translating: i-na kù.babbar-áp ištar-lá-ma-sí ša a dumu-e-ša ta-dí-nu-ma kù.babbar i-na é e-l
2026-06-13 12:58:07,050 [INFO] Translation: Seal of Ištar-lamassī, the silver I gave you to Dumu-Eša, and which Ilī-a has no
2026-06-13 12:58:07,051 [INFO] Translating: a-na puzur₄-a-šur qí-bi-ma um-ma a-ni-wa-a-ni-ma iš-tù 3 itu.kam ta-ta-lá-ak-ma 
2026-06-13 12:58:14,473 [INFO] Translation: To Puzur-Aššur from Anniwani: Why is it that you have not paid in accordance wit
2026-06-13 12:58:14,474 [INFO] Translating: a-na ša-lim-a-šur qí-bi₄-ma um-ma a-bu-ša-lim-ma 13 anše.ḫi.a i-šar-be-li i-ta-d
2026-06-13 12:58:21,217 [INFO] Translation: Say to Šalim-Aššur, thus Abušallum: 13 black donkeys, Itūr-ilī and 30 textiles I
2026-06-13 12:58:21,218 [INFO] Translating: a-na ku-li-a qí-bi₄-ma um-ma a-šùr-i-mì-tí-ma 0.6666 ma-na 4 gín kù.babbar i-na 
2026-06-13 12:58:28,621 [INFO] Translation: Say to Kuliya, thus Aššur-imittī: In accordance with your instructions we sent m
2026-06-13 12:58:28,622 [INFO] Translating: a-we-el-tum ta-áš-pu-ra-ma ku-ta-nam ša 15 gín ú šu-ul-ḫa-am ša 4.5 gín a-lu-a ú
2026-06-13 12:58:31,584 [INFO] Translation: The tablet concerning 15 shekels and Šu-Lhamassī owes to Aluwa.
2026-06-13 12:58:31,586 [INFO] Translating: 14.5 gín kù.babbar ki ì-lí-dan dumu šu-ki-tim 2 ma-na 10 gín kù.ki šu-ištar ša s
2026-06-13 12:58:39,104 [INFO] Translation: 14.5 shekels of silver owed by Ilī-dān, son oF Šu-Kētum, 2 minas 10 grains, its 
2026-06-13 12:58:39,105 [INFO] Translating: kišib na-bi-sú-in ù ku-zi-zi-a a-na i-dí-a-šur 38 ma-na
2026-06-13 12:58:40,772 [INFO] Translation: Sealed by Nabi-Suen and Kuziziya; to Iddin-Aššur; 38 minas of silver.
2026-06-13 12:58:40,773 [INFO] Translating: a-na a-šur-utu-ši ù en-na-sú-in qí-bi₄-ma um-ma a-al-du₁₀-ma a-na a-šur-utu-ši q
2026-06-13 12:58:48,089 [INFO] Translation: To Aššur-šamšī and Enna-Suen from Al-ṭāb: Why is it that you have not paid in ac
2026-06-13 12:58:48,090 [INFO] Translating: 1 me-at túg ku-ta-ni 4 gú an.na ù it-ra-sú 5 anše.ḫi.a ša šu-be-lúm ù i-tur₄-din
2026-06-13 12:58:55,424 [INFO] Translation: 1 mina of tin and 5 black donkeys from Šu-Bēlum, Itūr-ilī, its interest added, 5
2026-06-13 12:58:55,426 [INFO] Translating: a-šùr-utu-ši ù en-na-sú-in iṣ-bu-tù-ni-a-tí-ma um-ma en-na-sú-in-ma a-na a-šùr-u
2026-06-13 12:59:02,708 [INFO] Translation: Say to Aššur-šamšī and Enna-Suen, saying: Kišdatiya is owed by your father's hou
2026-06-13 12:59:02,709 [INFO] Translating: na-áš-pá-ar-tám ša kù.babbar ša i-dí-a-bu-um a-na ṣé-er i-tur₄-dingir ù a-lá-ḫi-
2026-06-13 12:59:04,593 [INFO] Translation: The silver that Iddin-abum owes to Itūr-ilī and Ali-ahum.
2026-06-13 12:59:04,594 [INFO] Translating: kišib a-ku-za dumu šu-a-nim kišib šu-a-nim dumu ki kišib i-dí-a-bi-im ša 2 ma-na
2026-06-13 12:59:10,790 [INFO] Translation: The Akuza son of Šu-Anum seized us against Iddin-abum, and they will add interes
2026-06-13 12:59:10,791 [INFO] Eval progress: 440/500
2026-06-13 12:59:10,792 [INFO] Translating: pá-šu-ru ša igi i-li-šu 1 ku-sí-um ša igi a-šùr 1 kà-sú-um ša igi ša-ru-ma-té-en
2026-06-13 12:59:17,909 [INFO] Translation: Sealed by Ilīšu; 1 kusium owes to Assur;
2026-06-13 12:59:17,911 [INFO] Translating: um-ma šu-iš-ḫa-ra-ma a-na pì-lá-aḫ-ištar ú-ṣur-ša-a-šur ù a-bu-ša-lim qí-bi₄-ma 
2026-06-13 12:59:25,363 [INFO] Translation: Say to Pilah-Ištar, Uṣur-ša-Aššur and Abu-salim: 4 talents of good copper from t
2026-06-13 12:59:25,365 [INFO] Translating: a-na ku-zi-zi-a ištar-lá-ma-sí na-áb-sú-in a-na-a-na a-mur-ištar ša-lim-ar-dí ù 
2026-06-13 12:59:32,795 [INFO] Translation: Say to Kuziziya, Ištar-lamassī, Nab-Suen, Anna-annā, Šalim-Ardī and Manu-kī-ilī:
2026-06-13 12:59:32,796 [INFO] Translating: a-na ku-ni-lim qí-bi₄-ma um-ma a-mur-a-šur-ma a-šu-mì urudu ša a-šur-utu-ši ša t
2026-06-13 12:59:40,207 [INFO] Translation: To Kunilum from Amur-Aššur: Why is it that you have not paid any copper for two 
2026-06-13 12:59:40,208 [INFO] Translating: 10 gín kù.babbar ú ni-is-ḫa-sú wa-ta-ar ša-du-a-sú ša-bu-ú ša i-ku-pí-a a-na puz
2026-06-13 12:59:47,047 [INFO] Translation: 10 shekels of silver and its import duty added, which Ikūn-pīya brought to Puzur
2026-06-13 12:59:47,048 [INFO] Translating: 0.6666 ma-na kù.babbar ṣa-ru-pá-am bé-ú-la-tim ša ir-ma-a-šùr a-šùr-gal ú-kà-al 
2026-06-13 12:59:51,209 [INFO] Translation: Sealed by Ir'am-Aššur, the price of our testimony, which Assur-gal brought to yo
2026-06-13 12:59:51,210 [INFO] Translating: gín kù.babbar ṣa-ru-pá-am i-ṣé-er šu-be-lim šu-en.líl i-šu iš-tí kù.babbar uk-ta
2026-06-13 12:59:58,571 [INFO] Translation: 1 shekel of refined silver that Šu-Bēlum brought to you, in accordance with our 
2026-06-13 12:59:58,572 [INFO] Translating: šu-a-nu-um dumu lá-qé-ep i-ku-pì-a a-na 8 ma-na kù.babbar ša-ni-im ša 30 ma-na ú
2026-06-13 13:00:04,346 [INFO] Translation: Thus Šu-Anum, son of Lā-qēp, Ikūn-pīya, to 8 minas silver, its import duty added
2026-06-13 13:00:04,347 [INFO] Translating: a-na um-ma a-bi- ki ku-ra al-qé ku-ur-zi-a 4 gú ki a-šùr-i-mì-tí 3 gú 23 ma-na u
2026-06-13 13:00:09,378 [INFO] Translation: From Abiya to Kura: Aššur-imittī: 3 talents 23 minas of copper in the presence, 
2026-06-13 13:00:09,379 [INFO] Translating: um-ma bé-lá-num ù lá-ma-sà-tum-ma a-na utu-ba-ni ù pì-lá-aḫ-ištar qí-bi-ma 26 tú
2026-06-13 13:00:16,681 [INFO] Translation: Thus Bēlānum and Lā-qēpum, say to Utubani's dagger, the 26 textiles of Šu-Suen, 
2026-06-13 13:00:16,683 [INFO] Translating: a-lá-ḫu-um en-um-a-šur e-pu-ul um-ma a-lá-ḫu-um-ma ta-aḫ-sí-sà-tum ku-nu-ku-kà ú
2026-06-13 13:00:24,108 [INFO] Translation: From Ali-ahum to Ennam-Aššur, Eponymy of Tahsisatum, Kunukuka and Kūnu-kuwa, Bay
2026-06-13 13:00:24,109 [INFO] Translating: um-ma ša-lim-a-šur-ma a-na i-dí-a-bi-im e-na-nim i-na-aḫ-dingir i-ku-pí-a šu-išt
2026-06-13 13:00:31,344 [INFO] Translation: Thus Šalim-Aššur, say to Iddin-abum, Ennānum: Inah-ilī, Ikūn-pīya,Šu-Ištar and A
2026-06-13 13:00:31,345 [INFO] Translating: kišib šu-be-lim dumu i-sú-rik₁₃ a-na en-na-sú-in a-ḫi-šu ú a-lá-ḫi-im dumu šál-m
2026-06-13 13:00:35,009 [INFO] Translation: From Šu-Bēlum son of Issu-arik; to Enna-Suen, Ahiššu and Ali-ahum,
2026-06-13 13:00:35,010 [INFO] Translating: kišib ištar-pá-li-il₅ dumu šu-ku-bi₄-im kišib ni-mar-ištar dumu ba-la kišib a-bu
2026-06-13 13:00:46,125 [INFO] Translation: From Ištar-palil, son of Šu-Kūbum owes to Abu-šallim, that Ilī-alum. If he has n
2026-06-13 13:00:46,126 [INFO] Translating: 11 gín kù.babbar ša a-mur-ištar ki en-um-a-šùr i-ba-ší igi a-šùr-ba-ni
2026-06-13 13:00:49,771 [INFO] Translation: 11 shekels of silver that Amur-Ištar owes to Ennam-Aššur.
2026-06-13 13:00:49,772 [INFO] Translating: um-ma ša-lim-a-šur-ma a-na a-bu-a-a a-šur-du₁₀ a-dí-da-a en-nam-a-šur a-lá-ḫi-im
2026-06-13 13:01:02,981 [INFO] Translation: Thus Šalim-Aššur, say to Abuwaya, AŠur-ṭāb,
2026-06-13 13:01:02,983 [INFO] Translating: 1 ú-kà-pá-am e-dí-am 4 eb-le-e 2-ší-na ma-at-li-iḫ-šé-e a-za-mì-lam ḫu-ur-ší-a-n
2026-06-13 13:01:15,880 [INFO] Translation: Sealed by 4 black donkeys and 2 shekels of silver from the colony, a tablet with
2026-06-13 13:01:15,882 [INFO] Translating: a-na en-nu-um-a-šur kišib a-mur-ištar 3 ma-na urudu ú 2 gín kù.babbar a-
2026-06-13 13:01:19,082 [INFO] Translation: To Ennam-Aššur; seal of Amur-Ištar.
2026-06-13 13:01:19,084 [INFO] Translating: a-na en-nam-a-šùr kišib ištar-ra-bi₄-a-at
2026-06-13 13:01:21,018 [INFO] Translation: To Ennam-Aššur; seal of Ištar-rabi-at.
2026-06-13 13:01:21,020 [INFO] Translating: kišib šu-ta-mu-zi e-la-a en-um-a-šùr dumu e-la-ma ù lá-ma-sí a-na en-um-a-šùr
2026-06-13 13:01:24,399 [INFO] Translation: Sealed by Šu-Tammuzi, Elaya; Ennam-Aššur son of Ilī-ama and Lā-qēp.
2026-06-13 13:01:24,400 [INFO] Eval progress: 460/500
2026-06-13 13:01:24,402 [INFO] Translating: i-ri-šum da-dí-a iṣ-ba-at-ma um-ma i-ri-šum-ma ig-ri ša 4 anše.ḫi.a ša ta-as-ri-
2026-06-13 13:01:37,503 [INFO] Translation: Say to Dadiya, thus Irišum: In accordance with your instructions we gave me 4 ta
2026-06-13 13:01:37,505 [INFO] Translating: a-na da-da-a-a a-lá-ḫi-im ù en.líl-ba-ni qí-bi-ma um-ma puzur₄-a-šur-ma 0.3333 m
2026-06-13 13:01:50,920 [INFO] Translation: To Dadaya, Ali-ahum and Ennam-bāni from Puzur-Aššur: Šu-hubur son of Iddin-abum,
2026-06-13 13:01:50,922 [INFO] Translating: 18 túg šu-ru-tim ù 10 túg ku-ta-ni 2 gú an.na ù li-wi-sú ku-nu-ki-šu ša a-lim 2 
2026-06-13 13:01:55,514 [INFO] Translation: Sealed by 18 textiles and 10 black donkeys - all this I gave to Ali-ahum for Ašš
2026-06-13 13:01:55,516 [INFO] Translating: 16 gú 13 ma-na urudu sig₅ šà.ba 6 gú 40 ma-na urudu sig₅ ší-im kù.babbar iš-tí ì
2026-06-13 13:02:02,582 [INFO] Translation: 16 talents 13 minas of good copper, which Ilī-dān owes to Ababa and Ali-ahum.
2026-06-13 13:02:02,584 [INFO] Translating: a- lu- dumu kù.babbar ša ku-nu-ki kù.babbar ša ša-lim-a-šur a-na a-šur-i-mì-tí d
2026-06-13 13:02:13,245 [INFO] Translation: Say to Lu<gap>, the silver of Šalim-Aššur's son, sealed by Kunnuku, one mina 13 
2026-06-13 13:02:13,247 [INFO] Translating: 10 ma-na kù.babbar ṣa-ru-pu-um ni-is-ḫa-sú diri ša-du-a-sú ša-bu ša tám-kà-ri-im
2026-06-13 13:02:26,541 [INFO] Translation: 10 minas of refined silver, its transport tariff paid for Iliya and Šamaš-bāni, 
2026-06-13 13:02:26,543 [INFO] Translating: a-na a-dí-da ù a-lá-ḫi-im qí-bi-ma um-ma id-na-a-ma áš-ta-na-me-ma a-na ší-ip-ru
2026-06-13 13:02:40,175 [INFO] Translation: To Adida and Ali-ahum from Iddin-aya: Why is it that you wrote me about, I have 
2026-06-13 13:02:40,177 [INFO] Translating: 1 ma-na 10 gín kù.babbar ṣa-ru-pá-am i li-bi₄ i-ku-nu šu-ištar i-šu igi a-da-da 
2026-06-13 13:02:51,918 [INFO] Translation: 1 mina 10 shekels of refined silver Ikūnu Šu-Ištar owes to Adada, Dubsar, Imlika
2026-06-13 13:02:51,920 [INFO] Translating: 10 gín an.na i-na li-bi₄ be-lá-nim a-dí-in
2026-06-13 13:02:53,606 [INFO] Translation: 10 shekels of tin with Bēlānum.
2026-06-13 13:02:53,608 [INFO] Translating: um-ma i-dí-sú-in-ma a-na en-na-sú-in qí-bi₄-ma mì-šu ša ta-áš-pu-ra-ni um-ma a-t
2026-06-13 13:03:06,944 [INFO] Translation: Thus Iddin-Suen, say to Ennānum: Why is it that you have not paid anything? The 
2026-06-13 13:03:06,946 [INFO] Translating: ù 4 ša té-zi-bu ku-nu-ku-šu-nu ù ša ka-sà-tim ša du₁₀-ṣí-lá-a-šùr ù 1 a-bi-we-du
2026-06-13 13:03:20,397 [INFO] Translation: The 4 textiles under my seal and their house belonging to Duttu-ṣilli-Aššur, son
2026-06-13 13:03:20,399 [INFO] Translating: 4 gín kù.babbar i-nu-mì ku-da-tum a-na a-lim i-li-ku ak-ru-ub-šu-um
2026-06-13 13:03:22,695 [INFO] Translation: 1 shekel of silver is owed by Kudātum.
2026-06-13 13:03:22,699 [INFO] Translating: kišib dingir-tap-pá-a dumu id-na-a kišib a-ba-ta-na-nim dumu a-šur-utu-ši kišib 
2026-06-13 13:03:27,416 [INFO] Translation: From Dingir-tappaya son of Idnāya, sealed by Abatanannum, to Aššur-šamšī,
2026-06-13 13:03:27,418 [INFO] Translating: 3 gú urudu ma-as-am ku-nu-ki-a a-ḫa-ma 20 ma-na urudu ma-as-am šu-ut il₅-qé šu.n
2026-06-13 13:03:39,279 [INFO] Translation: 1 talent of good copper, under my seal and 2 black donkeys, its import duty adde
2026-06-13 13:03:39,281 [INFO] Translating: a-na puzur₄-a-šur ú i-ku-pì-a-šur qí-bi₄-ma um-ma šu-ištar-ma be-lu-ú-a a-tù-nu 
2026-06-13 13:03:52,415 [INFO] Translation: Ikūn-pī-Aššur from Šu-Ištar: Bēluwa brings you the silver and its import duty ad
2026-06-13 13:03:52,417 [INFO] Translating: a-pu-tum a-pu-tum i-na utu-ši ša šé-ep-ištar ú anše.ḫi-ú e-ra-ba-ni ú-ma-kál lá 
2026-06-13 13:04:05,922 [INFO] Translation: The attorney of Šēp-Ištar and Anšehiu have been added interest according to your
2026-06-13 13:04:05,925 [INFO] Translating: um-ma a-šur-ma-lik-ma a-na a-al-du₁₀ ù en-um-a-šur qí-bi₄-ma 7 gín kù.babbar ku-
2026-06-13 13:04:19,277 [INFO] Translation: Thus Aššur-mālik, say to Ali-ahum and Ennam-Assur: As for the 7 shekels of silve
2026-06-13 13:04:19,279 [INFO] Translating: -1.666699999999999 ma-na gín kù.babbar ṣa-ru-pu-um i-ṣé-er puzur₄.ištar dumu šu-
2026-06-13 13:04:25,440 [INFO] Translation: Sealed by Puzur-Ištar son of Šu-Anum. He will pay interest at the rate 2 shekels
2026-06-13 13:04:25,442 [INFO] Translating: 0.5 ma-na sí-pá-ra-tim i li-bi₄-i puzur₄-a-šùr igi a-lá-ḫi-im kà-ṣa-ar kur-ub-iš
2026-06-13 13:04:28,386 [INFO] Translation: 1.5 mina of siparately will bring it to Puzur-Aššur, by Ali-ahum.
2026-06-13 13:04:28,388 [INFO] Translating: a-na mar.tu-ba-ni e-nu-um-bé-lim lugal-im ù pá-na-kà qí-bi-ma um-ma ša-lim-a-šùr
2026-06-13 13:04:41,181 [INFO] Translation: Say to Ennam-Bēlum, Lugālim and Panaka, thus Šallī-Aššur: 12 minas of refined si
2026-06-13 13:04:41,182 [INFO] Eval progress: 480/500
2026-06-13 13:04:41,184 [INFO] Translating: i-na urudu ša ma-ma-ḫi-ir ša en-nam-a-šur e-zi-ba-ni 3 gú 8 ma-na sig₅ i li-bi-a
2026-06-13 13:04:48,864 [INFO] Translation: Sealed by Man-mahir son of Ennam-Aššur, Ezibāni, 3 tall 8 minas silver belonging
2026-06-13 13:04:48,866 [INFO] Translating: 0.3333 ma-na lá 2 gín kù.babbar ṣa-ru-pu-um i-ṣé-er puzur₄.ištar i-ri-šum i-šu i
2026-06-13 13:04:59,543 [INFO] Translation: Seal of Puzur-Ištar, he will pay in 2 months. Witnessed by Aššuridī and Tappā-il
2026-06-13 13:04:59,545 [INFO] Translating: 0.8333 ma-na kù.babbar puzur₄-a-šùr il₅-qé 0.8333 ma-na ki-ba-al il₅-qé 0.5 ma-n
2026-06-13 13:05:10,461 [INFO] Translation: 1.8333 mina of silver Puzur-Aššur has received 2 months; Pūša-Assur's dagger, 0.
2026-06-13 13:05:10,463 [INFO] Translating: a-na a-lá-ḫi-im qí-bi₄-ma um-ma man-a-šur-ma 48 túg dam-qú-tim 2 túg ša qá-tim 2
2026-06-13 13:05:24,142 [INFO] Translation: Say to Ali-ahum from Man-mahir: 48 textiles and 2 black donkeys that Aššur-bēl-a
2026-06-13 13:05:24,145 [INFO] Translating: puzur₄-a-šur dumu i-ku-pí-a en-um-a-šur dumu i-dí-sú-en₆ ù a-ḫu-šu i-dí-ištar du
2026-06-13 13:05:37,100 [INFO] Translation: From Puzur-Aššur son of Ikūn-pīya, Ennam-Assur, due to Iddin-Suen, and Ahu-šalim
2026-06-13 13:05:37,102 [INFO] Translating: -na ni-kà-sí ni-sí-ù-ma -na ma-na 14 gín kù.babbar ša i-na i li-bi-šu a-dí-ú a-n
2026-06-13 13:05:48,580 [INFO] Translation: Say to Nikasi, thus says Nīkāsi: In accordance with your instructions, and we ga
2026-06-13 13:05:48,582 [INFO] Translating: kišib ku-la a-ḫu-ú šu-ku-tim kišib puzur₄-tí-a-am-tim dumu ištar-pá-li-il₅ kišib
2026-06-13 13:06:01,767 [INFO] Translation: From Kula, Ahu-waqar, Šu-Kūtum, seal of Puzur-Tī-Amurrum's house, eponymy Ennam-
2026-06-13 13:06:01,769 [INFO] Translating: a-na a-dí-da a-la-ḫi-im ú ú-ku-ú qí-bi₄-ma um-ma puzur₄-a-šur-ma a-na-kam ša li-
2026-06-13 13:06:14,859 [INFO] Translation: Say to Adida, Ali-ahum and Uku from Puzur-Aššur: Why is it that you wrote me abo
2026-06-13 13:06:14,861 [INFO] Translating: um-ma i-ku-pì-a-ma a-na ib-ni-lí be-kà-a ú en-um-a-šur qí-bi₄-ma a-na en-um-a-šu
2026-06-13 13:06:27,324 [INFO] Translation: Thus Ikūn-pīya, say to Ibni-ilī, Bēkaya and Ennam-Aššur: He will give you 1 mina
2026-06-13 13:06:27,326 [INFO] Translating: a-na 11 túg ku-ta-ni ša e-lá-ma a-lá-ḫa-am ù a-mur-ištar a-šur-lá-ma-sí a-na e-l
2026-06-13 13:06:40,500 [INFO] Translation: Say to 11 textiles of Elamma, Ali-ahum and Amur-Ištar, thus Aššurlā-massī: If he
2026-06-13 13:06:40,502 [INFO] Translating: a-na i-ku-pí-a li-bi-ištar a-lá-ḫi-im ù a-šur-ma-lik a-na li-bi-ištar qí-bi-ma u
2026-06-13 13:06:53,860 [INFO] Translation: From Ikūn-pīya, Libbi-Ištar, Ali-ahum and Aššur-malik to Lā-qēpum: 3 minas of si
2026-06-13 13:06:53,862 [INFO] Translating: um-ma ku-zi-zi-a-ma ù a-mur-ištar-ma a-na a-lá-ḫi-im qí-bi-ma i-na 15 túg ša a-m
2026-06-13 13:07:07,609 [INFO] Translation: Thus Kuziziya, and Amur-Ištar, say to Ali-ahum: In accordance with your instruct
2026-06-13 13:07:07,611 [INFO] Translating: 3 kà-sà-tum ù tù-dí-na-tum šu-qú-ul-ta-áš-na 1 ma-na kù.babbar ku-nu-ku-a a-ḫa-m
2026-06-13 13:07:19,832 [INFO] Translation: 1 mina of silver, the slave-girls, and Tudī-nātum, Šu-Qultašna, 100 -textiles un
2026-06-13 13:07:19,834 [INFO] Translating: 2 ší-ta sà-ma-lá-tim ra-bi₄-a-tim a- ša ba-áb ni a-dí-šu-um 0.5 gín 4 sà-ma-lá-t
2026-06-13 13:07:23,973 [INFO] Translation: Sealed by the week of Adišum; 0.5 shekel 4 black donkeys will bring it to you.
2026-06-13 13:07:23,976 [INFO] Translating: a-na im-ba-ni ì-lí-iš-ta-ki-il₅ ù pí-la-aḫ-ištar qí-bi-ma um-ma dam.gàr-um-ma 1 
2026-06-13 13:07:37,594 [INFO] Translation: Say to Imbani, Ilī-ištakil and Pilah-Istar, thus says Damiq-Aššur: 1 talent 35 m
2026-06-13 13:07:37,596 [INFO] Translating: um-ma en-nam-a-šur-ma a-na a-la-ḫi-im qí-bi-ma a-na-kam a-du um-me-a-an a-bi-ni 
2026-06-13 13:07:50,834 [INFO] Translation: Thus Ennam-Aššur, say to Ali-ahum: As for the 2 talents of good quality Imtag-ru
2026-06-13 13:07:50,836 [INFO] Translating: 3 ma-na kù.babbar ṣa-ru-pá-am i-na ší-im síg.ḫi.a ša ú-ší-na-lam i-lá-áš-ra-ni d
2026-06-13 13:07:58,073 [INFO] Translation: 2 minas of refined silver Ilī-ašrannī son Of Sukkalliya will pay interest at the
2026-06-13 13:07:58,076 [INFO] Translating: ša-lim-a-šùr a-na a-mur-ištar ú-ṭá-ḫi-ni-a-tí-ma um-ma ša-lim-a-šùr-ma mì-šu-um 
2026-06-13 13:08:11,700 [INFO] Translation: From Šalim-Aššur to Amur-Ištar, Uṭāb-iniātī, saying: The 10 textiles of silver I
2026-06-13 13:08:11,703 [INFO] Translating: a-na en-nam-a-šùr qí-bi-ma um-ma ištar-ra-bi₄-at-ma a-dí kù.babbar-pí-kà ša ḫa-b
2026-06-13 13:08:25,422 [INFO] Translation: To Ennam-Aššur from Ištar-rabi: Why is it that habulākuni son of Ata left with y
2026-06-13 13:08:25,424 [INFO] Translating: um-ma ša ki-ma a-šùr-i-mì-tí dumu i-ku-pí-ištar-ma a-šùr-i-mì-tí dumu e-ta-a a-m
2026-06-13 13:08:38,797 [INFO] Translation: Say to Aššur-imittī son of Ikūn-pī-Ištar: As for the 1 talent 10 kutānu-textiles
2026-06-13 13:08:38,798 [INFO] Eval progress: 500/500
2026-06-13 13:08:49,900 [INFO] Evaluation results: {'bleu': 0.0, 'chrf++': 0.0, 'num_samples': 500}
2026-06-13 21:02:52,974 [INFO] Using device: cpu
2026-06-13 21:02:52,975 [INFO] Loading model from: model
2026-06-13 21:02:53,894 [INFO] Model loaded successfully
2026-06-13 21:02:53,962 [INFO] Translating: 2.5 ma-na ṣí-ba-ra-tum qá-dum ša a-bi₄-e-dim 1.3333 ma-na a-na ú-ra-ḫa-zi ša 1 m
2026-06-13 21:02:59,411 [INFO] Translation: 2.5 minas of silver that Abi-edum owes to Urahazi; 1 mana Ulgatum, Zigan-lugal;
2026-06-13 21:02:59,413 [INFO] Translating: a-na ša-lim-a-šùr a-šùr-ma-lik dumu lu-zi-na ù i-ku-pí-a qí-bi-ma um-ma ší-ša-ra
2026-06-13 21:03:06,622 [INFO] Translation: Say to Šalim-Aššur, Assur-mālik son of Luzina and Ikūn-pīya, saying: Ennam-Suen 
2026-06-13 21:03:06,623 [INFO] Translating: 3 gín kù.babbar iš-tí eb-lá-i-im ša síg.ḫi.a il₅-qé-ú
2026-06-13 21:03:07,574 [INFO] Translation: 1 shekel of silver is owed by Eblānum.
2026-06-13 21:03:07,575 [INFO] Translating: um-ma en-um-a-šùr-ma a-na ša-ta-na qí-bi-ma a-na-ku a-na ṣé-er ì-lí-dan a-na ku-
2026-06-13 21:03:14,817 [INFO] Translation: Thus Ennam-Aššur, say to Šatana: As for the silver Ilī-dan seized me and let him
2026-06-13 21:03:14,818 [INFO] Translating: a-ḫa-ma 5 gín kù.babbar i-na li-bi₄ šu-be-lim i-nu-mì kù.babbar a-na šu-be-lim á
2026-06-13 21:03:17,889 [INFO] Translation: Thus 5 shekels of silver that Šu-Bēlum has received it from our father.
2026-06-13 21:03:17,890 [INFO] Translating: um-ma ša-lim-a-šùr-ma a-na i-dí-a-bi-im en-na-nim i-na-aḫ-dingir ma-ma-ḫi-ir en-
2026-06-13 21:03:25,209 [INFO] Translation: Say to Iddin-abum, Ennam-Aššur and Ali-ahum: In accordance with the silver you w
2026-06-13 21:03:25,210 [INFO] Translating: 12 gín kù.babbar i li-bi sá-li-a a-lá-ḫu-um i-šu
2026-06-13 21:03:26,538 [INFO] Translation: Saliya owes 12 shekels of silver to Ali-ahum.
2026-06-13 21:03:26,539 [INFO] Translating: kišib kà-ri-im kà-ni-iš kà-ru-um dí-nam i-dí-in-ma a-na lu-qú-tim ma-la a-na a-š
2026-06-13 21:03:33,277 [INFO] Translation: The Kanesh colony gave us for these proceedings to Aššur-bēl-awātim, and Šēp-Išt
2026-06-13 21:03:33,278 [INFO] Translating: a-na en-nam-a-šur kišib a-lá-ḫi-im ù a-mur-ištar
2026-06-13 21:03:34,547 [INFO] Translation: To Ennam-Aššur; seal of Ali-ahum and Amur-Ištar.
2026-06-13 21:03:34,548 [INFO] Translating: kišib ta-mu-ri-a kišib kišib šar-bu-nu-a kišib re-e-ma kišib sú-la kišib šu-utu 
2026-06-13 21:03:39,659 [INFO] Translation: To Tammuriya, seal of Šar-bunnuya in representatives before Sula and Ganabeli, 0
2026-06-13 21:03:39,660 [INFO] Translating: -a-šur ú ša-ḫa- kù.babbar ša šé-ep-ištar a-na šu-ištar en-um-a-šur il₅-qé 1 gú 2
2026-06-13 21:03:44,897 [INFO] Translation: The silver of Šēp-Ištar, they will add 1 talent 20 minas, kutānu-textiles and 2 
2026-06-13 21:03:44,898 [INFO] Translating: a-na e-lá-ma qí-bi-ma um-ma ù a-šur-ma-lik-ma 4 gú an.na ku-nu-ki ša a-lim ú ku-
2026-06-13 21:03:51,500 [INFO] Translation: To Elamma from Aššur-malik: 4 talents of tin under my seal and their textiles be
2026-06-13 21:03:51,502 [INFO] Translating: um-ma ša-lim-a-šur-ma a-na i-dí-a-bi₄-im en-na-nim i-na-aḫ-dingir a-dí-da en-um-
2026-06-13 21:03:58,946 [INFO] Translation: Thus Šalim-Aššur, say to Iddin-abum, Ennānum: In accordance with your instructio
2026-06-13 21:03:58,947 [INFO] Translating: 8.1666 gín kù.babbar ší-im é-tí-šu a-šùr-mì-tí a-na sú-ub-ri-ga iš-qú-ul šu-ma m
2026-06-13 21:04:04,187 [INFO] Translation: 1.1666 shekel of silver that Aššur-mittī owes to Subriga. If he has not paid int
2026-06-13 21:04:04,188 [INFO] Translating: a-pu-tum ri-iš lu-qú-tim ša dam.gàr ša-ṣí-ir ú a ma-lá tí-ir-tí-kà um-ma a-ta-ma
2026-06-13 21:04:11,387 [INFO] Translation: The attorney of Luqutum, Šaṣir and Amurrum-bāni seized us against your father's 
2026-06-13 21:04:11,388 [INFO] Translating: kišib a-šur-dan dumu i-ku-pì-a kišib i-dí-a-bi₄-im dumu i-tur₄-dingir kišib a-šu
2026-06-13 21:04:18,768 [INFO] Translation: From Aššur-ṭāb son of Ikūn-pīya sealed by Iddin-abum, that Itūr-ilī owes 30 mina
2026-06-13 21:04:18,769 [INFO] Translating: um-ma ir-ma-a-šùr-ma a-na i-ku-pí-a-šùr lá-ma-sà-tim ù en-um-a-šùr qí-bi-ma 1 ma
2026-06-13 21:04:26,186 [INFO] Translation: Say to Ikūn-pī-Aššur, Lā-qēpum and Ennam-Assur: 1 mina of silver that Suen-nādā 
2026-06-13 21:04:26,187 [INFO] Translating: a-na a-lá-ḫi-im ú-ṣur-ša-ištar ú zu-ku-a qí-bi-ma um-ma sig₅-pí-a-šur-ma 15 ma-n
2026-06-13 21:04:33,468 [INFO] Translation: To Ali-ahum, Uṣur-ša-Ištar and Zukuwa from Damiq-pī-Aššur: 15 minas of tin under
2026-06-13 21:04:33,469 [INFO] Translating: um-ma bu-zu-a du₁₀-ṣí-lá-a-šur ù a-lá-bu-um-ma a-na en-um-a-šùr ù a-lá-ḫi-im qí-
2026-06-13 21:04:40,848 [INFO] Translation: Thus Buzuwa, Dust-ṣill-Aššur and Ali-abum, say to Ennam-Assur's dagger, the text
2026-06-13 21:04:40,849 [INFO] Translating: a-na šu-ištar qí-bi₄-ma um-ma ì-lí-iš-tí-kál-ma ki-ma ša-nu-a-tí-ni lá a-tù-ra-a
2026-06-13 21:04:47,239 [INFO] Translation: To Šu-Ištar from Iliš-tikal: You have not paid in accordance with your testimony
2026-06-13 21:04:47,239 [INFO] Eval progress: 20/500
2026-06-13 21:04:47,240 [INFO] Translating: 5 gín kù.babbar a-na ṣú-ḫa-ri-im ša šu-ku-bi₄-im i-nu-mì a-na wa-aḫ-šu-ša-na i-l
2026-06-13 21:04:49,229 [INFO] Translation: 1 shekel of silver that Šu-Kūbum owes to Wahšušana.
2026-06-13 21:04:49,230 [INFO] Translating: a-na a-lá-ḫi-im kišib i-ku-pí-a ú zu-ku-a
2026-06-13 21:04:50,257 [INFO] Translation: To Ali-ahum seal of Ikūn-pīya and Zukuwa.
2026-06-13 21:04:50,258 [INFO] Translating: ir-ma-a-šùr dumu ni-dí-ba-ni puzur₄-a-šùr iṣ-ba-at-ma um-ma puzur₄-a-šur-ma a-na
2026-06-13 21:04:57,052 [INFO] Translation: Say to Ir'am-Aššur son of Nidi-bāni, Puzur-Assur, saying: You have not paid in a
2026-06-13 21:04:57,053 [INFO] Translating: a-šur-ma-lik ù a-na-ku ni-kà-sí ni-sí-ma il₅ šu uš ma 5 ma-na kù.babbar i-ṣé-ri-
2026-06-13 21:05:04,361 [INFO] Translation: Thus Aššur-malik and Anna-aku, say to Nikasi: If the 5 minas of silver I gave yo
2026-06-13 21:05:04,362 [INFO] Translating: 11 na-ru-qá-tum na-ṣí-a-tum 9 e-ba-al sí-kà-tim
2026-06-13 21:05:05,703 [INFO] Translation: Sealed by 11 black donkeys - all this 9 shekels of silver.
2026-06-13 21:05:05,704 [INFO] Translating: a-na a-lá-ḫi-im a-ni-na ú a-šur-ma-lik um-ma zu-ku-a-ma 30 43 im am ni ri-ni be-
2026-06-13 21:05:13,113 [INFO] Translation: To Ali-ahum, Annina and Aššur-malik from Zukuwa: 30 43 talents of refined silver
2026-06-13 21:05:13,114 [INFO] Translating: en-um-a-šur ša ki-ma i-ku-pí-a dumu a-šùr-ba-ni e-pu-ul um-ma en-um-a-šur-ma a-n
2026-06-13 21:05:20,390 [INFO] Translation: Thus Ikūn-pīya, son of Aššur-bāni, Epul, and Ennam-Assur said to the merchant: W
2026-06-13 21:05:20,391 [INFO] Translating: a-na i-dí-a-bi-im i-tur₄-dingir en-na-nim ù a-lá-ḫi-im qí-bi-ma um-ma en-nam-a-š
2026-06-13 21:05:27,737 [INFO] Translation: To Iddin-abum, Itūr-ilī, Ennānum and Ali-ahum; specifically to Šalim-Aššur: Why 
2026-06-13 21:05:27,738 [INFO] Translating: 30 ma-na 10 gín kù.babbar ṣa-ru-pu-um 13 anše.ḫi.a 31 i-lu-ú 41 ú-kà-pu 11 ma-as
2026-06-13 21:05:31,997 [INFO] Translation: 20 minas 10 shekels of refined silver, 13 black donkeys, 31 bronze boards and 41
2026-06-13 21:05:31,998 [INFO] Translating: um-ma a-šùr-ma-lik ù ša-lim-a-šur a-na ša-lim-a-šur qí-bi-ma la-ma a-šur-ša-du-e
2026-06-13 21:05:39,331 [INFO] Translation: Say to Šalim-Aššur, thus says Assur-mālik and Ali-ahum: I have not paid in accor
2026-06-13 21:05:39,332 [INFO] Translating: i-nu-mì i-dí-a-bu-um a-na mu-a-tim ta-ad-nu-ma é a-šùr-bé-el-a-wa-tim wa-áš-bu š
2026-06-13 21:05:46,620 [INFO] Translation: Thus Iddin-abum, say to Aššur-bēl-awātim: Why is it that you have not paid for m
2026-06-13 21:05:46,621 [INFO] Translating: a-na e-lam-ma qí-bi-ma um-ma šu-be-lúm-ma dumu.mí a-šur-dan dumu zi-zi-im ra-bi₄
2026-06-13 21:05:53,906 [INFO] Translation: Say to Elamma, thus Šu-Bēlum, son of Aššur-ṭāb: We have not paid in accordance w
2026-06-13 21:05:53,907 [INFO] Translating: a-na a-lá-ḫi-im dumu šál-ma-a-šur ù zu-ku-a kišib puzur₄-a-šur dumu a-šur-dan
2026-06-13 21:05:56,054 [INFO] Translation: Say to Ali-ahum son of Šalim-Aššur and Zukuwa; sealed by Puzur-Assur,
2026-06-13 21:05:56,055 [INFO] Translating: 13 ma-na kù.babbar ṣa-ru-pá-am i-ṣé-er i-dí-a-bi₄-im a-mur-ištar ù a-šur-i-mì-tí
2026-06-13 21:06:01,991 [INFO] Translation: 13 minas of refined silver Iddin-abum, Amur-Ištar and Aššurimittī, he will pay i
2026-06-13 21:06:01,993 [INFO] Translating: um-ma ša-lim-a-šùr a-na i-dí-a-bi₄-im en-na-nim i-na-aḫ-dingir a-dí-da en-um-a-š
2026-06-13 21:06:09,475 [INFO] Translation: Thus Šalim-Aššur, say to Iddin-abum, Ennānum: In accordance with your instructio
2026-06-13 21:06:09,476 [INFO] Translating: a-na a-lá-ḫi-im a-ni-na a-šur-ma-lik pé-ru-a a-zi-ta-ri-a a-zu-ul ù mu-a-ni-kà q
2026-06-13 21:06:16,819 [INFO] Translation: To Ali-ahum, Annina Aššur-malik, Peruwa, <gap> Azul and Muanika; specifically to
2026-06-13 21:06:16,820 [INFO] Translating: kišib -a-šur kišib a-šur-ta-ak-lá-ku kišib qá-ta-tim 4.1666 gín kù.babbar i-ṣé-e
2026-06-13 21:06:21,143 [INFO] Translation: From Aššur to Aklaku, seal of Qatatum, 4.1666 shekels owed by the merchant. In a
2026-06-13 21:06:21,144 [INFO] Translating: mì-ma a-na kù.babbar-pì-kà 1 gín li-ba-am lá i-pá-ri-id ú ma-as-ḫu-ru-tám i-na l
2026-06-13 21:06:28,362 [INFO] Translation: Thus says Iparid and Mashurutam: In accordance with your instructions, the proce
2026-06-13 21:06:28,363 [INFO] Translating: 20 ma-na urudu sig₅ i ší-im ku-uk-ra i-ri-iḫ-ma i-ṣé-er utu-a-bi lá-ma-sà-tum tí
2026-06-13 21:06:39,322 [INFO] Translation: 10 minas of good copper is belonging to Lamassutum. Witnessed by Lā-qēpum, the p
2026-06-13 21:06:39,324 [INFO] Translating: um-ma kà-ru-um kà-ni-iš-ma a-na ša-qí-il₅ da-tim ku-li-a ší-ip-ri-ni kà-ri-im du
2026-06-13 21:06:52,196 [INFO] Translation: Thus Kanesh, say to Šaqil, Datum, Kuliya, the son of Durhumit, has not paid in t
2026-06-13 21:06:52,197 [INFO] Eval progress: 40/500
2026-06-13 21:06:52,200 [INFO] Translating: a-na mar-ku-tí dumu da-dí-a dumu i-la-a-a i-na za-al-pá iš-tù itu.kam ku-zal-li 
2026-06-13 21:07:06,018 [INFO] Translation: To Man-mahir son of Dadiya, that Ilī-aya seized us against Zalpa. If he has not 
2026-06-13 21:07:06,020 [INFO] Translating: gín kù.babbar a-ḫa-ma 3 gín kù.babbar ší-im udu gín kù.babbar a-na a-gi-a
2026-06-13 21:07:08,223 [INFO] Translation: The 3 shekels of silver I gave to Agiya.
2026-06-13 21:07:08,226 [INFO] Translating: um-ma la-ma-sí-ma a-na a-la-ḫi-im qí-bi₄-ma mì-šu ša ta-áš-pu-ra-ni um-ma a-ta-m
2026-06-13 21:07:21,878 [INFO] Translation: Thus Lamassī, say to Ali-ahum: As for the silver you wrote me about, and I have 
2026-06-13 21:07:21,880 [INFO] Translating: kišib sú-kà-lí-a dumu a-mur-a-šùr kišib a-ku-za dumu šu-a-nim kišib ú-ra-a dumu 
2026-06-13 21:07:29,478 [INFO] Translation: The Sukkalliya son of Amur-Aššur sealed by Akūza, due from Šu-Anum. We gave us f
2026-06-13 21:07:29,479 [INFO] Translating: 6 gín kù.babbar a-šu-mì a-ší-it gal ṣa-bi₄-im lu-lu ša-bu
2026-06-13 21:07:31,371 [INFO] Translation: 1 shekel of silver is owed by Lulu.
2026-06-13 21:07:31,373 [INFO] Translating: a-na e-lá-ma qí-bi₄-ma um-ma a-šur-na-da ù a-šur-i-mì-tí-ma 1 me-at 2 túg.ḫi.a k
2026-06-13 21:07:44,709 [INFO] Translation: Say to Elamma, thus Aššur-nādā and Assurimittī: 1 mina 2 textiles under my seals
2026-06-13 21:07:44,711 [INFO] Translating: 24 ma-na kù.babbar ṣa-ru-pá-am i-ṣé-er i-dí-a-bi-im a-šùr-be-el-a-wa-tim i-šu iš
2026-06-13 21:07:56,285 [INFO] Translation: 14 minas of refined silver Iddin-abum owes to Aššur-bēl-awātim. He will pay inte
2026-06-13 21:07:56,287 [INFO] Translating: 1 gú 6.5 ma-na urudu sig₅ ší-im kù.babbar-áp-šu ša ili₅-ba-ni ša a-na i-dí-a-šùr
2026-06-13 21:08:03,309 [INFO] Translation: 1 talent 6.5 minas of good copper, which Ilī-bāni brought to Iddin-Aššur,
2026-06-13 21:08:03,312 [INFO] Translating: šu-bé-lúm dumu i-dí-a-bi-im a-na puzur₄.ištar iṣ-ba-at-ni-a-tí-ma um-ma šu-bé-lú
2026-06-13 21:08:16,312 [INFO] Translation: Say to Puzur-Ištar, thus Šu-Bēlum, son of Iddin-abum: As for your father's dagge
2026-06-13 21:08:16,313 [INFO] Translating: um-ma šu-ku-tum-ma a-na uš-ta-aḫ-šu-šar qí-bi₄-ma šu-ma am-tí a-tí ša ma-ma-an l
2026-06-13 21:08:26,573 [INFO] Translation: Thus Šu-Kūtum, say to Uštahšušar: Why is it that you have not paid anything abou
2026-06-13 21:08:26,575 [INFO] Translating: kà-ru-um dur₄-ḫu-mì-it ṣa-ḫi-ir gal dí-nam i-dí-in-ma i-na u₄-mì-im ša en-um-a-š
2026-06-13 21:08:37,115 [INFO] Translation: From Durhumit to Ṣahir gal of the colony. Witnessed by Ennam-Aššur in Uṣur-šamšī
2026-06-13 21:08:37,116 [INFO] Translating: 12 gín an.na ni-is-ḫa-sú 1 ma-na 10 gín urudu ma-sí-um 0.8333 ma-na urudu ša ša-
2026-06-13 21:08:44,711 [INFO] Translation: 12 shekels of tin, its import duty added, 0.8333 mina copper owes to Iddin-Suen.
2026-06-13 21:08:44,713 [INFO] Translating: um-ma šu-ḫu-bu-ur-ma ù ḫa-nu-ma a-na a-la-ḫi-im qí-bi₄-ma a-šu-mì ša a-lu-lá-a š
2026-06-13 21:08:56,952 [INFO] Translation: Thus Šu-hubur, and hanu, say to Ali-ahum: Why is the silver you sent me about, w
2026-06-13 21:08:56,955 [INFO] Translating: um-ma e-na-sú-in-ma a-na a-lá-ḫi-im qí-bi₄-ma 11 gú urudu ma-sí-um 10 ma-na urud
2026-06-13 21:09:09,282 [INFO] Translation: Thus Enna-Suen, say to Ali-ahum: 11 talents of good copper, 10 minas under my se
2026-06-13 21:09:09,283 [INFO] Translating: 1.5 gín kù.babbar ta-áš-me-tum 1.5 gín kù.babbar šé-bi₄-lá
2026-06-13 21:09:11,767 [INFO] Translation: 1.5 shekel of silver that Šēb-ilī brought to you.
2026-06-13 21:09:11,769 [INFO] Translating: a-na dam.gàr ú zu-ku-a qí-bi-ma um-ma puzur₄-a-šur ú sig₅-pí-a-šur-ma a ma-lá tù
2026-06-13 21:09:25,107 [INFO] Translation: To Damiq-pī-Aššur and Zukuwa; specifically to Tunahidānum: The 2 talents 8 minas
2026-06-13 21:09:25,110 [INFO] Translating: a-na šu-ta-mu-zi e-lá-a a-ba-ba ù lá-ma-sí qí-bi-ma um-ma a-dí-da ù a-lá-ḫu-um-m
2026-06-13 21:09:37,775 [INFO] Translation: Say to Šu-Tammuzi, Elaya, Ababa and Lamassī, thus Adida,
2026-06-13 21:09:37,778 [INFO] Translating: um-ma en-na-sú-in ù en-um-a-šùr-ma a-na um-ma-za ù tù-ta-a um-ma en-na-sú-in-ma 
2026-06-13 21:09:51,110 [INFO] Translation: Thus Ennam-Aššur, say to Ummaza and Tūtaya, as follows: Why is it that you wrote
2026-06-13 21:09:51,112 [INFO] Translating: um-ma a-šur-utu-ši ù da-da-a-ma a-na a-lá-ḫi-im qí-bi-ma 1 ma-na kù.babbar ku-nu
2026-06-13 21:10:03,924 [INFO] Translation: Thus Aššur-šamšī and Dadaya, say to Ali-ahum: 1 mina of silver Ilī-wēdāk brings 
2026-06-13 21:10:03,926 [INFO] Translating: a-ni-na a-na be-lá-nim iṣ-ba-at-ni-a-tí-ma um-ma be-lá-num-ma 5.5 ma-na kù.babba
2026-06-13 21:10:15,729 [INFO] Translation: Say to Bēlānum: 5.5 minas of silver, its import duty added, sealed by Kilalini a
2026-06-13 21:10:15,730 [INFO] Eval progress: 60/500
2026-06-13 21:10:15,732 [INFO] Translating: 14 gín kù.babbar.ki da-ra-ší 13- gín kù.babbar.ki ma-ma-ḫi-ir 0.3333 ma-na 5 gín
2026-06-13 21:10:21,731 [INFO] Translation: 14 shekels of silver, its import duty added, Darašī, 13 -textiles: Man-mahir;
2026-06-13 21:10:21,733 [INFO] Translating: ṭup-pá-am a-nim ša i-ṣé-ri-kà ṭá-bu li-iš-ta-sí-a
2026-06-13 21:10:23,503 [INFO] Translation: From the week of Lištasiya.
2026-06-13 21:10:23,505 [INFO] Translating: 1 gín kù.babbar ki dingir-ra-bi
2026-06-13 21:10:25,142 [INFO] Translation: 1 shekel of silver is owed by Dingir-rabi.
2026-06-13 21:10:25,143 [INFO] Translating: ú-ku-ul-ti ú-ku-ul-ti-šu-nu 5 anše.ḫi.a -šu-nu urudu áš-qúl da-tum -be lu a-la-q
2026-06-13 21:10:35,885 [INFO] Translation: Sealed by Ukultišunu, 5 black donkeys - all this belonging to Lu'ālum, and I gav
2026-06-13 21:10:35,888 [INFO] Translating: um-ma ša-lim-a-šùr pu-šu-ki-in ù sà-ba-sí-a-ma a-na ì-lí-iš-ti-kál qí-bi-ma 16 m
2026-06-13 21:10:48,664 [INFO] Translation: Say to Šalim-Aššur, Puzur-kīn and Sabasiya, thus says Ilī-ištikal: 16 minas of s
2026-06-13 21:10:48,667 [INFO] Translating: ù lu tám-kà-ar a-bi₄-a a-ta lá tù-na-ḫa-ni ù kù.babbar ma-dam lá tù-ša-ag-ma-ra-
2026-06-13 21:10:53,443 [INFO] Translation: To Abiya from the week of Tunahani and Ku.
2026-06-13 21:10:53,445 [INFO] Translating: a-na ša-lim-a-šùr qí-bi-ma um-ma en-nam-a-šùr-ma i-na lu-qú-tí-kà ša a-na ṣé-ri-
2026-06-13 21:11:06,883 [INFO] Translation: Say to Šalim-Aššur, thus Ennānum: In accordance with your instructions, and we s
2026-06-13 21:11:06,885 [INFO] Translating: 2 né-pí-šé-en 20 ma-na kù.babbar ṣa-ru-pá-am ni-is-ḫa-sú ša-du-a-sú ša-bu-ú 12 g
2026-06-13 21:11:16,447 [INFO] Translation: 20 minas of refined silver, its import duty added,
2026-06-13 21:11:16,450 [INFO] Translating: um-ma ḫi-na-a-ma a-na e-lá-ma qí-bi₄-ma 1 me-at 8 ku-ta-ni qá-dum ša kà-ṣa-re ša
2026-06-13 21:11:30,110 [INFO] Translation: Thus hinnāya, say to Elamma: 1 mina 8 shekels of silver for these proceedings an
2026-06-13 21:11:30,112 [INFO] Translating: a-dí ša ta-áš-pu-ra-ni um-ma a-ta-ma 1 me-at 80 túg qá-dum ša li-we-tim 4 gú 10 
2026-06-13 21:11:43,393 [INFO] Translation: Thus Tašpurannī, say to you: 100 textiles, 14 minas of tin - all this I have not
2026-06-13 21:11:43,395 [INFO] Translating: a-na i-ku- ú zu-zu-wa qí-bi-ma um-ma a-lá-bu-ma mì-nam áš-ta-na-me-ú a-mur-ištar
2026-06-13 21:11:55,852 [INFO] Translation: To Ikūn-<gap> and Zuzuwa from Ali-abum: When Amur-Ištar seized us against Udaluh
2026-06-13 21:11:55,854 [INFO] Translating: kišib ba-zi-a dumu dingir-kur-ub kišib a-ḫu-qar dumu zu-ur-zu-ur kišib i-ri-ší-i
2026-06-13 21:12:08,111 [INFO] Translation: From Baziya son of Dingir-kūrub, sealed by Ahu-waqar, due silver that Irišum owe
2026-06-13 21:12:08,112 [INFO] Translating: 10 ma-na kù.babbar ṣa-ru-pá-am tù-ur-a-a dumu ú-zu-a i-na ší-im síg.ḫi.a ša ú-ší
2026-06-13 21:12:16,043 [INFO] Translation: 10 minas of refined silver Turaya, the working capital, with Ušinālum's house, o
2026-06-13 21:12:16,045 [INFO] Translating: kišib ḫi-na-a kišib i-ku-pí-a-šùr dumu en-um-a-šur ša 1.5 ma-na kù.babbar me-eḫ-
2026-06-13 21:12:27,782 [INFO] Translation: From hinnāya to Ikūn-pī-Aššur son of Ennam-Assur, the 1.5 mina one shekel per mo
2026-06-13 21:12:27,786 [INFO] Translating: a-na i-ku-pí-a qí-bi-ma um-ma en-nam-a-šur i-dí-a-bu-um ú lá-qé-pu-ma a-na 10 ma
2026-06-13 21:12:40,959 [INFO] Translation: Say to Ikūn-pīya, thus Ennam-Aššur, Iddin-abum and Lā-qēp: The 10 minas of silve
2026-06-13 21:12:40,961 [INFO] Translating: i-nu-mì 5 ma-na sig₅ ša a-na šu-zu-zu dumu a-šur-sipa i-na dur₄-ḫu-mì-it aḫ-bu-l
2026-06-13 21:12:47,868 [INFO] Translation: Sealed by 5 minas of good copper for Šu-Zuzu son Of Aššur-rē'ī, the proceeds fro
2026-06-13 21:12:47,869 [INFO] Translating: a-na a-la-ḫi-im kišib a-mur-ištar
2026-06-13 21:12:49,447 [INFO] Translation: To Ali-ahum seal of Amur-Ištar.
2026-06-13 21:12:49,449 [INFO] Translating: en-um-a-šur a-na en-na-sú-in lu ta-ad-mì-iq-tám i-dí-in lu ṭup-pu-um ḫa-ar-mu-um
2026-06-13 21:13:01,549 [INFO] Translation: Say to Ennam-Aššur, the tablet concerning your testimony, which ENna-Suen son of
2026-06-13 21:13:01,552 [INFO] Translating: um-ma wa-šu-na-lam₅-ma a-na ša-lim-a-šur qí-bi-ma i-nu-mì a-na-kam tù-uš-bu a-na
2026-06-13 21:13:13,691 [INFO] Translation: Say to Šalim-Aššur: Why is it that you wrote me about, saying: Your father answe
2026-06-13 21:13:13,693 [INFO] Translating: um-ma kà-ru-um kà-ni-iš-ma a-na ku-li-a ší-ip-ri-ni kà-ar kà-ar-ma a-le sú-kà-li
2026-06-13 21:13:27,020 [INFO] Translation: Say to Kuliya, thus Kanesh, saying: Sukkallia son of Aššur-ištikar, and we gave 
2026-06-13 21:13:27,021 [INFO] Eval progress: 80/500
2026-06-13 21:13:27,023 [INFO] Translating: bu- a-na kur-ub-ištar iṣ-bu-tù-ni-a-tí ù bi- ší-bi lá ù iš-tù ù ṣú-ḫa-ru a-na ṣé
2026-06-13 21:13:40,301 [INFO] Translation: To Kurub-Ištar from Iṣbutuniyattī and bring you the silver to Aššur-<gap>
2026-06-13 21:13:40,304 [INFO] Translating: 17 ma-na kù.babbar ša puzur₄.ištar lu a-na dam.gàr nu-a-e ù ištar-lá-ma-sí dam a
2026-06-13 21:13:53,166 [INFO] Translation: The 17 minas of silver that Puzur-Ištar owes to Damiq-pī-Aššur, Lu, and Ali-ahum
2026-06-13 21:13:53,168 [INFO] Translating: ša-lim-a-šur a-na mar.tu-ba-ni iṣ-ba-at-ni-a-tí-ma um-ma ša-lim-a-šur-ma a-na ma
2026-06-13 21:14:07,245 [INFO] Translation: Thus Šalim-Aššur, say to Martu-bāni, Iṣbatniyattī: Why have you written about th
2026-06-13 21:14:07,247 [INFO] Translating: 18.25 gín kù.babbar i li-bi₄ ir-ma-a-šùr
2026-06-13 21:14:12,270 [INFO] Translation: 18.25 shekels of silver owed by Ir'am-Aššur.
2026-06-13 21:14:12,273 [INFO] Translating: a-na šu-ištar qí-bi-ma um-ma en-um-a-šur ú -ri-ma ta-áš-pu-ra-am um-ma a-ta-ma 5
2026-06-13 21:14:45,531 [INFO] Translation: Say to Šu-Ištar, thus Ennam-Aššur and <gap>: Utubani brings you 50 minas of tin 
2026-06-13 21:14:45,533 [INFO] Translating: ni-dí-nu-ma igi en.líl-ba-ni dumu iš-ma-a-šur igi du₁₀-ṣí-lá-a-šur dumu a-šur-ba
2026-06-13 21:15:01,720 [INFO] Translation: Thus Ennam-Aššur, son of Issu-arik, and Duttu-ṣilli-Adad, owes to Elil-bāni,
2026-06-13 21:15:01,722 [INFO] Translating: itu.1.kam a-lá-na-tum li-mu-um a-šur-i-dí ša ì-lí-dan ù sá-li-a ṭup-pá-áš-nu itu
2026-06-13 21:15:32,589 [INFO] Translation: Seal of Ali-anna, the merchant, Aššur-idī, Šēp-Ištar and Saliya,
2026-06-13 21:15:32,591 [INFO] Translating: 2 ma-na 10 gín kù.babbar ṣa-ru-pu-um ší-im an.na ša dam.gàr a-na tù-ra-am-ì-lí d
2026-06-13 21:16:06,425 [INFO] Translation: 2 minas 10 shekels of refined silver for the merchant to Turam-ilī son Of Eddin-
2026-06-13 21:16:06,427 [INFO] Translating: 2 ší-na sú-pá-nu ša 2 ma-na.ta e ú ša-al-šu-um sú-pá-num 1 ma-na šu-qú-ul-ta-šu 
2026-06-13 21:16:32,007 [INFO] Translation: Sealed by 2 minas of tin and Šalim-wardī - all this I gave to Amur-Aššur's dagge
2026-06-13 21:16:32,010 [INFO] Translating: ša 24 ma-na kù.babbar i-dí-a-bu-um a-na a-šur-be-el-a-wa-tim ḫa-bu-lu šu-ku-bu-u
2026-06-13 21:17:05,804 [INFO] Translation: Iddin-abum owes 24 minas of silver to Aššur-bēl-awātim, the merchant, and his te
2026-06-13 21:17:05,806 [INFO] Translating: 0.5 gín a-šùr-ma-lik pá-ni-am i-na-pá-al 0.5 gín kù.babbar a-mur-utu i-na-pá-al 
2026-06-13 21:17:37,911 [INFO] Translation: 1.5 shekel Aššur-malik owes to the price of 1 mina and 21.8666 grains. In accord
2026-06-13 21:17:37,914 [INFO] Translating: a-na iš-du-ki-in qí-bí-ma um-ma a-šur-mu-ta-bi₄-il₅-ma ú-nu-ut-kà ša-al-ma-at -a
2026-06-13 21:18:10,567 [INFO] Translation: To Išdu-kēn from Aššur-muttabbil: Why is it that you wrote me about, when he doe
2026-06-13 21:18:10,569 [INFO] Translating: 8 ma-na kù.babbar ṣa-ru-pá-am da-dí-a dumu en-na-nim i-na ší-im síg.ḫi.a ša ú-ší
2026-06-13 21:18:31,972 [INFO] Translation: 2 minas of refined silver Dadiya son Of Ennānum owes to Aššur-imittī,
2026-06-13 21:18:31,974 [INFO] Translating: a-na a-šur-ni-im-ri qí-bi₄-ma um-ma kur-bi₄-ì-lí-ma e-ma-ru a-na na-áb-ri-tim-ma
2026-06-13 21:19:05,035 [INFO] Translation: To Aššur-nimrī from Kurbi-ilī: Why is it that you wrote me about, and I have not
2026-06-13 21:19:05,038 [INFO] Translating: a-na šu-ištar ú qí-bi-ma um-ma ma-num-ba-lúm-a-šur-ma a-na šu-ištar qí-bi-ma a-n
2026-06-13 21:19:31,627 [INFO] Translation: Say to Šu-Ištar and questioned Mannum-balšm-Aššur: Why is it that you wrote me a
2026-06-13 21:19:31,629 [INFO] Translating: 3.6666 ma-na kù.babbar a-na ma-ma-i-im a-šu-mì a-šur-ta-ak-lá-ku lugal-sú-in iš-
2026-06-13 21:20:01,357 [INFO] Translation: Seal of Aššur-taklāku, Lugal-Suen, is owed by Šu-Ištar; 5 minas <gap> shekels fo
2026-06-13 21:20:01,359 [INFO] Translating: da-a-sú ù ú-kúl-tù-šu ša ki-ta-a iš-tù bu-ru-uš-ḫa-tim a-dí a-lim e-lá-ma iš-qúl
2026-06-13 21:20:31,197 [INFO] Translation: The daughter of Damiq-pī-Aššur and Ukultus that Elamma have been paid with Buruš
2026-06-13 21:20:31,199 [INFO] Translating: a-na e-na-nim ù a-lá-ḫi-im qí-bi₄-ma um-ma man-a-šùr-ma a-na e-na-nim qí-bi₄-ma 
2026-06-13 21:21:04,962 [INFO] Translation: To Ennam-Aššur and Ali-ahum from Man-mahir: As for the 0.5 mina 2 shekels of sil
2026-06-13 21:21:04,965 [INFO] Translating: um-ma ša ki-ma ku-wa-tí-ma a-na en-um-a-šur qí-bi₄-ma 21 gú 40 ma-na urudu 1 gú 
2026-06-13 21:21:32,841 [INFO] Translation: Thus Kuwatti, say to Ennam-Aššur: 21 talents 40 minas of good copper, 1 guaranto
2026-06-13 21:21:32,843 [INFO] Translating: a-na 4 gú an.na a-wi-it e-lá-ma 4 ma-na 15 gín.ta da-tum 17 ma-na an.na ik-šu-sú
2026-06-13 21:22:06,373 [INFO] Translation: Say to 4 talents of tin that Elamma owes 40 minas 15 shekels for silver, 17 mont
2026-06-13 21:22:06,374 [INFO] Eval progress: 100/500
2026-06-13 21:22:06,376 [INFO] Translating: 0.3333 ma-na 3 gín kù.babbar a-na sú-sá-a a-šu-mì a-al-du₁₀ áš-qúl igi en-na-nim
2026-06-13 21:22:15,702 [INFO] Translation: 1 mina 3 shekels of silver for Susaya.
2026-06-13 21:22:15,704 [INFO] Translating: a-na tám-kà-ri-im qí-bi-ma um-ma šu-ištar-ma 9 ma-na kù.babbar ṣa-ru-pá-am ku-nu
2026-06-13 21:22:47,988 [INFO] Translation: To Tamkarum from Šu-Ištar: 9 minas of refined silve
2026-06-13 21:22:47,990 [INFO] Translating: a-na a-lá-ḫi-im qí-bi-ma um-ma sig₅-pí-i-a-šur-ma ù man-a-šur i-na ḫa-ḫi-im ú-nu
2026-06-13 21:23:18,169 [INFO] Translation: To Ali-ahum from Damiq-pī-Aššur and Man-mahir; specifically to the City as witne
2026-06-13 21:23:18,171 [INFO] Translating: kišib i-dí-im dumu a-šur-du₁₀ kišib šu- kišib a-šur--šu-um ša a-lu-lá-a ša a-dí
2026-06-13 21:23:37,535 [INFO] Translation: From Iddin-abum son of Aššur-ṭāb to Šu-<gap> sealed by Alulaya, before Adida.
2026-06-13 21:23:37,537 [INFO] Translating: a-na šál-ma-a-šur kišib ma-ma-ḫi-ir 1.5 ma-na urudu a-na qá-tí-šu-nu ú-ra-dí
2026-06-13 21:23:44,360 [INFO] Translation: To Šalim-Aššur; seal of Man-mahir;
2026-06-13 21:23:44,362 [INFO] Translating: i-šu-šu-um um-ma i-na-aḫ-dingir-ma kù.babbar šu-qú-ul a-we-lúm kù.babbar ú-ša-áš
2026-06-13 21:24:18,320 [INFO] Translation: Thus Iššu-šamšī, say to Inah-ilī: As for these proceedings, which you wrote me a
2026-06-13 21:24:18,323 [INFO] Translating: a-na-kam ù me-er-ú ša-bu-ú a-na ṭup-pì-im ta-da-nim igi ṣa-bi₄-im 10 a-šur-ma-li
2026-06-13 21:24:48,667 [INFO] Translation: Say to the merchant and my seals, as follows: 10 Aššur-mālik Epuli have been bro
2026-06-13 21:24:48,671 [INFO] Translating: 2 gín kù.babbar iš-tí i-tur₄-dingir dumu puzur₄-a-na 2 ší-ni-šu ší-né-en ša wa-a
2026-06-13 21:25:19,088 [INFO] Translation: 1 shekel of silver is owed by Itūr-ilī son oF Puzur-Anna. 2 šinišus belonging to
2026-06-13 21:25:19,090 [INFO] Translating: kišib zu-ba dumu en-na-nim kišib puzur₄-iškur dumu i-dí-ištar a-lá-bu-um dumu zi
2026-06-13 21:25:37,862 [INFO] Translation: The Zuba son of Ennānum seized us against Puzur-Ištar, they will pay in time whe
2026-06-13 21:25:37,865 [INFO] Translating: 1 ṭup-pá-am ša bi-zi-lá ù ištar-lá-ma-sí qá-sá ša ištar-lá-ma-sí 2 qá-áb-li-a-ti
2026-06-13 21:26:09,686 [INFO] Translation: Seal of Bizila and Ištar-lamassī, 2 qablī-attorneys belonging to
2026-06-13 21:26:09,688 [INFO] Translating: ša ni-iš a-lim ù ru-ba-im ta-mu-ú kà-i-lá ma-nu-ba-lu-um-a-šur a-ša-a-al-kà ṭup-
2026-06-13 21:26:42,732 [INFO] Translation: Seal of Niš, Ali-ahum and Rubaim, the merchant, Mannu-balum-Aššur seized us agai
2026-06-13 21:26:42,735 [INFO] Translating: 3 ma-na an.na ku-nu-ki ša i-ku-pí-ištar dumu i-ku-a-a a-na ì-lí-a-lim dumu sú-kà
2026-06-13 21:27:13,078 [INFO] Translation: 2 minas of tin under my seal to Ikūn-pī-Ištar, son Of Sukkalliya, with Šu-Kūbum,
2026-06-13 21:27:13,080 [INFO] Translating: um-ma a-šur-ma-sú-wi-ma a-na a-šur-na-da ù en-nam-a-šùr qí-bi₄-ma a-na en-nam-a-
2026-06-13 21:27:44,611 [INFO] Translation: Say to Aššur-massuʾī, saying: As for the 5 shekels of silver I gave you a tablet
2026-06-13 21:27:44,613 [INFO] Translating: šu-be-lúm dumu i-dí-a-bi₄-im a-na puzur₄.ištar dumu da-da iṣ-ba-at-ni-a-tí-ma um
2026-06-13 21:28:17,797 [INFO] Translation: Say to Puzur-Ištar son of Dada, thus Šu-Bēlum, sealed by Iddin-abum: As for your
2026-06-13 21:28:17,799 [INFO] Translating: 8 ma-na kù ṣa-ru-pá-am i-ṣé-er i-dí-a-bi₄-im ku-la i-šu iš-tù ḫa-mu-uš-tim ša ḫa
2026-06-13 21:28:50,166 [INFO] Translation: Two minas of refined silver Iddin-abum owes to Kula, the priest, and Sukkalliya.
2026-06-13 21:28:50,168 [INFO] Translating: kišib i-pí-lí-is kišib a-šur-na-da dumu a-mur-lu-sú kišib la-qé-pí-im ša e-la-ma
2026-06-13 21:29:23,081 [INFO] Translation: From Ippilis, seal of Aššur-nādā son, Amurrum-bāni, by Lā-qēp, that Elamma and I
2026-06-13 21:29:23,083 [INFO] Translating: 10.75 gín kù.babbar i-ṣé-er a-li-li tù-mì-li-a-i-im a-lá-ḫu-um i-šu iš-tù ḫa-mu-
2026-06-13 21:29:52,432 [INFO] Translation: Tumiliya owes 10.75 shekels of silver to Ali-ahum.
2026-06-13 21:29:52,435 [INFO] Translating: 36 gú síg.ḫi.a ša ì-lí-dan ša i-na é ir-i-bi₄-im i-ba-ší-ú en-um-a-šur iṣ-ba-at 
2026-06-13 21:30:21,472 [INFO] Translation: 16 talents of good quality for Ilī-dan, which I have not paid in Ir'ibum's house
2026-06-13 21:30:21,474 [INFO] Translating: 0.3333 ma-na kù.babbar ṣa-ru-pu-um ki a-we-lá-tim itu.kam be-el-té-kà-lim li-mu-
2026-06-13 21:30:51,534 [INFO] Translation: Sealed by Awēlātum, the price of our first representatives belonging to Dugṣilli
2026-06-13 21:30:51,536 [INFO] Translating: kišib a-šùr-ba-ni a-na šu-pè-e-nu-ma-an dumu ma-lá a
2026-06-13 21:30:57,550 [INFO] Translation: From Aššur-bāni to Šuppenuman son of Mala.
2026-06-13 21:30:57,551 [INFO] Eval progress: 120/500
2026-06-13 21:30:57,553 [INFO] Translating: kišib ib-ni-im kišib id-na-a kišib a-zu-za-a ša be-ú-lá-at puzur₄-ša-du-e ṭup-pu
2026-06-13 21:31:20,288 [INFO] Translation: Seal of Ibni-Adad, seaL owes to Idnāya, by Azuzaya; the proceeds from Bēlāt, Puz
2026-06-13 21:31:20,291 [INFO] Translating: um-ma be-lu-lu-ma a-na aḫ-ša-lim qí-bi-ma i-nu-mì tù-uṣ-ú-ni 1 ma-na kù.babbar a
2026-06-13 21:31:51,053 [INFO] Translation: Thus Bēlum, say to Ah-šalim:
2026-06-13 21:31:51,056 [INFO] Translating: kišib šu-nu-nu dumu a-mur-ištar kišib zu-zu dumu en-um-ì-lí kišib mar.tu-ba-ni d
2026-06-13 21:32:17,028 [INFO] Translation: The Šu-Nūnu son of Amur-Ištar seized us against Zuzu, due from Ennam-ilī, kišib 
2026-06-13 21:32:17,030 [INFO] Translating: 3.3333 ma-na kù.babbar ša iš-tù li-mì-im dingir-ba-ni a-bu-ni a-na puzur₄-sú-in 
2026-06-13 21:32:34,947 [INFO] Translation: Sealed by Dingir-bāni, the price of our firm, I gave to Puzur-Suen for Ebu-ṭāb.
2026-06-13 21:32:34,949 [INFO] Translating: 34 túg ku-ta-ni i-na-pu-lu-nim 3.8333 ma-na ša mì-ší-tim 1.8333 ma-na 3.5 gín ša
2026-06-13 21:32:52,016 [INFO] Translation: 14 -textiles Inapulunum, 3.8333 minas of silver for the proceeds from my investo
2026-06-13 21:32:52,018 [INFO] Translating: 5 ta-ma-la-ku ša ṭup-pí ḫa-ru-mu-tim a-ḫa-ma 2 ta-ma-lá-ku ša i-dí-a-bi-im ù iš-
2026-06-13 21:33:23,633 [INFO] Translation: Iddin-abum and Ištar brought 2 talents of silver for these proceeds from harumut
2026-06-13 21:33:23,635 [INFO] Translating: 5.5 ma-na urudu sig₅ a-na a-we-el-tim tù-um-li-a-tim wa-al-dí-dingir ú-bi-il₅
2026-06-13 21:33:32,991 [INFO] Translation: 2.5 minas of good copper for the proceeds from Tumliya.
2026-06-13 21:33:32,992 [INFO] Translating: 18 ma-na kù.babbar ṣa-ru-pá-am en-um-a-šùr dumu sú-kà-lí-a i-na ší-im síg.ḫi.a š
2026-06-13 21:33:58,499 [INFO] Translation: From Ennam-Aššur son of Sukkalliya to the priest. Witnessed by Assur-imittī,
2026-06-13 21:33:58,501 [INFO] Translating: 0.3333 ma-na 2.5 gín kù.babbar 20 ninda i-ṣé-er tù-wa-ra-a-aḫ-šu a-lá-ḫu-um i-šu
2026-06-13 21:34:11,013 [INFO] Translation: Twarahšu owes 20 black donkeys to Ali-ahum.
2026-06-13 21:34:11,015 [INFO] Translating: 2 gín a-na en-nam-a-šur dumu e-lá-ma a-dí-in 1 gín kù.babbar a-na ra-bi₄-ṣí-šu a
2026-06-13 21:34:33,834 [INFO] Translation: 2 shekels for Ennam-Aššur, son of Elamma, added, 1 grain silver as interest at t
2026-06-13 21:34:33,836 [INFO] Translating: 2 e-ma-re-e a-na 0.5 ma-na 3 gín kù.babbar 2 e-ma-re a-na 0.3333 ma-na 5.5 gín k
2026-06-13 21:35:08,147 [INFO] Translation: 2 emarrees for 0.5 mina 3 shekels of silver, 2 black donkeys and 1 / 4, 1.5
2026-06-13 21:35:08,150 [INFO] Translating: um-ma a-šur-utu-ši ù da-da-a-ma a-na a-lá-ḫi-im qí-bi-ma a-na ma-lá tí-ir-tí-kà 
2026-06-13 21:35:42,660 [INFO] Translation: Thus Aššur-šamšī and Dadaya, say to Ali-ahum: Šu-Illil brings you 3 minas of sil
2026-06-13 21:35:42,662 [INFO] Translating: a-ṣé-er-ša ki-ma dam.gàr bi₄-il₅-ma a ma-lá tí-ir-tí dam.gàr ší-mu-um li-ší-i-ma
2026-06-13 21:36:09,336 [INFO] Translation: From the merchant to Mala, which Adida son of Irad-ilīšu has received a tablet c
2026-06-13 21:36:09,338 [INFO] Translating: a-na a-dí-da ú a-lá-ḫi-im ù ku-ku-lá-nim qí-bi-ma um-ma man-a-šur-ma šu-ma a-da-
2026-06-13 21:36:41,411 [INFO] Translation: To Adida and Ali-ahum from Man-mahir: As for the silver you wrote me about, Enna
2026-06-13 21:36:41,413 [INFO] Translating: 4.5 gú urudu sig₅ 1 gú 20 ma-na urudu lá-mu-nu-um i-na ma-ṣa-ar-tim ša a-mur-a-š
2026-06-13 21:37:14,836 [INFO] Translation: 1 talent 20 minas of good copper, its import duty added, Elamma and Aššur-rē'ī s
2026-06-13 21:37:14,838 [INFO] Translating: kišib ba-ba-zu-a dumu šu-a-nim kišib du₁₀-ṣí-li-a-šur dumu a-li-li kišib šu-išta
2026-06-13 21:37:39,071 [INFO] Translation: The Babazuwa son of Šu-Anum sealed by Duttu-ṣilli-Aššur,
2026-06-13 21:37:39,073 [INFO] Translating: gín kù.babbar i-ṣé-er ga-lu ù ku-lu-ma-an pé-ru-wa i-šu i-na ša-tim ša-tim 6 gín
2026-06-13 21:37:59,511 [INFO] Translation: 1 shekel of silver owed by Galu and Kuluman, Peruwa.
2026-06-13 21:37:59,513 [INFO] Translating: ṭup-pá-am ša 3 ma-na 15 gín kù.babbar ša ḫu-bu-ul a-nu-li a-na a-gi-a dumu puzur
2026-06-13 21:38:20,511 [INFO] Translation: Sealed by 3 minas 15 shekels of silver for Anuli, the tablet fem.
2026-06-13 21:38:20,513 [INFO] Translating: a-na a-lá-ḫi-im qí-bi-ma um-ma sig₅-pí-a-šur man-a-šur ú ṣí-li-a-ma a-dí dumu ḫi
2026-06-13 21:38:52,638 [INFO] Translation: To Ali-ahum from Damiq-pī-Aššur, Man-mahir and Ṣilliya, saying: My dear brothers
2026-06-13 21:38:52,641 [INFO] Translating: 24.3333 ma-na kù.babbar ù ša 3 túg 1 ma-na 7.5 gín ša anše ša 12 túg 4 ma-na ša 
2026-06-13 21:39:24,903 [INFO] Translation: Sealed by 3 textiles and 1 mina 7.5 shekels of silver for the proceedings from 3
2026-06-13 21:39:24,904 [INFO] Eval progress: 140/500
2026-06-13 21:39:24,905 [INFO] Translating: 1 gú 20 ma-na urudu sig₅ ša tí-iš-mur-ur-na a-na šu-zu-zu aḫ-bu-ul-šum urudu ša-
2026-06-13 21:39:42,111 [INFO] Translation: 1 talent 20 minas of good copper from Tišmur-šamšī to Šu-Zuzu.
2026-06-13 21:39:42,113 [INFO] Translating: kà-ru-um kà-ni-ìš dì-nam i-dì-in-ma ša-lim-a-šùr ù dumu a-mur-ištar ší-bi-šu-nu 
2026-06-13 21:40:09,640 [INFO] Translation: Iddin-abum, Šalim-Aššur and son of Amur-Ištar, seized us against Ali-ahum from t
2026-06-13 21:40:09,642 [INFO] Translating: 1.5 gú 0.6666 ma-na 5 gín an.na iš-tù ni-is-ḫa-tim ni-dí-nu ni-is-ni-iq 11.5 gín
2026-06-13 21:40:32,415 [INFO] Translation: 1.5 talent of tin is owed by Nishattum; our father was brought to you; 11 shekel
2026-06-13 21:40:32,418 [INFO] Translating: a-na en-um-a-šùr qí-bi-ma um-ma lá-qé-ep-ma 20 2 gú síg.ḫi.a šé-ep-ištar ù ša-li
2026-06-13 21:41:03,902 [INFO] Translation: To Ennam-Aššur from Lā-qēp: 20 2 talents of good quality, Šeppištar and that you
2026-06-13 21:41:03,904 [INFO] Translating: 0.6666 ma-na 2.83334 gín kù.babbar i li-bi₄-šu-nu a-ḫu-ur
2026-06-13 21:41:07,542 [INFO] Translation: Seal of Libbi-šunu, Ahur.
2026-06-13 21:41:07,545 [INFO] Translating: a-na en-nam-a-šur qí-bi₄-ma um-ma a-lá-ḫu-um ù a-mur-ištar-ma lá li-bi i-li-ma a
2026-06-13 21:41:39,321 [INFO] Translation: To Ennam-Aššur from Ali-ahum and Amur-Ištar: Why is it that you have not paid to
2026-06-13 21:41:39,323 [INFO] Translating: kišib lá-qé-ep dumu šu-a-šur kišib ku-ra dumu i-dí-a-šur kišib a-šur-lá-ma-sí 12
2026-06-13 21:42:13,317 [INFO] Translation: The Lā-qēp son of Šu-Aššur seized us against Kura, Suen-damiq-pī-Assi, 12.5 mina
2026-06-13 21:42:13,320 [INFO] Translating: i-nu-mì i-dí-a-bu-um a-na a-lim i-lu-ku 2 ma-na kù.gi i-na na-ru-qí-šu ki um-me-
2026-06-13 21:42:47,002 [INFO] Translation: Thus Iddin-abum, say to Ali-ahum: 2 minas of gold in Naruqišu, with Ummī-Anum th
2026-06-13 21:42:47,004 [INFO] Translating: i-na ṣí-ba-at ṭup-pí-im 12 ma-na ḫa-bu-lá-ku ú iš-ta- mì-nam lá-dí-na-kum
2026-06-13 21:42:54,475 [INFO] Translation: To Ṣilli-Adad from the week of 12 minas habulāku and Ištar.
2026-06-13 21:42:54,478 [INFO] Translating: um-ma en-nam-a-šur-ma ù da-dí-a-ma a-na e-lá-ma qí-bi₄-ma 30-ma-na kù.babbar ša 
2026-06-13 21:43:26,860 [INFO] Translation: Thus Ennam-Aššur and Dadiya, say to Elamma: 30 minas of silver that Assur-rē'ī b
2026-06-13 21:43:26,861 [INFO] Translating: a-na ku-li-a qí-bi-ma um-ma a-ba-ba-a-a-ma a-na-kam 1.3333 ma-na kù.babbar ša a-
2026-06-13 21:43:38,338 [INFO] Translation: Say to Kuliya, thus Ababaya: As for 1 mina of silver, which you have not paid at
2026-06-13 21:43:38,339 [INFO] Translating: 2 ú-kà-pu-ú e-dí-ú tum ša iš-tí du-du-ú a-na kà-ar-pá-at ú na-bi-it ṭá-áb-tim al
2026-06-13 21:43:50,368 [INFO] Translation: Sealed by Eddin-abum, the price of 10 black donkeys in Dudu's house to Karpat an
2026-06-13 21:43:50,370 [INFO] Translating: 1.5 gín kù.babbar a-na a-šur-ma-lik 1 gín a-na ba-ba-a-a gín a-na šu-ku-bi₄-im i
2026-06-13 21:43:55,962 [INFO] Translation: 1.5 shekel of silver for Aššur-malik;
2026-06-13 21:43:55,964 [INFO] Translating: en-um-a-šur a-na i-na-aḫ-dingir iṣ-ba-at-ni-a-tí-ma um-ma en-um-a-šur-ma a-na i-
2026-06-13 21:44:29,776 [INFO] Translation: From Ennam-Aššur to Inah-ilī, Iṣbatnī-Attī: Why is it that Ali-ahum has not paid
2026-06-13 21:44:29,778 [INFO] Translating: i-na a-wa-at im mì-ḫu-um ù sá-as-qí-um
2026-06-13 21:44:33,830 [INFO] Translation: To Awaya from Mihum and Sasqiya.
2026-06-13 21:44:33,831 [INFO] Translating: 4.3333 ma-na 5 gín.ta an.na bi₄-il₅-tám a-dí za-al-pá ik-šu-dam 0.6666 ma-na 5 g
2026-06-13 21:45:06,840 [INFO] Translation: Seal of Zalpa, Ikūn-pī-Aššur, 0.5666 mina 5 shekels for the silver is owed by Zā
2026-06-13 21:45:06,843 [INFO] Translating: kišib a-ba-ba a-na a-lá-ḫi-im dumu šál-ma-a-šur
2026-06-13 21:45:12,490 [INFO] Translation: From Ababa to Ali-ahum son of Šalim-Aššur.
2026-06-13 21:45:12,492 [INFO] Translating: a-na ma-nu-ki-a-šùr dumu a-šùr-du₁₀ ù a-ḫa-tim dumu ší-na-na-tim kišib ú-ṣur-ša-
2026-06-13 21:45:26,188 [INFO] Translation: Say to Mannum-kī-Aššur son of Assur-ṭāb and Ahātum sealed by
2026-06-13 21:45:26,190 [INFO] Translating: ni-kà-sí ma-aḫ-ri-ni i-dí-a-bu-um ù ša-lim-a-šùr i-sí-ú a-na mu-lá-a 10 ma-na kù
2026-06-13 21:45:58,933 [INFO] Translation: Iddin-abum and Šalim-Aššur seized us against Mulaya, 10 minas of silver that Iss
2026-06-13 21:45:58,935 [INFO] Translating: um-ma ku-du-du-ma a-na mu-za ù en-nam-a-šur qí-bi₄-ma 17 ma-na urudu ší-kam a-na
2026-06-13 21:46:30,849 [INFO] Translation: Say to Muza and Ennam-Aššur: 17 minas of washed copper for Kanaya, the silver, i
2026-06-13 21:46:30,850 [INFO] Eval progress: 160/500
2026-06-13 21:46:30,852 [INFO] Translating: 20 2 gú síg.ḫi.a 94 maš-ku 10 anše.ḫi.a ṣa-lá-mu a-ḫa-ma 12 ú-kà-pu ša qá-ra-bi-
2026-06-13 21:47:03,647 [INFO] Translation: 20 2 talents of good quality, 94 black donkeys, 10 barley from the colony and wh
2026-06-13 21:47:03,650 [INFO] Translating: 3 ma-na 16.1666 gín kù.babbar ki-ma a-šùr-ma-lik dumu lu-zi-na a-šùr-gal dumu ma
2026-06-13 21:47:19,191 [INFO] Translation: 2 minas 16.1666 shekels of silver, its import duty added, Aššur-malik, son, Sukk
2026-06-13 21:47:19,194 [INFO] Translating: kišib en-um-a-šur dumu ištar-lá-ma-sí kišib in-ba-a-šur dumu pì-lá-aḫ-sú-in kiši
2026-06-13 21:47:45,622 [INFO] Translation: From Ennam-Aššur son of Ištar-lamassī, sealed by Innāya, the merchant and Puzur-
2026-06-13 21:47:45,624 [INFO] Translating: -na gír ša a-šur iṣ-ba-at-ma a-šur-ma-lik dumu utu-na-ṣí-ir pí-šu iš-me a-šur-ta
2026-06-13 21:48:08,147 [INFO] Translation: To the City of Aššur's dagger, which Assur has received a tablet concerning Šama
2026-06-13 21:48:08,148 [INFO] Translating: kišib ì-lí-áš-ra-ni dumu a-šur-du₁₀ kišib šu-sú-in dumu da-dí-im kišib e-nu-bé-l
2026-06-13 21:48:39,326 [INFO] Translation: The Ilī-ašrannī son of Aššur-ṭāb seized us against Ennam-Bēlum, when they will p
2026-06-13 21:48:39,328 [INFO] Translating: kišib ḫa-nu-nu-dub.sar li-ip-tí-ištar dumu lá-li-im ù ú-ṣur-ša-ištar a-na a-la-ḫ
2026-06-13 21:48:54,061 [INFO] Translation: Seal of hanunu-dubsar, Lipit-Ištar son Of Lā-qēp and Uṣur-ša-Iddin-abum, to Ali-
2026-06-13 21:48:54,063 [INFO] Translating: 3 gín kù.babbar a-gi-a na-áš-a-ki-im 3 gín kù.babbar puzur₄-a-šùr na-áš-a-ki-im 
2026-06-13 21:49:10,869 [INFO] Translation: 2 shekels of silver Agiya, Našakum, 3 grains, sealed by Puzur-Aššur, Pūš-Akkadia
2026-06-13 21:49:10,872 [INFO] Translating: 1 ma-na kù.babbar a-na a-šur-ma-lik dí-in-šu-ma i-na ša na na-ru-qí-im i-na ša l
2026-06-13 21:49:39,149 [INFO] Translation: 1 mina of silver for Aššur-malik, Dīn-šamšī, the priest,
2026-06-13 21:49:39,151 [INFO] Translating: 15 gín kù.babbar i-na li-bi₄ i-ri-ší-im dumu a-mur-utu iš-tù ḫa-mu-uš-tim ša i-n
2026-06-13 21:49:44,280 [INFO] Translation: Sealed by Irišum son of Amur-Šamaš.
2026-06-13 21:49:44,281 [INFO] Translating: a-na ša-zu-a ša-lim-ma ú bi-ta-a
2026-06-13 21:49:45,225 [INFO] Translation: Say to Šazuwa and Bēlum-bītaya.
2026-06-13 21:49:45,227 [INFO] Translating: um-ma e-la-ma ù a-šur-dan-ma a-na a-mur-ištar a-šur-na-da ù ku-ni-lim qí-bi₄-ma 
2026-06-13 21:50:18,203 [INFO] Translation: Thus Elamma and Aššur-ṭāb, say to Amurrum-bāni: Iddin-Ištar brings you 7 minas 1
2026-06-13 21:50:18,206 [INFO] Translating: a-na ku-ku-zi-a lá-qé-ep ù a-na-a-na qí-bi-ma um-ma en-um-a-šùr-ma a ma-la ú-ša-
2026-06-13 21:50:50,367 [INFO] Translation: Say to Kukuziya, Lā-qēp and Anana from Ennam-Aššur: Why is it that you wrote me 
2026-06-13 21:50:50,369 [INFO] Translating: ša-lim-a-šùr ù šu-be-lúm dumu i-dí-a-bi₄-im ni-kà-sí ma-aḫ-ri-ni i-sí-ú-ma 1 gú 
2026-06-13 21:51:23,792 [INFO] Translation: Salim-Aššur and Šu-Bēlum, son of Iddin-abum seized us against Mahhrini, Issu-ari
2026-06-13 21:51:23,794 [INFO] Translating: kišib a-šùr-e-mu-qí kišib en-nam-a-šùr dumu me-na-a kišib i-dí-a-bi-im ša ḫu-bu-
2026-06-13 21:51:55,290 [INFO] Translation: The Aššur-emūqī seized us against Ennam-Assur son of Menaya, by Iddin-abum. 13 m
2026-06-13 21:51:55,293 [INFO] Translating: um-ma i-ku-pí-a-ma a-na en-um-a-šùr i-dí-a-bi-im ù lá-qé-ep qí-bi-ma 10 ma-na kù
2026-06-13 21:52:24,119 [INFO] Translation: Thus Ikūn-pīya, say to Ennam-Aššur, Iddin-abum and Lā-qēp:
2026-06-13 21:52:24,120 [INFO] Translating: a-na kur-ub-ištar i-ku-pì-a šu-ištar a-dí-da ù a-mur-ištar qí-bi-ma um-ma ša-lim
2026-06-13 21:52:31,379 [INFO] Translation: Ikūn-pīya, Šu-Ištar, Adida and Amurrum-bāni; specifically to Kurub-Istrat, sayin
2026-06-13 21:52:31,380 [INFO] Translating: 1.6666 ma-na 5 gín kù.babbar ku-nu-ki ša šu-ḫu-bur a-na a-lá-ḫi-im e-zi-bu ki-ma
2026-06-13 21:52:37,398 [INFO] Translation: Sealed by Šu-hubur to Ali-ahum, Ezibu, saying: Aššur-bēl-šadu'e owes 5 shekels o
2026-06-13 21:52:37,399 [INFO] Translating: a-na en-um-a-šur qí-bi-ma um-ma lá-qé-ep-ma a-na-ku ú en-na-num a-na é ḫu-ur-ší-
2026-06-13 21:52:44,834 [INFO] Translation: Say to Ennam-Aššur, thus Lā-qēp: As for your father's dagger and said: Why is It
2026-06-13 21:52:44,835 [INFO] Translating: 2 ma-na kù.babbar ší-im-tum ša ṭup-pí-šu ḫa-ar-mì-im 12 gín ù 2 sú-pu-ú sig₅ ṣí-
2026-06-13 21:52:52,256 [INFO] Translation: 1 mina of silver that has received 12 shekels and 2 black donkeys from his wife,
2026-06-13 21:52:52,257 [INFO] Translating: da-a-a-nu dí-nam i-dí-nu-ma 6 gín kù.babbar ša kà-áp-sí-a dam.mí a-lá-bí-im a-na
2026-06-13 21:52:59,651 [INFO] Translation: From Damiq-pī-Aššur to Buṣi, son of Iddin-Iškur, he will pay 6 shekels, one mont
2026-06-13 21:52:59,652 [INFO] Eval progress: 180/500
2026-06-13 21:52:59,653 [INFO] Translating: kišib dingir-na-da dumu ba-zi-a kišib en-nam-a-šùr dumu kà-ri-a kišib ki-ta-a ša
2026-06-13 21:53:06,158 [INFO] Translation: Seal of Dingir-nādā, son Of Baziya, by Ennam-Aššur, Ṣilli-Adad, the priest, whic
2026-06-13 21:53:06,158 [INFO] Translating: i-dí-a-bu-um é-tí ša bu-ri-im a-šar ša-lim-a-šùr wa-áš-bu iš-tí tù-ud-ḫa-li-a a-
2026-06-13 21:53:14,918 [INFO] Translation: From Iddin-abum to the City of Šalim-Aššur's house, which his term has received 
2026-06-13 21:53:14,920 [INFO] Translating: 10 gín kù.babbar ṣa-ru-pá-am iš-tù ḫa-mu-uš-tim ša utu-ba-ni ù a-šur-ma-lik a-na
2026-06-13 21:53:45,188 [INFO] Translation: 10 shekels of refined silver from Utubani and Aššur-malik to hamuštum. If he doe
2026-06-13 21:53:45,190 [INFO] Translating: a-na i-sú-rik₁₃ qí-bi-ma um-ma ša-lim-a-šur-ma 1.3333 ma-na kù.babbar ṣa-ru-pá-a
2026-06-13 21:54:17,553 [INFO] Translation: To Issu-arik from Šalim-Aššur: Amur-Aya brings you 1 mina of refined silve
2026-06-13 21:54:17,555 [INFO] Translating: 4 ma-na kù.babbar ša a-mur-utu ú-šé-bi-lá-ni ku-nu-ki-šu ni-ip-ṭur₄-ma 4.3333 gí
2026-06-13 21:54:42,959 [INFO] Translation: 2 minas of silver that Amur-Šamaš owes to Ušeb-ilānu, sealed by Itūr-Ilī and Ašš
2026-06-13 21:54:42,961 [INFO] Translating: kišib šu-ku-bi-im kišib šu-ištar kišib a-mur-a-šur ša 2 gú an.na i-na e-lá an-na
2026-06-13 21:55:14,049 [INFO] Translation: From Šu-Kūbum, seal of Suen-ištar, by Amur-Aššur; to Elamma, and he will pay 2 t
2026-06-13 21:55:14,051 [INFO] Translating: a-na sú-ú-a-a ù en-um-a-šur ki a-šur-i-dí
2026-06-13 21:55:21,523 [INFO] Translation: To Suen-aya and Ennam-Aššur; specifically to Assur-idī.
2026-06-13 21:55:21,526 [INFO] Translating: 15 gín kù.babbar en-nam-a-šùr a-na ú-ṣú-ur-pì-a-šur i-dí-in šu-ma i-na a-lim ṭup
2026-06-13 21:55:54,903 [INFO] Translation: 15 shekels of silver Ennam-Aššur seized us against Uṣur-pi-Assur, and they will 
2026-06-13 21:55:54,905 [INFO] Translating: 8.5 gín kù.babbar ki en-na-nim na-pá-ḫi-im 1 gín kù.babbar a-na ninda ša-a-mì-im
2026-06-13 21:56:01,657 [INFO] Translation: 1 shekel of silver is owed by Ennānum;
2026-06-13 21:56:01,660 [INFO] Translating: 18 gín kù.babbar i-ṣé-er ki-da-aḫ-šu ù me-er-i-šu a-lá-ḫu-um i-šu 6 na-ru-uq mì-
2026-06-13 21:56:33,795 [INFO] Translation: 18 shekels of silver, its import duty added, Kidahšu and merchant, Ali-ahum has 
2026-06-13 21:56:33,797 [INFO] Translating: 0.5 ma-na kù.babbar ṣa-ru-pá-am a-ḫa-ma 1 gín ša-du-a-sú mì-ma a-nim a-na i-tur₄
2026-06-13 21:57:02,803 [INFO] Translation: 1 shekel of refined silver for Itūr-ilī, Suen-damiq-pī-son, seal, and Kunnuki, d
2026-06-13 21:57:02,806 [INFO] Translating: 4 gú 42 ma-na urudu iš-tí i-dí-mar.tu 0.5 ma-na bé-ú-la-at ki-ta-a 8 ma-na ki šu
2026-06-13 21:57:35,060 [INFO] Translation: 2 talents 42 minas of good copper owed by Iddin-artu; 0.5 man Bēlāt, Kitaya, 8 m
2026-06-13 21:57:35,063 [INFO] Translating: 17 ma-na ḫu-sá-ru-um 21 gú urudu sig₅ 8 anše ṣa-lá-mu ù ú-nu-sú-nu 20 ma-na ší-k
2026-06-13 21:58:06,073 [INFO] Translation: 17 minas husārum, 21 talents of good copper, 8 black donkeys and under seals, 10
2026-06-13 21:58:06,076 [INFO] Translating: um-ma a-šùr-ša-dí-dingir a-mur-ištar du₁₀-ṣí-lá-a-šùr ì-lí-a-lim a-nu-pí-a ù a-b
2026-06-13 21:58:39,987 [INFO] Translation: Thus Aššur-šadid-ilī, Amurrum-Ištar, Dual-ṣilli-Assur said to Kuliya: Why is it 
2026-06-13 21:58:39,989 [INFO] Translating: ma-na ší-kam ig-ri ša bi₄-il₅-tim a-dí ša-lá-tù-a-ar a-dí-in 20 ma-na ší-kam i-n
2026-06-13 21:59:09,768 [INFO] Translation: Sealed by Bēlum-textiles belonging to Šalatuwar; 20 minas of silver for the copp
2026-06-13 21:59:09,772 [INFO] Translating: a-na a-la-ḫi-im a-ni-na ù a-šur-ma-lik qí-bi-ma um-ma zu-ku-a-ma ma-na kù.babbar
2026-06-13 21:59:44,561 [INFO] Translation: Say to Ali-ahum, Annina and Aššur-malik, thus Zukuwa: My dear brothers, saying: 
2026-06-13 21:59:44,563 [INFO] Translating: a-na a-šur-sig₅ qí-bi₄-ma um-ma a-bu-ša-lim-ma a-na-kam áš-kà-pu ša a-na lú-ùḫ-r
2026-06-13 22:00:19,197 [INFO] Translation: Say to Aššur-rē'ī, thus Abu-šalim: As for what you wrote me about, saying: The s
2026-06-13 22:00:19,199 [INFO] Translating: a-na e-lá-ma ù kur-ub-ištar qí-bi-ma um-ma i-dí-a-šur-ma 2 gú 10 ma-na an.na ku-
2026-06-13 22:00:41,337 [INFO] Translation: Say to Elamma and Kurub-Ištar, thus Iddin-Aššur: 2 talents 10 minas of tin under
2026-06-13 22:00:41,339 [INFO] Translating: i-na 0.8333 ma-na kù.babbar ù 0.3333 ma-na 5 gín ša ší-im ku-ta-nim sig₅ ša i-na
2026-06-13 22:01:00,361 [INFO] Translation: Sealed by 0.8333 mina of silver and its transport tariff paid for these proceedi
2026-06-13 22:01:00,363 [INFO] Translating: 14 gú urudu sig₅ ša-bu-ra-am i-ṣé-er i-dí-a-šur dumu dan-a-šur puzur₄.ištar a-ḫi
2026-06-13 22:01:32,738 [INFO] Translation: 14 talents of good copper, Iddin-Aššur son Of Dan-ašsur; Puzur-Ištar owes to Ikū
2026-06-13 22:01:32,739 [INFO] Eval progress: 200/500
2026-06-13 22:01:32,742 [INFO] Translating: 0.5 ma-na kù.babbar a-na i-dí-a-šur 1.6666 ma-na kù.babbar a-na aḫ-ša-lim šà.ba 
2026-06-13 22:01:52,279 [INFO] Translation: Sealed by Iddin-Aššur;
2026-06-13 22:01:52,281 [INFO] Translating: 22 ma-na é a-šur-i-mì-tí ù ḫu-ni-a 20.5 ma-na ì-lí-a-lúm 10 ma-na lá 15 gín šu-k
2026-06-13 22:02:24,568 [INFO] Translation: Sealed by Aššur-imittī and huniya; 20.5 minas of Ilī-alum;
2026-06-13 22:02:24,571 [INFO] Translating: ra-bi-ṣú-um ša ša-lim-a-šùr a-na en-um-a-šùr ú a-lá-ḫi-im me-er-e ša-lim-a-šùr i
2026-06-13 22:02:57,671 [INFO] Translation: The representatives of Šalim-Aššur seized us and said to Ennam Assur-abum: In ac
2026-06-13 22:02:57,673 [INFO] Translating: um-ma tù-ra-mì-il₅-ma a-na en-um-a-šùr ù šu-ku-bi-im qí-bi-ma a-na en-um-a-šùr q
2026-06-13 22:03:27,046 [INFO] Translation: Thus Turamil, say to Ennam-Aššur and Šu-Kūbum: I shall not be added interest at 
2026-06-13 22:03:27,048 [INFO] Translating: 3 ma-na kù.babbar ṣa-ru-pá-am ša i-ṣé-er šu-ištar ni-mar-ištar ù bu-zi-a a-šur-m
2026-06-13 22:03:58,799 [INFO] Translation: 2 minas of refined silver that Šu-Ištar, Nimar-Issu-ar and Buziya, Aššur-malik o
2026-06-13 22:03:58,801 [INFO] Translating: um-ma la-la-sí-ma a-na a-la-ḫi-im qí-bi₄-ma iš-tù mu.1.šè ṭup-pì-kà ù da-na-tí-k
2026-06-13 22:04:31,678 [INFO] Translation: Thus Lalassī, say to Ali-ahum: Why is it that you have not paid in accordance wi
2026-06-13 22:04:31,680 [INFO] Translating: um-ma dan-a-šur ù en-na-sú-in-ma a-na ir-ma-a-šur qí-bi₄-ma 10 túg.ḫi.a ku-nu-ki
2026-06-13 22:05:04,600 [INFO] Translation: Thus Dan-Aššur and Enna-Suen, say to Ir'am-Assur: 10 textiles under my seals, th
2026-06-13 22:05:04,603 [INFO] Translating: ša-ma -dí-na tí šál-ma-a-šur e-zi-bu al a-bi ú bi lim a nu igi a-na a-lim lu ni-
2026-06-13 22:05:38,289 [INFO] Translation: Thus <gap>, say to Šalim-Aššur, Ezibu, Ali-ahum: Why is it that you wrote me abo
2026-06-13 22:05:38,291 [INFO] Translating: kišib mar.tu-ba-ni dumu šu-nin.šubur ṭup-pu-um ša ší-bu-tí-a ša igi šu-ga-ri-a-e
2026-06-13 22:05:59,340 [INFO] Translation: The merchant son of Šu-Nūnum has been paid for these proceedings with šu-Garriya
2026-06-13 22:05:59,343 [INFO] Translating: a-na a-dí-da ù a-lá-ḫi-im qí-bi-ma um-ma sig₅-pì-i-a-šur 14 gín kù.babbar a-mur-
2026-06-13 22:06:32,290 [INFO] Translation: To Adida and Ali-ahum from Damiq-pī-Aššur: Amur-Ištar brings you 14 shekels of s
2026-06-13 22:06:32,293 [INFO] Translating: 40 ma-na kù.babbar ni-is-ḫa-sú diri ša-du-a-sú ša-bu en-um-a-šùr a-na a-lu-a ù e
2026-06-13 22:07:06,179 [INFO] Translation: The 40 minas of silver, its import duty added, Ennam-Aššur seized us against Alu
2026-06-13 22:07:06,181 [INFO] Translating: um-ma ša-lim-a-šur-ma a-na en-nam-a-šur ù a-lá-ḫi-im qí-bi-ma i-na ṣú-ḫa-ri-a ša
2026-06-13 22:07:38,075 [INFO] Translation: Say to Ennam-Aššur and Ali-ahum: In accordance with the silver of Dadānum's hous
2026-06-13 22:07:38,077 [INFO] Translating: kišib ma-ma-ḫi-ir dumu a-mur-ištar a-na en-nu-um-a-šur
2026-06-13 22:07:43,955 [INFO] Translation: From Man-mahir son of Amur-Ištar to Ennam-Aššur.
2026-06-13 22:07:43,957 [INFO] Translating: 12 ma-na urudu sig₅ a-šu-mì sú-e-im ša la-ba-ar-ša a-na ša-pá-ar-tim i-dí-a-ší-n
2026-06-13 22:08:15,921 [INFO] Translation: 12 minas of good copper that Labarša owes to Šapartum, Iddin-aššur and successor
2026-06-13 22:08:15,923 [INFO] Translating: 2 túg ku-ta-nu 10 gín kù 4 túg lu-bu-šu 2 túg ra-qá-ta-an 2 túg šu-lu-up-kà-ú 1 
2026-06-13 22:08:44,503 [INFO] Translation: To 10 shekels of silver, 2 textiles and 4 black donkeys - all this I gave to you
2026-06-13 22:08:44,505 [INFO] Translating: ma-na kù.babbar i-ṣé-er šu-ištar šu-sú-in i-šu ki kù.babbar šu-ištar uk-ta-al ší
2026-06-13 22:09:13,568 [INFO] Translation: 1 mina of silver Šu-Ištar has received from the week eponymy šu-Suen. Witnessed
2026-06-13 22:09:13,570 [INFO] Translating: ma-na 17 gín a-šur-dùl ma-na lá 1.5 gín en-na-ma-núm -2 ma-na 2 gín a-mur-ištar 
2026-06-13 22:09:34,911 [INFO] Translation: Sealed by Aššur-ṭāb, mana 17 shekels, Šu-Rē'ī, 2 minas 22 second, Ennam-Anum, 1.
2026-06-13 22:09:34,914 [INFO] Translating: i-na ba-áb ḫa-ra-ni-šu ša en-na-sú-in um-ma né-nu-ma igi en-na-sú-in a-na a-šur-
2026-06-13 22:10:08,053 [INFO] Translation: From haranišu to Ennam-Suen, saying: As for the silver, its import duty added, I
2026-06-13 22:10:08,055 [INFO] Translating: a-na en-nam-a-šur i-ku-nim ù a-mur-ištar qí-bi-ma um-ma a-šur-ma-lik-ma a-ma-kam
2026-06-13 22:10:39,765 [INFO] Translation: To Ennam-Aššur, Ikūnum and Amur-Ištar;
2026-06-13 22:10:39,766 [INFO] Translating: 22 ma-na urudu i-ṣé-er a-al-du₁₀ ša tù-ùḫ-pì-a a-al-du₁₀ dumu a-šùr-du₁₀ i-šu ig
2026-06-13 22:10:57,984 [INFO] Translation: 12 minas of good copper, Ali-ahum owes to Tuhpiya, the proceeds from Tūhpīya.
2026-06-13 22:10:57,986 [INFO] Eval progress: 220/500
2026-06-13 22:10:57,987 [INFO] Translating: a-na a-šur-re-ṣí da-dí-a ù en-nam-a-šur qí-bi₄-ma um-ma e-la-ma-ma 24 ma-na kù.b
2026-06-13 22:11:32,358 [INFO] Translation: Say to Aššur-rēṣī, Dadiya and Ennam-Assur, thus Elamma: 24 minas of refined silv
2026-06-13 22:11:32,361 [INFO] Translating: kišib i-ku-pí-a dumu e-dí-na-a kišib i-ri-ší-im dumu a-mur-utu kišib utu.du₁₀ du
2026-06-13 22:12:06,204 [INFO] Translation: From Ikūn-pīya son of Edināya, sealed by Irišum, to Amur-Šamaš, in accordance wi
2026-06-13 22:12:06,207 [INFO] Translating: a-na dam-qá-a qí-bi-ma um-ma ša-at-a-na-ma 10 gín kù.babbar ša a-dí-na-ku-ni ta-
2026-06-13 22:12:36,959 [INFO] Translation: To Damqaya from Šat-Anna: 10 shekels of silver that Adinakuni brought to you and
2026-06-13 22:12:36,960 [INFO] Translating: kišib pá-ru-ur-tim a-na i-dí-a-bi-im dumu na-ar-me-a
2026-06-13 22:12:42,121 [INFO] Translation: Iddin-abum son of Narmeya.
2026-06-13 22:12:42,123 [INFO] Translating: gú síg.ḫi.a 5 maš-ku 22 na-ru-qá-tum 4 anše ṣa-la-mu 3.ta ú-kà-pu ù ú-nu-sú-nu m
2026-06-13 22:12:58,663 [INFO] Translation: The 5 minas of good quality, 22 black donkeys and 4 textiles - all this I gave t
2026-06-13 22:12:58,665 [INFO] Translating: um-ma i-ku-pí-a-ma dan-a-šur ù ša-lim-wa-ar-dí-ma a-na en-um-a-šur qí-bi-ma 2 gú
2026-06-13 22:13:32,110 [INFO] Translation: Thus Ikūn-pīya, Dan-Aššur and Šalim-wardī, say to Ennam-Assur: 2 talents of wash
2026-06-13 22:13:32,112 [INFO] Translating: kišib puzur₄-a-šur dumu i-ku-pí-a kišib dan-a-šur dumu puzur₄-a-šur kišib pè-ru-
2026-06-13 22:14:05,757 [INFO] Translation: The Puzur-Aššur son of Ikūn-pīya seized us against Dan-Assur,
2026-06-13 22:14:05,760 [INFO] Translating: 8 gú 16.5 gín an.na a-wi-it i-dí-sú-in šà.ba 41 ma-na 15 gín an.na qá-dì ša ú-ku
2026-06-13 22:14:38,829 [INFO] Translation: 2 talents 16.5 shekels of tin Iddin-Suen owes to 41 minas and 15 grains from Uku
2026-06-13 22:14:38,831 [INFO] Translating: puzur₄-a-šùr ù ir-ma-a-šur i-na a-lim iṣ-bu-tù-ni-a-tí-ma um-ma ir-ma-a-šùr-ma a
2026-06-13 22:15:12,008 [INFO] Translation: Say to Puzur-Aššur and Ir'am-Assur, thus Iṣbu-tuniatī, saying: I have not paid i
2026-06-13 22:15:12,010 [INFO] Translating: a-na ša ki-ma i-a-tí ù bé-lá-nim kišib en-um-a-šur
2026-06-13 22:15:16,975 [INFO] Translation: To Šamaš-bēlānum seal of Ennam-Aššur.
2026-06-13 22:15:16,977 [INFO] Translating: a-na a-lá-ḫi-im ú i-ku-pì-a-šur qí-bi-ma um-ma a-li-a-ma ṭup-pu-ú ša a-bi₄-ni iš
2026-06-13 22:15:47,633 [INFO] Translation: To Ali-ahum and Ikūn-pī-Aššur from Amurrum-bāni: Why is it that you wrote me abo
2026-06-13 22:15:47,636 [INFO] Translating: i-na 75 ku-ta-ni ša en-na-sú-in ša i-na a-lim a-na lá-ta-a ip-qí-du-ni šà.ba 6 k
2026-06-13 22:16:20,830 [INFO] Translation: Seal of 75 kutānus for Enna-Suen, they will pay interest at Lataya, and we gave 
2026-06-13 22:16:20,832 [INFO] Translating: 1 ku-lu-ma-a 1 a-ta-a ma-nu-ba 1 šu-ištar 1 du₁₀-ṣí-lá-a-šur 1 ba-al-ṭù-a 1 a-lá
2026-06-13 22:16:27,253 [INFO] Translation: Sealed by Kulumaya;
2026-06-13 22:16:27,255 [INFO] Translating: 8.3333 ma-na 4.5 gín kù.babbar ša illat pu-šu-ki-in a-šur-ta-ak-lá-ku il₅-qé 13.
2026-06-13 22:16:40,676 [INFO] Translation: For 4.5 shekels of silver that Aššur-taklāku brought to you.
2026-06-13 22:16:40,678 [INFO] Translating: ṣú-ḫa-ar-kà síg il₅-qé kù.babbar ku-nu-ki-kà li-dí-nam šu-ma da ni ik-šu-da-ni k
2026-06-13 22:17:08,210 [INFO] Translation: From the week of Ilī-qē, sealed by <gap>
2026-06-13 22:17:08,212 [INFO] Translating: a-na a-lá-ḫi-im qí-bi-ma um-ma a-li-a-ma i pá-ni-tí áš-pu-ra-kum um-ma a-na-ku-m
2026-06-13 22:17:41,299 [INFO] Translation: Say to Ali-ahum from Damiq-pī-Aššur: As for the 4 minas 12 shekels of silver, it
2026-06-13 22:17:41,301 [INFO] Translating: iš-tù wa-aḫ-šu-ša-na a-dí kà-né-eš da-tum 1.3333 gín kù.babbar ik-šu-dí 1 gín a-
2026-06-13 22:18:14,238 [INFO] Translation: From Wahšušana to Kanesh, the datum, 1 shekel of silver, its import duty fee pai
2026-06-13 22:18:14,241 [INFO] Translating: a-na ší-ip-ri ša a-lim ù kà-ri-im kà-ni-iš ṣa-ḫe-er-gal qí-bi-ma um-ma ša-lim-a-
2026-06-13 22:18:33,652 [INFO] Translation: To Šēp-Ištar from Ali-ahum and Kanesh, saying: Burušhaddum, the son of Ibaya, ow
2026-06-13 22:18:33,653 [INFO] Translating: a-na a-lá-ḫi-im qí-bi₄-ma um-ma sig₅-pí-a-šur ù man-a-šur a-na-kam i-na ma-ṭá kù
2026-06-13 22:18:58,410 [INFO] Translation: To Ali-ahum from Damiq-pī-Aššur and Man-mahir; specifically to the City as well:
2026-06-13 22:18:58,413 [INFO] Translating: a-na a-lá-ḫi-im a-ni-na be-lúm-ba-ni a-šur-ma-lik a-na be-lúm-ba-ni qí-bi-ma um-
2026-06-13 22:19:31,345 [INFO] Translation: To Ali-ahum from Zukuwa: Why is it that you have not paid to Bēlum-bāni, Aššur-m
2026-06-13 22:19:31,346 [INFO] Eval progress: 240/500
2026-06-13 22:19:31,347 [INFO] Translating: 3.6666 ma-na 2 gín an.na i li-bi₄ a-šur-sipa igi a-šur-dan igi ir-ma-a-šur
2026-06-13 22:19:38,168 [INFO] Translation: Seal of Aššur-rē'ī, by Ir'am-Assur.
2026-06-13 22:19:38,170 [INFO] Translating: a-na a-lá-ḫi-im qí-bi-ma um-ma puzur₄-a-šur 0.5 ma-na 2 gín kù.babbar ku-nu-ki-a
2026-06-13 22:20:09,068 [INFO] Translation: To Ali-ahum from Puzur-Aššur: 0.5 mina 2 shekels of silver, under my seal for En
2026-06-13 22:20:09,070 [INFO] Translating: 3 ma-na an.na ša ik-ri-bi₄-a a-na ší-a-ma-tim a-na a-mur-ištar igi a-šùr-i-mì-tí
2026-06-13 22:20:17,375 [INFO] Translation: 2 minas of tin under my seal to Amur-Ištar.
2026-06-13 22:20:17,377 [INFO] Translating: ṭup-pu-ú ša ḫu-bu-ul i-dí-a-bi₄-im ni-a-im
2026-06-13 22:20:22,333 [INFO] Translation: Sealed by hubul Iddin-abum.
2026-06-13 22:20:22,335 [INFO] Translating: 3 ma-na síg.ḫi.a i-nu-mì 1 ma-na síg.ḫi.a a-na nu-a-im ša-a-al i-ṣú-ra-tim a-dí-
2026-06-13 22:20:54,071 [INFO] Translation: 1 mina of good quality for the proceeds from his working capital to Nuaum, Šāt-A
2026-06-13 22:20:54,073 [INFO] Translating: a-na a-la-ḫi-im qí-bi-ma um-ma a-dí--a-ma a-dí ša a-dí u₄-mì-im a-nim na-ru lu-m
2026-06-13 22:21:25,114 [INFO] Translation: Say to Ali-ahum from Adida: Why is it that you have not paid any single shekel o
2026-06-13 22:21:25,117 [INFO] Translating: i-nu-mì i-dí-a-bu-um a-wa-sú iq-bi-ú 10 ma-na kù.babbar a-na ša-lim-a-šùr i-dí-i
2026-06-13 22:21:54,613 [INFO] Translation: From Iddin-abum to Awāsu: 10 minas of silver for Šalim-Aššur's dagger. If he doe
2026-06-13 22:21:54,615 [INFO] Translating: 0.6666 ma-na 5 gín pá-šu-um ù be-lá-sú 0.5 ma-na pá-ag-ru-um mì-ma a-nim a-na šu
2026-06-13 22:22:02,665 [INFO] Translation: Seal of Paššu-um and Bēlāsu;
2026-06-13 22:22:02,668 [INFO] Translating: a-na a-šur-i-mì-tí qí-bi-ma um-ma a-šur-ba-ni-ma mì-nu-um ša a-na kù.babbar ta-á
2026-06-13 22:22:36,004 [INFO] Translation: Say to Aššur-imittī, thus Šu-Bāni: The merchant you have not paid for my silver,
2026-06-13 22:22:36,006 [INFO] Translating: i-na 1 me-at 30 túg ku-ta-ni e-zi-ib ša kà-ṣa-ri ù ta-ad-mì-qá-tim ša iš-tù e-ká
2026-06-13 22:23:08,647 [INFO] Translation: To 1 mina 30 -textiles of the kaṣāri and Tadmiq-pī-qēp from Ekallum, Urdan-ilī: 
2026-06-13 22:23:08,649 [INFO] Translating: um-ma -ma a-na en-um-a-šùr qí-bi-ma a-šu-mì ša ta-áš-pu-ra-ni um-ma a-ta-ma dumu
2026-06-13 22:23:41,374 [INFO] Translation: Thus says Ennam-Aššur: Why is it that Tašpurannī brought you a tablet concerning
2026-06-13 22:23:41,377 [INFO] Translating: kišib tù-ra-mì-li a-na en-um-a-šùr dumu ša-lim-a-šùr ú šu-ku-bi-im dumu e-na-ma-
2026-06-13 22:23:55,876 [INFO] Translation: Turamilī to Ennam-Aššur son of Šalim-wardī, and the slave-girls from Tūr-Amurrum
2026-06-13 22:23:55,878 [INFO] Translating: a-na a-lá-ḫi-im ba-zi-a ù ma-ar-ša-na tim qí-bi-ma um-ma ma-num-ba-lúm-a-šur-ma 
2026-06-13 22:24:28,962 [INFO] Translation: To Ali-ahum, Baziya and Maršana; specifically to the merchant: In accordance wit
2026-06-13 22:24:28,964 [INFO] Translating: ṭup-pu-um ša en-na-sú-en₆ dumu i-dí-a-bi-im
2026-06-13 22:24:33,625 [INFO] Translation: Sealed by Enna-Suen son of Iddin-abum.
2026-06-13 22:24:33,627 [INFO] Translating: 5.25 gín kù.babbar i ṣí-ba-at 5 ma-na-im kù.babbar a-ḫu-ur 13.25 gín kù.babbar š
2026-06-13 22:24:51,537 [INFO] Translation: 15.25 shekels of silver owed by the secondary quality for 5 minas <gap>, its tra
2026-06-13 22:24:51,539 [INFO] Translating: 14 ma-na kù ṣa-ru-pá-am i-ṣé-er i-dí-a-bi₄-im a-mur-ištar i-šu-ú iš-tù ḫa-mu-uš-
2026-06-13 22:25:15,964 [INFO] Translation: 14 minas of refined silver Iddin-abum owes to Amur-Ištar. He will pay interest a
2026-06-13 22:25:15,967 [INFO] Translating: a-na ku-zi-a du₁₀-ṣí-lá-a-šur ù šé-ep-ištar qí-bi-ma um-ma en-um-a-šur-ma a-na š
2026-06-13 22:25:49,335 [INFO] Translation: Say to Kuziya, Duaṣil-Aššur and Šēp-Ištar, thus Ennam-Assur: Why do you said: In
2026-06-13 22:25:49,337 [INFO] Translating: lu-lu en-nam-a-šur ù a-bu-um-ša-lim ša ki-ma a-šur-du₁₀ dumu e-lá-ma a-na a-šùr-
2026-06-13 22:26:22,673 [INFO] Translation: Thus Ennam-Aššur and Abum-šalim, say to Assur-ṭāb son of Elamma: If he has not p
2026-06-13 22:26:22,675 [INFO] Translating: -a ša iš-tí na-am-e-dim i-na é da-me lugal-sú-in -mu iz-me-ru-ma li-mì 80.8333 m
2026-06-13 22:26:43,565 [INFO] Translation: From Namedum to Lugal-Suen, the price of 80.8333 minas, copper, its import duty 
2026-06-13 22:26:43,567 [INFO] Translating: 0.3333 ma-na 2.5 gín kù.babbar i li-bi₄ a-al-wa-na a-na ḫa-ar-pé a-ni-ú-tim i-ša
2026-06-13 22:26:50,683 [INFO] Translation: Seal of Aalwana, the silver is owed by Ali-awāna.
2026-06-13 22:26:50,684 [INFO] Eval progress: 260/500
2026-06-13 22:26:50,687 [INFO] Translating: a-na ṣí-lu-lu i-ku-pì-a ù a-du-da qí-bi-ma um-ma ša-lim-a-šùr-ma a-na ṣí-lu-lu q
2026-06-13 22:27:21,330 [INFO] Translation: Say to Ṣilulu, Ikūn-pīya and Aduda, thus Šalim-Aššur: The silver you wrote me ab
2026-06-13 22:27:21,332 [INFO] Translating: a be-ú-lá-tí-šu lá i-da-ra-kam lá ta-ga-ra-šu i-nu-mì lu-qú-tám ta-pá-qí-da-ni a
2026-06-13 22:27:52,049 [INFO] Translation: The Bēlātiššu has not paid in time with your father's customers, and we seized u
2026-06-13 22:27:52,051 [INFO] Translating: 51 túg šu-ru-tum ša i-dí-sú-in 35 túg ša a-šur-sipa 32 túg ša šu-ištar 15 túg en
2026-06-13 22:28:12,017 [INFO] Translation: 2 textiles of Iddin-Suen, 35 that Aššur-rē'ī 32 dark donkeys belonging to Šu-Išt
2026-06-13 22:28:12,020 [INFO] Translating: 6.3333 ma-na urudu ú 0.3333 ma-na an.na ki a-šur-ták-lá-ku 2 ma-na lá 5 gín urud
2026-06-13 22:28:21,691 [INFO] Translation: Sealed by Aššur-taklāku;
2026-06-13 22:28:21,694 [INFO] Translating: um-ma kà-ru-um kà-ni-iš-ma a-na ú-bar-tim ša ku-bu-ur-na-at qí-bi-ma a-na-kam me
2026-06-13 22:28:52,048 [INFO] Translation: Thus Kanesh, say to Ubartum: Why is it that Šalim-Aššur brought you a tablet fro
2026-06-13 22:28:52,050 [INFO] Translating: a-lá-ḫu-um ra-bi-ṣa-am a-ba-ba e-pu-ul um-ma a-lá-ḫu-um-ma us-kà-in a ṭup-pì-im 
2026-06-13 22:29:22,715 [INFO] Translation: Thus Ali-ahum, saying: Ababa brought you the colony and representatives of Bēliy
2026-06-13 22:29:22,718 [INFO] Translating: i 6 gú 22 ma-na urudu ša i-dí-mar.tu dumu šu-ḫu-nim a-na e-la-ma ḫa-bu-lu 1 gú 4
2026-06-13 22:29:53,880 [INFO] Translation: The 6 talents 22 minas of copper owed by Iddin-Martu, son oF Šu-hunum, to Elamma
2026-06-13 22:29:53,882 [INFO] Translating: 41 ma-na 11.5 gín kù.babbar ṣa-ru-pá-am ku-nu-ki ša ki-ma ku-a-tí ù ku-nu-ki-a 3
2026-06-13 22:30:26,801 [INFO] Translation: To 41 minas 11.5 shekels of refined silver, its import duty added, his servant, 
2026-06-13 22:30:26,804 [INFO] Translating: um-ma la-ma-sí-ma a-na en-nam-a-šùr ù a-la-ḫi-im qí-bi-ma ta-áš-pu-ra-nim um-ma 
2026-06-13 22:30:59,598 [INFO] Translation: Thus Lamassī, say to Ennam-Aššur and Ali-ahum: As for the silver you have not pa
2026-06-13 22:30:59,599 [INFO] Translating: 12 gín kù.babbar ṣí-ba-at 2 ma-na kù.babbar i li-bi tù-um-li-a-i-im
2026-06-13 22:31:04,119 [INFO] Translation: 12 shekels of silver owed by Tumliya.
2026-06-13 22:31:04,121 [INFO] Translating: 3.5 ma-na 7 gín kù.babbar qá-sú ša ku-ni-lim 4.5 ma-na- gín kù.babbar a-ḫa-ma ma
2026-06-13 22:31:21,348 [INFO] Translation: 1.5 mina 7 shekels of silver that Kunilum owes to you.
2026-06-13 22:31:21,350 [INFO] Translating: um-ma bu-zu-ma a-na e-me-ni 7 gín kù.babbar urudu 2 ma-na en-nu- ub-lá-am ú-lá w
2026-06-13 22:31:50,224 [INFO] Translation: Thus Buzu, say to Emeni: 7 shekels of silver, 2 minas Ennam-ublām brings you the
2026-06-13 22:31:50,227 [INFO] Translating: a-na lá-ma-sà-tim ú ša-lim-ma qí-bi-ma um-ma um-mì-iš-ḫa-ra-ma a-dí-i na-áš-pé-e
2026-06-13 22:32:29,761 [INFO] Translation: To Lamassutum and Šalimma from Ummī-Išhara: Why is it that you wrote me about, a
2026-06-13 22:32:29,764 [INFO] Translating: a-na ù qí-bi₄-ma um-ma i-dí-a-bu-um-ma i-na 1 ma-na kù.babbar ša lá-ma-sú-tum a-
2026-06-13 22:33:01,335 [INFO] Translation: From Iddin-abum to the 1 mina of silver for Lamassutum, Anna-a and Ab-šalim in h
2026-06-13 22:33:01,336 [INFO] Translating: um-ma šu-be-lúm-ma a-na en-na-sú-in ú a-lá-ḫi-im qí-bi₄-ma 11 túg qá-du-um ša ṣú
2026-06-13 22:33:19,629 [INFO] Translation: Thus Šu-Bēlum, say to Enna-Suen and Ali-ahum: 11 textiles from Ṣuhārum under my 
2026-06-13 22:33:19,630 [INFO] Translating: 1 túg a-bar-ni-a-am 1 túg bu-ra-a-am a-na ku-ku-zi dumu sà-aḫ-ri-ì-lí ša ša-lá-t
2026-06-13 22:33:36,980 [INFO] Translation: Sealed by Abarnian, 1 textile for Kukuzi son of Sahrili, that Šalatuwar brought 
2026-06-13 22:33:36,981 [INFO] Translating: ša-lim-a-šùr iṣ-ba-at-ni-a-tí-ma um-ma šu-ut-ma a-na šu-be-lim ù en-na-sú-in-ma 
2026-06-13 22:33:54,948 [INFO] Translation: Say to Šu-Bēlum and Ennam-Suen: I have not paid 1 talent of good quality for the
2026-06-13 22:33:54,949 [INFO] Translating: 4 ku-ta-ni ša qá-tim 3 túg tí-sà-bi ša na-aḫ-ri-a 5 túg ni-ib-ra-ru ša za-al-pá 
2026-06-13 22:34:06,973 [INFO] Translation: 2 kutānu-textiles belonging to Nāhriya, 5 tisābu owed by Zalpa; 3 minas of silve
2026-06-13 22:34:06,974 [INFO] Translating: 10.6666 gín a-šùr-ma-lik i-lá-qé 0.6666 ma-na 0.8333 gín kàr-wa-a 11 gín iṣ-mì-i
2026-06-13 22:34:17,681 [INFO] Translation: Sealed by Aššur-malik, Ilī-qē; 0.66 6 mina 20.8333 shekels Karwaya, 11 grains of
2026-06-13 22:34:17,682 [INFO] Translating: kà-ru-um ḫa-ḫu-um dí-nam i-dí-in-ma šu-ma šu-be-lúm ù en-na-sú-in me-er-ú i-dí-a
2026-06-13 22:34:35,592 [INFO] Translation: Iddin-abum seized us against Kanesh concerning Šu-Bēlum, and Ennam-Suen said to 
2026-06-13 22:34:35,593 [INFO] Eval progress: 280/500
2026-06-13 22:34:35,593 [INFO] Translating: 1.3333 ma-na 6 gín kù.babbar i pá-ni-tim ḫa-ta-a-ni ù e-wa-ri-mu-ša ub-lu-nim a-
2026-06-13 22:34:47,054 [INFO] Translation: Seal of hatani and Ewarimuša, Ublunum, Ahama;
2026-06-13 22:34:47,055 [INFO] Translating: 4 gú 58 ma-na a-wi-it šu-ištar 24 ma-na 10 gín qá-dum ú-ku-ul-tim ú-ša-qí-il₅ 6.
2026-06-13 22:35:05,884 [INFO] Translation: Seal of Šu-Ištar, 24 minas 10 shekels, under my seaL, and 6.5 grains from the co
2026-06-13 22:35:05,885 [INFO] Translating: um-ma šu-bé-lúm-ma a-na a-la-ḫi-im qí-bi₄-ma ma-la i-na kà-ni-iš ú-na-ḫi-du-kà-n
2026-06-13 22:35:26,838 [INFO] Translation: Thus Šu-Bēlum, say to Ali-ahum: My dear brothers, and you have seized me in Kane
2026-06-13 22:35:26,838 [INFO] Translating: dan-a-šùr sí-ki e-na-sú-in dumu i-dí-a-bi₄-im ú-kà-al-ma a-na ḫa-nu dumu i-tur₄-
2026-06-13 22:35:46,314 [INFO] Translation: Thus Dan-Aššur, says Enna-Suen son of Iddin-abum, and Ukalma, to hanu, due from 
2026-06-13 22:35:46,314 [INFO] Translating: um-ma i-na-sú-in-ma a-na a-lá-ḫi-im qí-bi-ma 1.3333 gín 10 5 še kù.ki ša áb-ni-š
2026-06-13 22:36:03,147 [INFO] Translation: Thus Inna-Suen, say to Ali-ahum: As for the 1 333 shekel 10 talents of tin under
2026-06-13 22:36:03,148 [INFO] Translating: kišib a-šùr-gi-im-li a-na a-zu-ú iš-ta-aḫ-šu ú ni-wa-lá
2026-06-13 22:36:07,176 [INFO] Translation: Seal of Aššur-gimlī; to Azu; Ištahsu and Niwala.
2026-06-13 22:36:07,177 [INFO] Translating: a-na en-um-a-šur kišib -na
2026-06-13 22:36:09,716 [INFO] Translation: To Ennam-Aššur; seal of <gap>
2026-06-13 22:36:09,717 [INFO] Translating: 3 gín kù.babbar a-na e-na-aḫ-dingir 0.25 gín a-na ša ra-qí-tim a-na aḫ.me -ri-im
2026-06-13 22:36:18,332 [INFO] Translation: 2 shekels of silver for Ennah-ilī; 0.25 grain from the proceedings to Šamaš-bāni
2026-06-13 22:36:18,333 [INFO] Translating: 1.6666 gín ša da-at 5 ni-a-tí 0.3333 gín a-na ninda i-na ta-wi-ni-a 2 ma-na urud
2026-06-13 22:36:37,267 [INFO] Translation: Sealed by the 5 shekels of silver, its transport tariff paid for which Tišmurna 
2026-06-13 22:36:37,268 [INFO] Translating: 1.8333 ma-na 3.5 gín kù.babbar a-šùr-na-da dumu er-nu-id 0.5 ma-na 3.5 gín kù.ba
2026-06-13 22:36:56,601 [INFO] Translation: The 1.8333 mina 3.5 shekels of silver Aššur-nādā son, Ernu'id, 0.6 mana, 3:5 gra
2026-06-13 22:36:56,602 [INFO] Translating: a-na ku-ku-a en-na-sú-in ù ú-ṣú-ur-ša-a-šur qí-bí-ma um-ma šu-ištar-ma a-ma-kam 
2026-06-13 22:37:15,956 [INFO] Translation: To Kukuwa, Enna-Suen and Uṣur-ša-Aššur from Šu-Ištar: Why is it that Saniqa has 
2026-06-13 22:37:15,956 [INFO] Translating: um-ma a-šur-utu-ši-ma a-na en-nam-a-šur qí-bi-ma a-na ma-lá ú ší-ni-šu áš-pu-ra-
2026-06-13 22:37:35,385 [INFO] Translation: Thus Aššur-šamšī, say to Ennānum from Mala and Šīn-ilum: Why is it that you wrot
2026-06-13 22:37:35,386 [INFO] Translating: um-ma i-ku-pì-a-ma a-na en-um-a-šur la-qé-pì-im i-dí-a-bi₄-im ù im-pí-lá-aḫ qí-b
2026-06-13 22:37:54,576 [INFO] Translation: Thus Ikūn-pīya, say to Ennam-Aššur, Lā-qēpum, Iddin-abum and Impilah: 10 minas o
2026-06-13 22:37:54,577 [INFO] Translating: 5 gín kù.babbar i-ṣé-er en-um-a-šur lu-zi-i i-šu 1 túg ku-ta-na-am a-na ša-na-at
2026-06-13 22:38:13,134 [INFO] Translation: 2 shekels of silver Ennam-Aššur owes to Luzi, the 1 textile for Šanat, within 5 
2026-06-13 22:38:13,135 [INFO] Translating: 2 me-at 7 ma-na urudu ší-kam ša i-ṣé-er i-tur₄-dingir ù e-lá-li dumu me-er-e puz
2026-06-13 22:38:30,589 [INFO] Translation: Sealed by Itūr-ilī and Elāli son of Mere, Puzur-Anna, Šalim-Aššur will pay 7 min
2026-06-13 22:38:30,590 [INFO] Translating: a-na ša-lim-a-šur qí-bi-ma um-ma en-nam-a-šur-ma ša ki-ma ku-a-tí a-na é-tí-kà e
2026-06-13 22:38:50,083 [INFO] Translation: Say to Šalim-Aššur, thus Ennānum, saying: You have seized me and left your table
2026-06-13 22:38:50,084 [INFO] Translating: a-na a-šur-ni-iw-ri a-la-ḫi-im utu-ba-ni ù nu-ur-ištar qí-bi₄-ma um-ma puzur₄-a-
2026-06-13 22:39:09,357 [INFO] Translation: To Aššur-niwrī, Ali-ahum, Utubani and Nurištar; specifically to Šah-Suen, saying
2026-06-13 22:39:09,358 [INFO] Translating: um-ma ku-ku-a ù šu-ištar-ma a-na en-um-a-šùr qí-bi-ma a-na ma-lá tí-ir-tí-kà ša 
2026-06-13 22:39:28,713 [INFO] Translation: Thus Kukuwa and Šu-Ištar, say to Ennam-Aššur: As for the 1 mina of refined silve
2026-06-13 22:39:28,714 [INFO] Translating: 10 gín kù.babbar a-na i-dí-sú-en dumu en-na-ni-im a-dí-in
2026-06-13 22:39:32,983 [INFO] Translation: 10 shekels of silver for Iddin-Suen son Of Ennānum.
2026-06-13 22:39:32,984 [INFO] Translating: a-na puzur₄-a-šur qí-bi-ma um-ma a-ni-i-a-ni-ma ma-na 13 gín ni-ga-li du₁₀-ṣí-lá
2026-06-13 22:39:51,831 [INFO] Translation: To Puzur-Aššur from Anni-anum: Man-mahir 13 shekels of gold, Duttu-ṣilli-Assur's
2026-06-13 22:39:51,831 [INFO] Eval progress: 300/500
2026-06-13 22:39:51,831 [INFO] Translating: mì-ma a-nim a-šu-ú-ma-an ù ki-kà-ar-ša-an i-ra-dí-ú-ni-ku-nu-tí 10 ma-na áb-na-a
2026-06-13 22:40:09,762 [INFO] Translation: Thus Aššu-uman and Kikaršan, say to Iradi-unikunut: 10 minas of tin under my sea
2026-06-13 22:40:09,763 [INFO] Translating: 15 ma-na urudu ma-sí-um i li-bi a-šur-kà-ší-id dumu ik-ra-a 6 gín kù.babbar ší-i
2026-06-13 22:40:23,052 [INFO] Translation: 15 minas of good copper owed by Aššur-kāšid son Of Ikraya, 6 shekels silver, wit
2026-06-13 22:40:23,053 [INFO] Translating: a-na ša ki-ma i-a-tí en-nam-a-šur ù a-lá-ḫi-im qí-bi-ma um-ma ša-lim-a-šur i-na 
2026-06-13 22:40:42,371 [INFO] Translation: From Ennam-Aššur and Ali-ahum to the City: Why is it what you wrote me about, sa
2026-06-13 22:40:42,372 [INFO] Translating: 2 me-at 21 túg 14.5 ma-na 1 gín kù.babbar it-bu-lu 5 anše ṣa-lá-mu 1.8333 ma-na 
2026-06-13 22:41:01,539 [INFO] Translation: 14.5 minas 1 shekel of silver, its import duty added, 5 black donkeys and 1.8333
2026-06-13 22:41:01,540 [INFO] Translating: 1 me-at 6.5 ma-na urudu ša en-um-a-šùr i li-bi₄ kà-ri-im ší-im urudu a-nim i-na 
2026-06-13 22:41:19,044 [INFO] Translation: 2 minas of copper owed by Ennam-Aššur, when he will pay in their presence. Witne
2026-06-13 22:41:19,045 [INFO] Translating: 0.8333 ma-na 3.5 gín ḫu-sà-ra-am a-na 2.6666 ma-na 0.5 gín i-tur₄-dingir a-na me
2026-06-13 22:41:28,154 [INFO] Translation: 1.8333 mina 3.5 shekels of silver Itūr-ilī has been paid for 2 666 months at the
2026-06-13 22:41:28,155 [INFO] Translating: 2 gín kù.babbar ni-qí-i-šu ša a-šùr-ma-lik dumu a-lá-ḫi-im a-dí-in i-nu-mì ú-ṣú-
2026-06-13 22:41:34,497 [INFO] Translation: 2 shekels of silver that Aššur-malik son Of Ali-ahum brought to you as witnesses
2026-06-13 22:41:34,498 [INFO] Translating: i-na 8 ma-na kù.babbar ṣa-ru-pá-am ša e-lá-lí dumu ištar-pì-lá-aḫ i-na ḫa-ḫi-im 
2026-06-13 22:41:40,424 [INFO] Translation: To 8 minas of refined silve
2026-06-13 22:41:40,425 [INFO] Translating: a-na a-la-ḫi-im dumu šál-ma-a-šur a-ni-na dumu puzur₄-a-na ú a-šur-ma-lik dumu a
2026-06-13 22:41:42,575 [INFO] Translation: Say to Ali-ahum son of Šalim-Aššur, Annina and Puzur-anna; sealed by Zukuwa.
2026-06-13 22:41:42,575 [INFO] Translating: a-šùr-ma-lik a-na itu.3.kam ṭup-pá-am ša ší-be-šu ù ṭup-pá-am ša wa-ba-ar-tim ú-
2026-06-13 22:41:48,324 [INFO] Translation: From Aššur-malik to Itūr-ilī that he will pay in 3 months of silver and its tran
2026-06-13 22:41:48,325 [INFO] Translating: i-ni-ta iš-pu-ra-ma 1 túg a-na 0.3333 ma-na 1 gín kù.babbar a-na dumu wa-al-ḫa-á
2026-06-13 22:41:51,404 [INFO] Translation: Say to Innitya, thus Išpura: 1 textile for 0 mina 11 shekels of silver from Walh
2026-06-13 22:41:51,405 [INFO] Translating: a-na a-lá-ḫi-im qí-bi-ma um-ma i-ku-pí-a ú zu-ku-a 1 gú 30 ma-na an.na-kà ub-lu-
2026-06-13 22:41:57,295 [INFO] Translation: To Ali-ahum from Ikūn-pīya and Zukuwa: 1 talent 30 minas of tin under my seal, U
2026-06-13 22:41:57,296 [INFO] Translating: a-na e-lá-ma qí-bi-ma um-ma a-ḫu-wa-qar-ma ta-áš-pu-ra-am um-ma a-ta-ma ṭup-pu-u
2026-06-13 22:42:03,317 [INFO] Translation: Say to Elamma, thus Ahu-waqar: The tablet concerning Ali-ahum's house and said: 
2026-06-13 22:42:03,318 [INFO] Translating: 10 ma-na kù.babbar ṣa-ru-pu-um ni-is-ḫa-sú diri ša-du-a-sú ša-bu a-na ḫu-bu-li-a
2026-06-13 22:42:08,748 [INFO] Translation: 10 minas of refined silver, its transport tariff paid for hubuliya, which he wil
2026-06-13 22:42:08,748 [INFO] Translating: i-dì-in-ma ša-lim-a-šùr ù dumu a-mur-ištar
2026-06-13 22:42:09,922 [INFO] Translation: Thus Šalim-Aššur and son of Amur-Ištar.
2026-06-13 22:42:09,923 [INFO] Translating: en-um-a-šùr dumu ša-lim-a-šùr a-na a-gi-a dumu i-ku-nim iṣ-ba-at-ni-a-tí-ma um-m
2026-06-13 22:42:15,856 [INFO] Translation: Say to Agiya son of Ikūnum, thus Ennam-Aššur sealed accounts and saying: Why hav
2026-06-13 22:42:15,857 [INFO] Translating: na púzur-a-šùr dumu a-ḫu-wa-qar iš-tù ub-lu-ni-ni šà.ba 4 túg.ḫi.a iṣ-ḫi-ru-ma š
2026-06-13 22:42:21,845 [INFO] Translation: To Puzur-Aššur son of Ahu-waqar from Ublunini: Šaba 4 textiles is owed by the tr
2026-06-13 22:42:21,846 [INFO] Translating: um-ma a-a-ar-tí-ma a-na en-na-sú-in qí-bi-ma a-šu-mì kù.gi iš-tí-ku-nu i-ḫi-id-m
2026-06-13 22:42:27,301 [INFO] Translation: Thus Aarti, say to Enna-Suen: As for these proceedings I shall not send you me a
2026-06-13 22:42:27,301 [INFO] Translating: um-ma pá-ru-ur-tum-ma a-na i-dí-a-bi-im qí-bi-ma a-ḫa-at a-bi-kà me-ta-at um-ma 
2026-06-13 22:42:32,386 [INFO] Translation: Thus Parur-Šamaš, say to Iddin-abum: Why is it that you have not paid in accorda
2026-06-13 22:42:32,387 [INFO] Translating: ṭup-pá-am ša gín ḫu-bu-li ša
2026-06-13 22:42:33,485 [INFO] Translation: From the week of hubuli <gap>
2026-06-13 22:42:33,485 [INFO] Eval progress: 320/500
2026-06-13 22:42:33,486 [INFO] Translating: 1 túg ku-ta-nam a-na 10 gín kù.babbar a šu-ma-li-ba-a-šùr 1 túg a-na 12 gín a-na
2026-06-13 22:42:37,184 [INFO] Translation: Sealed by Šumma-libbi-Aššur; 1 textile for 10 shekels of silver, the proceeds fr
2026-06-13 22:42:37,185 [INFO] Translating: 37 ku-ta-nu qá-du-um ta-ad-mì-iq-tim ša šu-ištar 2 túg ni-is-ḫa-tum 3 gín kù.bab
2026-06-13 22:42:40,380 [INFO] Translation: Sealed by Šu-Ištar, 2 textiles belonging to the City, 3 shekels of silve
2026-06-13 22:42:40,381 [INFO] Translating: kišib kà-ri-im kà-ni-iš kà-ru-um dí-nam i-dí-in-ma ša-lim-a-šùr ṭup-pí-šu ù mì-m
2026-06-13 22:42:45,724 [INFO] Translation: The Kanesh colony gave us for these proceedings, and Šalim-Aššur said to his wif
2026-06-13 22:42:45,724 [INFO] Translating: kišib ištar-ba-ni dumu ás-qú-dim kišib en-nam-a-šùr dumu ì-lí-re-i kišib ku-lu-m
2026-06-13 22:42:51,343 [INFO] Translation: From Ištar-bāni son of Asqudum, sealed by Ennam-Aššur, to Ilī-rēʾī, in accordanc
2026-06-13 22:42:51,344 [INFO] Translating: a-na i-ku-pí-a dan-a-šur ša-lim-ar-dí ù šu-nu-nu qí-bi-ma um-ma en-um-a-šur-ma t
2026-06-13 22:42:57,289 [INFO] Translation: Say to Ikūn-pīya, Dan-Aššur, Šalim-Ardī andŠu-Nunu, thus Ennam Assur: The 3 tale
2026-06-13 22:42:57,290 [INFO] Translating: 5 ú-kà-pu-ú ša 4 anše.ḫi.a zu-ur-zu 4 ma-at-li-iš-ḫu 3 ma-as-ra-du mì-ma a-nim k
2026-06-13 22:43:00,450 [INFO] Translation: 2 black donkeys belonging to Zurzu; 4 matlišhu, 3 miasradu owed by Puzur-Iškur, 
2026-06-13 22:43:00,451 [INFO] Translating: a-na a-lá-ḫi-im qí-bi-ma um-ma zu-ku-a-ma 12 ma-na kù.babbar i-dí-a-šur ḫa-bu-la
2026-06-13 22:43:06,457 [INFO] Translation: To Ali-ahum from Zukuwa: 12 minas of silver Iddin-Aššur owes to you. If he doesn
2026-06-13 22:43:06,458 [INFO] Translating: um-ma a-ta-ta šu-a-nu-um da-na-a ù la-ma-sí-ma a-na a-lá-ḫi-im qí-bi-ma a-na ma-
2026-06-13 22:43:12,389 [INFO] Translation: Thus Atata, Šu-Anum, Danaya and Lamassī, say to Ali-ahum: The tablet concerning 
2026-06-13 22:43:12,390 [INFO] Translating: kišib iškur-pí-la-aḫ dumu a-ni-nim kišib a-šur-lá-ma-sí dumu la-qé-eb kišib na-z
2026-06-13 22:43:18,088 [INFO] Translation: From Iškur-pilah son of Anninum, sealed by Aššurlamassī,
2026-06-13 22:43:18,089 [INFO] Translating: a-na a-šur-re-ṣí en-um-a-šur da-dí-a ú a-ta-a qí-bi₄-ma um-ma e-la-ma-ma um-ma a
2026-06-13 22:43:24,038 [INFO] Translation: Say to Aššur-rēṣī, Ennam-Assur, Dadiya and Ataya, thus Elamma: As for 17 minas o
2026-06-13 22:43:24,038 [INFO] Translating: kišib lá-qé-pì-im dumu i-zi-za-am-dingir a-na a-wa-tim a-ni-a-tim kà-ru-um kà-ni
2026-06-13 22:43:25,627 [INFO] Translation: From Lā-qēp son of Izzizam-ilum to Awātim.
2026-06-13 22:43:25,628 [INFO] Translating: 16 ma-na kù ṣa-ru-pá-am i-ṣé-er a-šùr-eš-tí-kál ù i-dí-a-bi₄-im i-sú-rik₁₃ i-šu 
2026-06-13 22:43:28,081 [INFO] Translation: 16 minas of refined silver Aššur-eštikal and Iddin-abum owe to Issu-arik.
2026-06-13 22:43:28,082 [INFO] Translating: a-na ša-lim-a-šùr qí-bi-ma um-ma en-um-a-šùr-ma ta-áš-pu-ra-am um-ma a-ta-ma kù.
2026-06-13 22:43:34,027 [INFO] Translation: Say to Šalim-Aššur, thus Ennam Assur: The silver of Burušhaddum is owed by your 
2026-06-13 22:43:34,028 [INFO] Translating: 2 né-pí-šu 15 ma-na.ta kù.babbar ṣa-ru-pu-um šu-qú-ul-ta-áš-nu a-ḫa-ma 2 né-pí-š
2026-06-13 22:43:40,078 [INFO] Translation: 15 minas of refined silver, Šu-Qūltašnu owes 2 black donkeys and 13 12 1 / 4 she
2026-06-13 22:43:40,079 [INFO] Translating: ra-bi-ṣú-um ša ša-lim-a-šùr en-um-a-šùr ú a-lá-ḫa-am me-er-e ša-lim-a-šùr iš-a-a
2026-06-13 22:43:45,906 [INFO] Translation: The rabi-ṣulūlī of Šalim-Aššur and Ali-ahum seized us against Amurrum-bāni, sayi
2026-06-13 22:43:45,907 [INFO] Translating: 2 túg ku-ta-ni sig₅ a-na 0.8333 ma-na kù.babbar ta-dí-in 1 túg ku-sí-tù lu-bu-ší
2026-06-13 22:43:51,568 [INFO] Translation: For 0.8333 mina of silver, its import duty added, 1 textile owed by Lubušim, and
2026-06-13 22:43:51,569 [INFO] Translating: i-nu-mì túg.ḫi.a ša šé-pí-a ni-im-nu 2 túg sà-áp-tí-num é.gal-lúm il₅-qé 1 šu-lu
2026-06-13 22:43:55,418 [INFO] Translation: The textiles of Šēp-Iya brought to you, 2 thin -good quality, 1 sappearance and 
2026-06-13 22:43:55,418 [INFO] Translating: um-ma bé-li-a-ma a-na en-um-a-šur ù lá-qé-ep a-na lá-qé-ep qí-bi-ma 8 ma-na kù.b
2026-06-13 22:44:01,030 [INFO] Translation: Thus Bēliya, say to Ennam-Aššur and Lā-qēp: 8 minas of refined silver, its impor
2026-06-13 22:44:01,031 [INFO] Translating: um-ma i-dí-a-šùr-ma a-na a-lá-ḫi-im ḫa-nu-nu e-na-na-tim ù ki-ba-al qí-bi-ma šu-
2026-06-13 22:44:06,946 [INFO] Translation: Thus Iddin-Aššur, say to Ali-ahum, hanunu, Ennānum and Kibal: As for the silver 
2026-06-13 22:44:06,947 [INFO] Translating: 1 ma-na 6 gín ṣa-ru-pu-um dumu e-ra-dí 16 gín kù.babbar ṣí-lá-da-ad é kà-ri-im i
2026-06-13 22:44:08,382 [INFO] Translation: 2 minas 6 shekels of refined silver I gave to the colony.
2026-06-13 22:44:08,382 [INFO] Eval progress: 340/500
2026-06-13 22:44:08,383 [INFO] Translating: um-ma a-šur-ma-lik-ma ù a-mur-ištar a-na a-lá-ḫi-im qí-bi-ma i-na 20 túg.ḫi.a ša
2026-06-13 22:44:14,314 [INFO] Translation: Thus Aššur-malik and Amurrum-Ištar, say to Ali-ahum: In accordance with your 20 
2026-06-13 22:44:14,315 [INFO] Translating: kišib en-na-nim dumu a-lá-bi₄-im kišib a-šùr-na-da dumu ir-nu-id kišib kà-ta-tim
2026-06-13 22:44:19,021 [INFO] Translation: From Ennānum son of Ali-abum, by Aššur-nadā, due to Adad-ellat, seal oF Irnuid, 
2026-06-13 22:44:19,022 [INFO] Translating: um-ma ša-lim-a-šùr-ma a-na ša ki-ma i-a-tí en-um-a-šùr ù a-lá-ḫi-im qí-bi-ma an.
2026-06-13 22:44:25,003 [INFO] Translation: Thus Šalim-Aššur, say to the matter of Ušebilākunutting, I gave you a tablet abo
2026-06-13 22:44:25,003 [INFO] Translating: 20 ma-na kù.babbar ṣa-ru-pu-um iš-tù ḫa-mu-uš-tim ša kà-ší-im a-na 13 ḫa-am-ša-t
2026-06-13 22:44:26,106 [INFO] Translation: 10 minas of refined silver from hamuštum.
2026-06-13 22:44:26,107 [INFO] Translating: kišib pè-ru-a kišib ša-ḫi-iš-nu-ma-an kišib ba-ri-me-a 15 gín kù.babbar i-ṣé-er 
2026-06-13 22:44:31,507 [INFO] Translation: From Peruwa to Šahišnuman, seal of Barrimeya, 15 shekels silve
2026-06-13 22:44:31,508 [INFO] Translating: kišib lá-ba-na-da dumu i-dí-sú-in kišib na-áb-sú-en₆ dumu šu-be-lim kišib i-dí-i
2026-06-13 22:44:36,628 [INFO] Translation: From Labanada son of Iddin-Suen to Adad-rabi, sealed by Nāb-Sūn, that Šu-Bēlum g
2026-06-13 22:44:36,628 [INFO] Translating: igi ku-ra dumu i-dí-a-šur igi en-nam-ì-lí igi i-dí-a dumu i-ku-nim 14 gú 4 ma-na
2026-06-13 22:44:39,350 [INFO] Translation: The Kura son of Iddin-Aššur sealed by Ennam-ilī and Ikūnum.
2026-06-13 22:44:39,351 [INFO] Translating: a-na a-lá-ḫi-im qí-bi₄-ma um-ma ḫa-nu-ma a-na-kam šu-en.líl ša-zu-úz-ta-kà ù a-n
2026-06-13 22:44:45,389 [INFO] Translation: To Ali-ahum from hanu: Šazuztaka and Anna-aku brought 20 shekels of silver for t
2026-06-13 22:44:45,390 [INFO] Translating: 10 gín kù.babbar a-na ni-qé-šu a-na i-ku-pí-a 2 gín a-na me-er-ì-šu a-dí-in 5 gí
2026-06-13 22:44:49,786 [INFO] Translation: 10 shekels of silver for Ikūn-pīya; 2 grains: Adida;
2026-06-13 22:44:49,787 [INFO] Translating: um-ma a-šur-ba-ni-ma a-na a-lá-ḫi-im ù lu-lu qí-bi-ma 0.5 ma-na kù.babbar ku-nu-
2026-06-13 22:44:54,756 [INFO] Translation: Thus Aššur-bāni, say to Ali-ahum and Lulu: 0.5 mina of silver that Ublakunuting 
2026-06-13 22:44:54,757 [INFO] Translating: um-ma ma-ma-ḫi-ir-ma a-na en-um-a-šùr ù lu-lu qí-bi-ma a-na lu-lu qí-bi-ma ma-na
2026-06-13 22:45:00,848 [INFO] Translation: Thus Man-mahir, say to Ennam-Aššur and Lulu: As for the minas of silver you have
2026-06-13 22:45:00,849 [INFO] Translating: kišib en-um-a-šur dumu šu-en.líl kišib šu-ištar dumu šu-ki-tim
2026-06-13 22:45:02,563 [INFO] Translation: From Ennam-Aššur son of Šu-Illil, sealed by Suen-līl;
2026-06-13 22:45:02,564 [INFO] Translating: um-ma a-mur-ištar-ma a-na ku-li-a a-šur-e-nam šál-ma-a-šùr ù mar.tu-ba-ni qí-bi-
2026-06-13 22:45:08,479 [INFO] Translation: Thus Amur-Ištar, say to Kuliya, Šalim-Aššur and Martu-bāni: As for the 1 textile
2026-06-13 22:45:08,480 [INFO] Translating: ki-ma ra-bi₄-ṣú-um ku-ṣú-du-ni-ma a-dí-ni a-na kà-ni-iš lá e-li-a-ni i-na e-lá-i
2026-06-13 22:45:14,547 [INFO] Translation: Thus Kuṣuduni, say to Kanesh, and the silver, its transport tariff paid for your
2026-06-13 22:45:14,547 [INFO] Translating: 14 ma-na kù.babbar ṣa-ru-pá-am i-na ší-im síg.ḫi.a ša ú-ší-na-lam bu-zu-ta-a il₅
2026-06-13 22:45:18,434 [INFO] Translation: 14 minas of refined silver that Buzutaya owes to Aššur-imittī son oF Dudiki, by 
2026-06-13 22:45:18,435 [INFO] Translating: kišib šu-ištar dumu šu-a-a a-na a-wa-tim a-ni-a-tim kà-ru-um kà-ni-iš i-dí-ni-ma
2026-06-13 22:45:21,778 [INFO] Translation: From Šu-Ištar son of Su-Aya to Awatum; the Kanesh colony gave us for his tablet.
2026-06-13 22:45:21,778 [INFO] Translating: a-ba-ú-a be-lu-a a-tù-nu li-ba-ak-nu i-de₈ šu- ú-la ni-iš-pu- kà-ša-dí-im ni-ta-
2026-06-13 22:45:27,823 [INFO] Translation: From Ababaya to Bēluwa, Atunu, Lā-qēpum, Iddin-abum seized us against your fathe
2026-06-13 22:45:27,824 [INFO] Translating: 30 gú urudu sà-ḫi-ra-am ša dur₄-ḫu-mì-it i-na ṣé-er ma-ma-ḫi-ir dumu a-mur-ištar
2026-06-13 22:45:33,489 [INFO] Translation: 10 talents of good copper from Durhumit, which Man-mahir son oF Amur-Ištar owes 
2026-06-13 22:45:33,490 [INFO] Translating: a-na a-mur-a-šur ù a-lá-ḫi-im qí-bi-ma um-ma a-šùr-nim-ri-ma šu-ma ta-áš-ta-na-m
2026-06-13 22:45:39,240 [INFO] Translation: Say to Amur-Aššur and Ali-ahum from Assurnimrī: You have not paid in Purušhaddum
2026-06-13 22:45:39,240 [INFO] Translating: 14 mu-ta-tim 2 e-li-ta-an ku-nu-ku ša šé-ep-ištar ù ša-lim-wa-ar-dí a-na dam išt
2026-06-13 22:45:43,926 [INFO] Translation: 14 minas of good quality, 2 black donkeys, Šēp-Ištar and the slave-girls belongi
2026-06-13 22:45:43,926 [INFO] Eval progress: 360/500
2026-06-13 22:45:43,927 [INFO] Translating: um-ma ša-qí-il₅ da-tim ku-li-a ší-ip-ru-um ša kà-ri-im kà-ni-iš ù kà-ru-um dur₄-
2026-06-13 22:45:49,662 [INFO] Translation: Thus Šaqil, Datum, Kuliya, the price of Kanesh colony, and settled accounts with
2026-06-13 22:45:49,663 [INFO] Translating: a-na a-la-ḫi-im qí-bi₄-ma um-ma ḫa-nu-ma a ma-lá tí-ir-tí-kà šu-ḫu-bu-ur ù a-na-
2026-06-13 22:45:55,632 [INFO] Translation: To Ali-ahum from hanu: Šu-hubur and Anna-aku brought you the silver to me about 
2026-06-13 22:45:55,633 [INFO] Translating: ki-ma me-er-e šál-ma-a-šur a-na qá-ta-tim a-da-ku-nu me-er-ú me-tim né-nu ṭup-pá
2026-06-13 22:46:01,461 [INFO] Translation: Thus Šalim-Aššur, say to the merchant, and specifically as follows: 'I have not 
2026-06-13 22:46:01,462 [INFO] Translating: i-na 4 ma-na kù.babbar ša ḫu-bu-ul puzur₄-en.líl ša ṭup-pí-šu ḫa-ar-mì-im ù 0.5 
2026-06-13 22:46:06,952 [INFO] Translation: To 4 minas of silver that Puzur-Enlil brought to you and its transport fee paid 
2026-06-13 22:46:06,953 [INFO] Translating: i-na 4 ma-na kù.babbar ša na-pá-ḫu iš-qú-lu-ni-ni 0.8333 ma-na 3.3333 gín kù.bab
2026-06-13 22:46:12,190 [INFO] Translation: To 4 minas of silver from Napahu, Išqulu-ninī, 0.8333 mana 3.3363 shekels, its i
2026-06-13 22:46:12,191 [INFO] Translating: 2 ma-na kù.babbar ša ší-im an.na-ki-kà ša i-na tí-me-el-ki-a al-qé-ú 10.3333 gín
2026-06-13 22:46:17,976 [INFO] Translation: 1 mina of silver for the proceeds in Timelkiya's house, its transport tariff pai
2026-06-13 22:46:17,977 [INFO] Translating: a-ba-ba ra-bi-ṣú-um ša é ša-lim-a-šur en-um-a-šur ù ṣí-li-a ša ki-ma a-la-ḫi-im 
2026-06-13 22:46:23,943 [INFO] Translation: Say to Ababa, thus Šalim-Aššur and Ṣilliya: When he was not paid for Iddin-Assur
2026-06-13 22:46:23,944 [INFO] Translating: 5 ma-na ḫu-ša-e i-na kà-ṣí-im a-na ta-ší-a-tim iš-tù qá-ṭá-ra a-dí ḫa-mì-za-nim 
2026-06-13 22:46:29,139 [INFO] Translation: 1 mina hušae will pay in the presence of hamizānum; 0.3336 shekel time is owed b
2026-06-13 22:46:29,140 [INFO] Translating: kišib i-dí-a-bi₄-im dumu i-tur₄-dingir kišib ú-nu-ba kišib a-ší-a-at 15 ma-na ur
2026-06-13 22:46:40,249 [INFO] Translation: From Iddin-abum son of Itūr-ilī to Unuba, sealed by Aššiat 15 minas, and they wi
2026-06-13 22:46:40,249 [INFO] Translating: 1 túg ku-ta-nam ša a-šur-ták-lá-ku ša kà-li- lugal-im ub-lam 1 túg ku-ta-nam ša 
2026-06-13 22:46:57,904 [INFO] Translation: 1 textile of Aššur-taklāku owes to Kali, Lugalum, 1 -teg on the colony, which Ah
2026-06-13 22:46:57,905 [INFO] Translating: ša-lim-a-šùr šu-bé-lúm ù en-na-sú-in na-aṣ-bu-tù-ma um-ma šu-bé-lúm-ma a-na ša-l
2026-06-13 22:47:03,831 [INFO] Translation: Say to Šalim-Aššur,Šu-Bēlum and Ennam-Suen, say, thus submitters, as follows: Th
2026-06-13 22:47:03,831 [INFO] Translating: a-na e-la-ma qí-bi₄-ma um-ma a-šur-ma-lik-ma a-na ma-lá ṭup-pí-im ša a-lim 1 ku-
2026-06-13 22:47:09,765 [INFO] Translation: Say to Elamma, thus Aššur-malik: The textiles are well as follows: I have not pa
2026-06-13 22:47:09,766 [INFO] Translating: 1 gín kù.babbar i-na ḫu-ra-ma a-na é ub-ri a-dí-in 12 gín pá-zu-ur-tí túg.ḫi.a i
2026-06-13 22:47:15,657 [INFO] Translation: 1 shekel of silver is owed by hurama; to Ikūn-pīya, the textiles, in Luhusādiya 
2026-06-13 22:47:15,658 [INFO] Translating: 45 ma-na kù.babbar ṣa-ru-pá-am i-ṣé-er ì-lí-dan ù sà-li-a a-ḫi-šu ša-lim-a-šur i
2026-06-13 22:47:21,711 [INFO] Translation: 15 minas of refined silver Ilī-dan and Saliya he will pay in 30 weeks. If they h
2026-06-13 22:47:21,712 [INFO] Translating: um-ma a-lá-ḫu-um-ma a-na šu-ištar ù ištar-lá-ma-sí qí-bi-ma šu-ma ú-ṭá-tum iš-tù
2026-06-13 22:47:27,068 [INFO] Translation: Thus Ali-ahum, say to Šu-Ištar and Āl-ṭāb: As for the 2 talents of good quality,
2026-06-13 22:47:27,069 [INFO] Translating: 11 i-lá-tim ša urudu ku-nu-ku ša en-nam-a-šur ù ra-bi₄-ṣí-im 6 ta-ma-lá-ku ša ṭu
2026-06-13 22:47:32,495 [INFO] Translation: Sealed by 11 textiles belonging to Ennam-Aššur and rabi-ṣulūlī, 6 tammalāku of t
2026-06-13 22:47:32,496 [INFO] Translating: a-na en-um-a-šur qí-bi-ma um-ma šu-nu-nu-ma a-na ma-lá na-áš-pé-er-tí-kà ša a-na
2026-06-13 22:47:38,433 [INFO] Translation: To Ennam-Aššur from Šu-Nūnu: Why is it that you have not paid to me and let him 
2026-06-13 22:47:38,434 [INFO] Translating: a-na ḫi-na-a ù e-la-ma qí-bí-ma um-ma i-dí-a-bu-ma 0.5 ma-na 5 gín kù.babbar ṣa-
2026-06-13 22:47:44,485 [INFO] Translation: To hinnāya and Elamma from Iddin-abum: 0.5 mina 5 shekels of refined silver Enna
2026-06-13 22:47:44,485 [INFO] Translating: a-na a-lá-ḫi-im qí-bi-ma um-ma kà-lu-a-ma tí-ir-tí puzur₄-a-šur ma-la i-lá-kà-ni
2026-06-13 22:47:50,106 [INFO] Translation: To Ali-ahum from Kaluwa: Why is it that Puzur-Aššur brings you my silver and we 
2026-06-13 22:47:50,107 [INFO] Translating: um-ma a-šur-ma-lik-ma ù a-mur-ištar a-na a-lá-ḫi-im qí-bi-ma a-na-kam sí-ki en-n
2026-06-13 22:47:55,974 [INFO] Translation: Thus Aššur-malik and Amurrum-Ištar, say to Ali-ahum: Why is it that Ennam-Suen b
2026-06-13 22:47:55,974 [INFO] Eval progress: 380/500
2026-06-13 22:47:55,975 [INFO] Translating: um-ma i-dí-sú-in-ma a-na en-nam-a-šùr qí-bi₄-ma a-ḫi a-ta be-lí a-ta ší-im túg.ḫ
2026-06-13 22:48:01,492 [INFO] Translation: Thus Iddin-Suen, say to Ennam-Aššur: As for the textiles you wrote me about, I h
2026-06-13 22:48:01,493 [INFO] Translating: um-ma ša-ta-áš-me-tim-ma a-na puzur₄-a-na ú šu-sú-in qí-bi₄-ma be-tum ḫa-bi₄-it-
2026-06-13 22:48:07,420 [INFO] Translation: Thus Šatašmettum, say to Puzur-Anna andŠu-Suen: Why is it that you have not paid
2026-06-13 22:48:07,421 [INFO] Translating: a-na ší-ša-ra a-du-da qí-bi-ma um-ma ša-lim-a-šùr-ma 2 gú 10 ma-na an.na 4 túg k
2026-06-13 22:48:13,418 [INFO] Translation: From Šalim-Aššur: 2 talents 10 minas of tin and 4 textiles under your seals, 5 b
2026-06-13 22:48:13,418 [INFO] Translating: um-ma šál-ma-a-šur-ma a-na en-nam-a-šur qí-bi-ma 1 ma-na kù.babbar ša a-na i-tur
2026-06-13 22:48:18,998 [INFO] Translation: Say to Ennam-Aššur: 1 mina of silver that Itūr-ilī and Elāli sons have been paid
2026-06-13 22:48:18,999 [INFO] Translating: um-ma- ù tám-kà-ru-um-ma a-na ì-lí-iš-tí-kál ù pí-lá-aḫ-ištar qí-bi-ma 30 ma-na 
2026-06-13 22:48:24,964 [INFO] Translation: From <gap> and the merchant to Ilī-ištīkal as witnesses, saying: 'You have not p
2026-06-13 22:48:24,964 [INFO] Translating: 0.3333 ma-na 5 gín kù.babbar ṣa-ru-pá-am ga-al-dá-a ša e-la-ma i-be-i-el ki kù.b
2026-06-13 22:48:28,034 [INFO] Translation: From Galdaya to Elamma, he will pay interest accounts for these proceedings and 
2026-06-13 22:48:28,035 [INFO] Translating: a-na a-dí-da ú a-lá-ḫi-im qí-bi-ma um-ma sig₅-pì-a-šur-ma 22 túg.ḫi.a sig₅ anše 
2026-06-13 22:48:33,972 [INFO] Translation: Say to Adida and Ali-ahum from Damiq-pī-Aššur: 22 textiles of good quality, whic
2026-06-13 22:48:33,973 [INFO] Translating: a-na a-šur- ù a-lá-ḫi-im qí-bi-ma um-ma be-lúm-ba-ni-ma a-ma-kam puzur₄-a-be-eḫ 
2026-06-13 22:48:39,552 [INFO] Translation: Say to Aššur- and Ali-ahum from Bēlum-bāni: As for the 1 mina of silver, its imp
2026-06-13 22:48:39,553 [INFO] Translating: a-na a-lá-ḫi-im ú a-šùr-ma-lik kišib i-dí-a-bi-im
2026-06-13 22:48:40,524 [INFO] Translation: To Ali-ahum and Aššur-malik; seal of Iddin-abum.
2026-06-13 22:48:40,525 [INFO] Translating: 3 gín kù.babbar ṣa-ru-pu-um i-ṣé-er ili₅-ba-ni dumu i-a-a a-ḫa-ma 4.1666 gín 7 0
2026-06-13 22:48:44,489 [INFO] Translation: 2 shekels of refined silver Ilī-bāni son Of Iaya has been paid 4.1666 grains 7 0
2026-06-13 22:48:44,490 [INFO] Translating: um-ma en-um-a-šùr-ma a-na lá-qé-ep ù a-na-na qí-bi-ma mì-šu ša ṣú-ḫa-ru-a a-dí u
2026-06-13 22:48:50,432 [INFO] Translation: Thus Ennam-Aššur, say to Lā-qēp and Annāna: Why is it that you wrote me about, w
2026-06-13 22:48:50,433 [INFO] Translating: um-ma i-li-a-ma a-šur-re-ṣí en-nam-a-šur ù da-dí-a a-na e-lá-ma qí-bi₄-ma 4.3333
2026-06-13 22:48:56,481 [INFO] Translation: Thus Ilīya, Aššur-rēṣī, Ennam-Assur and Dadiya said to Elamma: 4 minas 2.5 sheke
2026-06-13 22:48:56,482 [INFO] Translating: a-na en-nam-a-šur ù a-lá-ḫi-im me-er-e šál-ma-a-šur
2026-06-13 22:48:58,265 [INFO] Translation: Say to Ennam-Aššur and Ali-ahum; the sons of Šalim-assur.
2026-06-13 22:48:58,266 [INFO] Translating: kišib la-qé-pì-im dumu a-šur-ma-lik kišib dan-a-a dumu a-ta-a kišib im-dí-dingir
2026-06-13 22:49:03,768 [INFO] Translation: From Lā-qēp son of Aššur-mālik, sealed by Dan-Aya, to Imdī-ilum, due silver that
2026-06-13 22:49:03,769 [INFO] Translating: kišib mar.tu-ba-ni dumu ma-na-na kišib pu-šu-ke-en₆ dumu sú-e-a a-na a-wa-tim a-
2026-06-13 22:49:06,794 [INFO] Translation: The merchant son of Mannana seized us against Pušu-kēn, Sueyya, when Kanesh colo
2026-06-13 22:49:06,795 [INFO] Translating: a-na a-šur-na-da sú-in-il₅-šu ù en-na-su-in qí-bi-ma um-ma 0.5 lugal-ki-in-ma i-
2026-06-13 22:49:12,817 [INFO] Translation: Say to Aššur-nādā, Suen-ilšī and Ennam-Adad, thus says Wašhaniya: I have not pai
2026-06-13 22:49:12,818 [INFO] Translating: um-ma i- a-na ku-zi-zi-a qí-bi-ma 2 ma-na kù.gi 8 ma-na kù.babbar ku-zi-zi-a ub-
2026-06-13 22:49:18,001 [INFO] Translation: From I<gap> to Kuziziya: 2 minas of silver undergarment - its transport tariff p
2026-06-13 22:49:18,002 [INFO] Translating: 1.3333 ma-na kù.babbar a-mu-ru-um i li-bi₄ a-da-da um dumu šu- 0.3333 ma-na kù.b
2026-06-13 22:49:23,002 [INFO] Translation: Sealed by Adada son of Šu-<gap>
2026-06-13 22:49:23,003 [INFO] Translating: gín kù.babbar iš-tù ḫa-muš-tim ša en-na-nim ku-zi-zi-a il₅-qé-ma a-na itu.6.kam 
2026-06-13 22:49:28,338 [INFO] Translation: From the week of Ennānum, Kuziziya, seized us against Ilī-qēpum and his wife has
2026-06-13 22:49:28,339 [INFO] Translating: 11.25 gín iš-tí a-šur-ba-ni 11 gín iš-tí puzur₄-a-šur 9 gín kù.babbar ša dam ḫa-
2026-06-13 22:49:33,384 [INFO] Translation: 11.25 shekels of silver owed by Aššur-bāni; 11 grains with Puzur Assur;
2026-06-13 22:49:33,384 [INFO] Eval progress: 400/500
2026-06-13 22:49:33,385 [INFO] Translating: kišib a-ta-tí-a dumu en-na-nim kišib a-ḫu-wa-qar dumu a-šur-sipa kišib a-mur-a-š
2026-06-13 22:49:38,976 [INFO] Translation: From Atatiya son of Ennānum, sealed by Ahu-waqar,
2026-06-13 22:49:38,977 [INFO] Translating: kišib ka-ku-a dumu i-dí-ištar kišib puzur₄-iškur dumu i-dí-ištar kišib na-ra-am-
2026-06-13 22:49:44,983 [INFO] Translation: The Kakuwa son of Iddin-Ištar seized us against Puzur-Iskur, that has been broug
2026-06-13 22:49:44,983 [INFO] Translating: um-ma wa-ak-lúm-ma a-na kà-ri-im kà-ni-iš-ki qí-bí-ma a-lu-um dì-nam igi giš.gag
2026-06-13 22:49:50,213 [INFO] Translation: Thus Waklum, say to Kanesh: Aluwa son of Issu-arik has received the silver from 
2026-06-13 22:49:50,214 [INFO] Translating: kà-ru-um dí-nam i-dí-in-ma a-na lu-qú-tim ma-la a-na a-šùr-be-el-a-wa-tim i-pí-i
2026-06-13 22:49:55,948 [INFO] Translation: Iddin-abum seized us against Luqutum, Mala, to Aššur-bēl-awātim and Ippiq-idum: 
2026-06-13 22:49:55,949 [INFO] Translating: um-ma tù-ra-mì-ili₅-ma a-na en-um-a-šùr ù šu-ku-bi-ma qí-bi-ma 35 ma-na an.na i 
2026-06-13 22:50:00,992 [INFO] Translation: Say to Ennam-Aššur and Šu-Kūbum: 35 minas of tin under my seal, its transport ta
2026-06-13 22:50:00,993 [INFO] Translating: um-ma šu-ištar-ma ù la-qé-pu-um-ma a-na tám-kà-ri-im qí-bi-ma 10 ma-na kù.babbar
2026-06-13 22:50:06,943 [INFO] Translation: Thus Šu-Ištar and Lā-qēpum, say to Tamkarum: 10 minas of silver, its import duty
2026-06-13 22:50:06,944 [INFO] Translating: um-ma en-um-a-šur-ma a-na en-na-sú-in ù dingir-ba-ni qí-bi-ma šál-ma-ku lu ḫa-dí
2026-06-13 22:50:12,761 [INFO] Translation: Say to Enna-Suen and Dingir-bāni: Why is it that Šalim-Aššur left with you as fo
2026-06-13 22:50:12,762 [INFO] Translating: i-sú-rik₁₃ a-na a-lim i-lá-ak-ma é-tí-šu ša bu-ri-im a-šar a-ni-i ša-lim-a-šùr w
2026-06-13 22:50:18,450 [INFO] Translation: Thus Issu-arik, say to Ali-ahum:
2026-06-13 22:50:18,450 [INFO] Translating: 3 gín kù.babbar i li-bi ku-ku-lá-nim a-ḫa-ma 0.75 gín kù.babbar šu-ut-ma
2026-06-13 22:50:19,262 [INFO] Translation: 1 shekel of silver is owed by Kukulanum.
2026-06-13 22:50:19,263 [INFO] Translating: a-na a-wa-tim a-ni-a-tim kà-ru-um kà-ni-iš i-dí-ni-ma igi gír ša a-šùr ší-bu-tí 
2026-06-13 22:50:24,437 [INFO] Translation: To Awatum from the City of Kanesh colony, when his daughter has received a table
2026-06-13 22:50:24,438 [INFO] Translating: 1 ma-na 15 gín kù.babbar ṣa-ru-pá-am i-ṣé-er ú-ṣur-ša-a-šur dumu a-ta-ta aḫ-ša-l
2026-06-13 22:50:29,902 [INFO] Translation: 1 mina 15 shekels of refined silve
2026-06-13 22:50:29,902 [INFO] Translating: ta-aḫ-sí-sà-tum ša ší-be ša ší-im síg.ḫi.a ša ú-ší-na-lam
2026-06-13 22:50:31,278 [INFO] Translation: From the week of Tahsisatum, which Šamaš-bāni owes to Ušinalam.
2026-06-13 22:50:31,279 [INFO] Translating: a-na en-nam-a-šur ù a-lá-ḫi-im qí-bi-ma um-ma sig₅-pí-a-šur-ma me-at 60 ṣú-ba-tù
2026-06-13 22:50:37,295 [INFO] Translation: Say to Ennam-Aššur and Ali-ahum from Damiq-pī-Assur: The 60 talents of silver th
2026-06-13 22:50:37,296 [INFO] Translating: 0.3333 ma-na kù.babbar ší-im 2 túg.ḫi.a ša šé-ep puzur₄-a-šùr ša a-šur-be-el-a-w
2026-06-13 22:50:43,086 [INFO] Translation: Seal of 2 textiles that Puzur-Aššur brought to Ali-ahum, and he will pay interes
2026-06-13 22:50:43,087 [INFO] Translating: ṭup-pá-am ša ba-áb dingir ša i-na ku-bu-ur-na-at a-ba-a ú a-na-aḫ-ì-lí ip-qí-du-
2026-06-13 22:50:48,288 [INFO] Translation: Sealed by the City in Kuburnat, Abaya and Anna-ahum from Kanesh to Atata, son of
2026-06-13 22:50:48,289 [INFO] Translating: 1 gín kù.babbar be-lúm-ba-ni 1.5 gín kù.babbar a-šur-iš-tí-kál 1.5 gín en-na-sú-
2026-06-13 22:50:50,109 [INFO] Translation: 2 shekels of silver, Bēlum-bāni, 1.5 grain, Aššur-ištikal,
2026-06-13 22:50:50,110 [INFO] Translating: um-ma en-um-a-šur-ma a-na ma-num-ba-lúm-a-šur ú en-um-a-šur qí-bi₄-ma a-na en-um
2026-06-13 22:50:55,664 [INFO] Translation: Thus Ennam-Aššur, say to Mannum-balum Assur's house, and the matter of Puzur-Ana
2026-06-13 22:50:55,665 [INFO] Translating: kišib e-lá-ma dumu i-dí-sú-en₆ kišib zu-za-a dumu i-sí-ḫi-im kišib en-na-sú-en₆ 
2026-06-13 22:50:58,856 [INFO] Translation: From Elamma son of Iddin-Suen, sealed by Zuzaya,
2026-06-13 22:50:58,857 [INFO] Translating: i-ku-pí-a a-na ra-bi-ṣí-im ša šál-ma-a-šur iṣ-ba-at-ni-a-tí-ma um-ma i-ku-pí-a-m
2026-06-13 22:51:04,455 [INFO] Translation: Thus Ikūn-pīya, say to Rabi-ṣilli-Adad: When Šalim-Aššur brought 40 talents of g
2026-06-13 22:51:04,456 [INFO] Translating: um-ma i-dí-a-bu-um-ma a-na en-um-a-šur ù a-lá-ḫi-im qí-bi-ma a-na-kam 3 gú 55 ma
2026-06-13 22:51:09,917 [INFO] Translation: Thus Iddin-abum, say to Ennam-Aššur and Ali-ahum: As for 3 talents 55 minas of c
2026-06-13 22:51:09,917 [INFO] Eval progress: 420/500
2026-06-13 22:51:09,918 [INFO] Translating: a-na šu-a-šùr ù du-ma-na qí-bí-ma um-ma i-ku-pí-a-ma 2 túg tí-sà-bu ša a-al-du₁₀
2026-06-13 22:51:15,846 [INFO] Translation: To Šu-Aššur and Dumana from Ikūn-pīya: 2 textiles belonging to Al-ṭāb, the price
2026-06-13 22:51:15,847 [INFO] Translating: 0.3333 ma-na kù.babbar ṣa-ru-pá-am i-ṣé-er a-šur-ta-ak-lá-ku a-šur-du₁₀ i-šu-ú k
2026-06-13 22:51:19,733 [INFO] Translation: Sealed by Aššur-taklāku, the price of 1 / 4 shekel per mina. In all: As to which
2026-06-13 22:51:19,734 [INFO] Translating: ša 2 ma-na kù.babbar ṣa-ru-pá-am i-ṣé-er en-na-nim dumu a-zu-a e-la-ma i-šu itu.
2026-06-13 22:51:25,604 [INFO] Translation: From the 2 minas of refined silver, Ennānum,
2026-06-13 22:51:25,605 [INFO] Translating: 18 gín kù.babbar ša en-um-a-šur i li-bi a-šur-ba-ni 13.5 ma-na urudu ší-ku-um ša
2026-06-13 22:51:29,463 [INFO] Translation: The 18 shekels of silver that Ennam-Aššur brought to Assur-bāni, 13.5 minas Šikk
2026-06-13 22:51:29,463 [INFO] Translating: 1 ma-na kù.babbar ša ḫi-na-a e-lá-ma a-na i-dí-sú-en₆ ú-šé-bi₄-il₅ ṣé-eḫ-ri-lí ú
2026-06-13 22:51:31,689 [INFO] Translation: 2 minas of silver that hinnāya owes to Iddin-Suen.
2026-06-13 22:51:31,690 [INFO] Translating: 37 ku-ta-ni 34 túg šu-ru-tum a-na lá-qé-pí-im áp-qí-id igi i-dí-iškur igi i-dí-a
2026-06-13 22:51:33,934 [INFO] Translation: 17 kutānus 34 -textiles owed by Iddin-Aššur son of Suettata.
2026-06-13 22:51:33,935 [INFO] Translating: 0.6666 ma-na kù.babbar ṣa-ru-pá-am i-na ma-na-im ša a-mur-utu ba-lúm du-na-e i-t
2026-06-13 22:51:39,797 [INFO] Translation: Seal of Amur-Šamaš, Bēlum, Dunāya, Itūr-ilī and Šu-Ištar. Witnessed by Aššuridī'
2026-06-13 22:51:39,798 [INFO] Translating: um-ma i-ku-pí-a-ma a-na ib-ni-lí en-nam-a-šur ù qí-bi-ma a-na en-nam-a-šur qí-bi
2026-06-13 22:51:45,060 [INFO] Translation: Thus Ikūn-pīya, say to Ibni-ilī, Ennam-Aššur and questioned the 1 textile for me
2026-06-13 22:51:45,060 [INFO] Translating: i-na kù.babbar-áp ištar-lá-ma-sí ša a dumu-e-ša ta-dí-nu-ma kù.babbar i-na é e-l
2026-06-13 22:51:51,013 [INFO] Translation: Seal of Ištar-lamassī, the silver I gave you to Dumu-Eša, and which Ilī-a has no
2026-06-13 22:51:51,013 [INFO] Translating: a-na puzur₄-a-šur qí-bi-ma um-ma a-ni-wa-a-ni-ma iš-tù 3 itu.kam ta-ta-lá-ak-ma 
2026-06-13 22:51:57,118 [INFO] Translation: To Puzur-Aššur from Anniwani: Why is it that you have not paid in accordance wit
2026-06-13 22:51:57,119 [INFO] Translating: a-na ša-lim-a-šur qí-bi₄-ma um-ma a-bu-ša-lim-ma 13 anše.ḫi.a i-šar-be-li i-ta-d
2026-06-13 22:52:02,727 [INFO] Translation: Say to Šalim-Aššur, thus Abušallum: 13 black donkeys, Itūr-ilī and 30 textiles I
2026-06-13 22:52:02,728 [INFO] Translating: a-na ku-li-a qí-bi₄-ma um-ma a-šùr-i-mì-tí-ma 0.6666 ma-na 4 gín kù.babbar i-na 
2026-06-13 22:52:08,678 [INFO] Translation: Say to Kuliya, thus Aššur-imittī: In accordance with your instructions we sent m
2026-06-13 22:52:08,679 [INFO] Translating: a-we-el-tum ta-áš-pu-ra-ma ku-ta-nam ša 15 gín ú šu-ul-ḫa-am ša 4.5 gín a-lu-a ú
2026-06-13 22:52:11,098 [INFO] Translation: The tablet concerning 15 shekels and Šu-Lhamassī owes to Aluwa.
2026-06-13 22:52:11,099 [INFO] Translating: 14.5 gín kù.babbar ki ì-lí-dan dumu šu-ki-tim 2 ma-na 10 gín kù.ki šu-ištar ša s
2026-06-13 22:52:17,061 [INFO] Translation: 14.5 shekels of silver owed by Ilī-dān, son oF Šu-Kētum, 2 minas 10 grains, its 
2026-06-13 22:52:17,062 [INFO] Translating: kišib na-bi-sú-in ù ku-zi-zi-a a-na i-dí-a-šur 38 ma-na
2026-06-13 22:52:18,430 [INFO] Translation: Sealed by Nabi-Suen and Kuziziya; to Iddin-Aššur; 38 minas of silver.
2026-06-13 22:52:18,432 [INFO] Translating: a-na a-šur-utu-ši ù en-na-sú-in qí-bi₄-ma um-ma a-al-du₁₀-ma a-na a-šur-utu-ši q
2026-06-13 22:52:24,375 [INFO] Translation: To Aššur-šamšī and Enna-Suen from Al-ṭāb: Why is it that you have not paid in ac
2026-06-13 22:52:24,375 [INFO] Translating: 1 me-at túg ku-ta-ni 4 gú an.na ù it-ra-sú 5 anše.ḫi.a ša šu-be-lúm ù i-tur₄-din
2026-06-13 22:52:30,327 [INFO] Translation: 1 mina of tin and 5 black donkeys from Šu-Bēlum, Itūr-ilī, its interest added, 5
2026-06-13 22:52:30,328 [INFO] Translating: a-šùr-utu-ši ù en-na-sú-in iṣ-bu-tù-ni-a-tí-ma um-ma en-na-sú-in-ma a-na a-šùr-u
2026-06-13 22:52:36,223 [INFO] Translation: Say to Aššur-šamšī and Enna-Suen, saying: Kišdatiya is owed by your father's hou
2026-06-13 22:52:36,223 [INFO] Translating: na-áš-pá-ar-tám ša kù.babbar ša i-dí-a-bu-um a-na ṣé-er i-tur₄-dingir ù a-lá-ḫi-
2026-06-13 22:52:37,738 [INFO] Translation: The silver that Iddin-abum owes to Itūr-ilī and Ali-ahum.
2026-06-13 22:52:37,738 [INFO] Translating: kišib a-ku-za dumu šu-a-nim kišib šu-a-nim dumu ki kišib i-dí-a-bi-im ša 2 ma-na
2026-06-13 22:52:42,872 [INFO] Translation: The Akuza son of Šu-Anum seized us against Iddin-abum, and they will add interes
2026-06-13 22:52:42,873 [INFO] Eval progress: 440/500
2026-06-13 22:52:42,873 [INFO] Translating: pá-šu-ru ša igi i-li-šu 1 ku-sí-um ša igi a-šùr 1 kà-sú-um ša igi ša-ru-ma-té-en
2026-06-13 22:52:48,601 [INFO] Translation: Sealed by Ilīšu; 1 kusium owes to Assur;
2026-06-13 22:52:48,602 [INFO] Translating: um-ma šu-iš-ḫa-ra-ma a-na pì-lá-aḫ-ištar ú-ṣur-ša-a-šur ù a-bu-ša-lim qí-bi₄-ma 
2026-06-13 22:52:54,529 [INFO] Translation: Say to Pilah-Ištar, Uṣur-ša-Aššur and Abu-salim: 4 talents of good copper from t
2026-06-13 22:52:54,530 [INFO] Translating: a-na ku-zi-zi-a ištar-lá-ma-sí na-áb-sú-in a-na-a-na a-mur-ištar ša-lim-ar-dí ù 
2026-06-13 22:53:00,483 [INFO] Translation: Say to Kuziziya, Ištar-lamassī, Nab-Suen, Anna-annā, Šalim-Ardī and Manu-kī-ilī:
2026-06-13 22:53:00,484 [INFO] Translating: a-na ku-ni-lim qí-bi₄-ma um-ma a-mur-a-šur-ma a-šu-mì urudu ša a-šur-utu-ši ša t
2026-06-13 22:53:06,408 [INFO] Translation: To Kunilum from Amur-Aššur: Why is it that you have not paid any copper for two 
2026-06-13 22:53:06,409 [INFO] Translating: 10 gín kù.babbar ú ni-is-ḫa-sú wa-ta-ar ša-du-a-sú ša-bu-ú ša i-ku-pí-a a-na puz
2026-06-13 22:53:12,018 [INFO] Translation: 10 shekels of silver and its import duty added, which Ikūn-pīya brought to Puzur
2026-06-13 22:53:12,019 [INFO] Translating: 0.6666 ma-na kù.babbar ṣa-ru-pá-am bé-ú-la-tim ša ir-ma-a-šùr a-šùr-gal ú-kà-al 
2026-06-13 22:53:15,364 [INFO] Translation: Sealed by Ir'am-Aššur, the price of our testimony, which Assur-gal brought to yo
2026-06-13 22:53:15,365 [INFO] Translating: gín kù.babbar ṣa-ru-pá-am i-ṣé-er šu-be-lim šu-en.líl i-šu iš-tí kù.babbar uk-ta
2026-06-13 22:53:21,326 [INFO] Translation: 1 shekel of refined silver that Šu-Bēlum brought to you, in accordance with our 
2026-06-13 22:53:21,327 [INFO] Translating: šu-a-nu-um dumu lá-qé-ep i-ku-pì-a a-na 8 ma-na kù.babbar ša-ni-im ša 30 ma-na ú
2026-06-13 22:53:26,056 [INFO] Translation: Thus Šu-Anum, son of Lā-qēp, Ikūn-pīya, to 8 minas silver, its import duty added
2026-06-13 22:53:26,057 [INFO] Translating: a-na um-ma a-bi- ki ku-ra al-qé ku-ur-zi-a 4 gú ki a-šùr-i-mì-tí 3 gú 23 ma-na u
2026-06-13 22:53:30,052 [INFO] Translation: From Abiya to Kura: Aššur-imittī: 3 talents 23 minas of copper in the presence, 
2026-06-13 22:53:30,053 [INFO] Translating: um-ma bé-lá-num ù lá-ma-sà-tum-ma a-na utu-ba-ni ù pì-lá-aḫ-ištar qí-bi-ma 26 tú
2026-06-13 22:53:35,982 [INFO] Translation: Thus Bēlānum and Lā-qēpum, say to Utubani's dagger, the 26 textiles of Šu-Suen, 
2026-06-13 22:53:35,983 [INFO] Translating: a-lá-ḫu-um en-um-a-šur e-pu-ul um-ma a-lá-ḫu-um-ma ta-aḫ-sí-sà-tum ku-nu-ku-kà ú
2026-06-13 22:53:41,851 [INFO] Translation: From Ali-ahum to Ennam-Aššur, Eponymy of Tahsisatum, Kunukuka and Kūnu-kuwa, Bay
2026-06-13 22:53:41,852 [INFO] Translating: um-ma ša-lim-a-šur-ma a-na i-dí-a-bi-im e-na-nim i-na-aḫ-dingir i-ku-pí-a šu-išt
2026-06-13 22:53:47,843 [INFO] Translation: Thus Šalim-Aššur, say to Iddin-abum, Ennānum: Inah-ilī, Ikūn-pīya,Šu-Ištar and A
2026-06-13 22:53:47,844 [INFO] Translating: kišib šu-be-lim dumu i-sú-rik₁₃ a-na en-na-sú-in a-ḫi-šu ú a-lá-ḫi-im dumu šál-m
2026-06-13 22:53:50,768 [INFO] Translation: From Šu-Bēlum son of Issu-arik; to Enna-Suen, Ahiššu and Ali-ahum,
2026-06-13 22:53:50,769 [INFO] Translating: kišib ištar-pá-li-il₅ dumu šu-ku-bi₄-im kišib ni-mar-ištar dumu ba-la kišib a-bu
2026-06-13 22:53:56,581 [INFO] Translation: From Ištar-palil, son of Šu-Kūbum owes to Abu-šallim, that Ilī-alum. If he has n
2026-06-13 22:53:56,581 [INFO] Translating: 11 gín kù.babbar ša a-mur-ištar ki en-um-a-šùr i-ba-ší igi a-šùr-ba-ni
2026-06-13 22:53:58,146 [INFO] Translation: 11 shekels of silver that Amur-Ištar owes to Ennam-Aššur.
2026-06-13 22:53:58,147 [INFO] Translating: um-ma ša-lim-a-šur-ma a-na a-bu-a-a a-šur-du₁₀ a-dí-da-a en-nam-a-šur a-lá-ḫi-im
2026-06-13 22:54:04,018 [INFO] Translation: Thus Šalim-Aššur, say to Abuwaya, AŠur-ṭāb,
2026-06-13 22:54:04,019 [INFO] Translating: 1 ú-kà-pá-am e-dí-am 4 eb-le-e 2-ší-na ma-at-li-iḫ-šé-e a-za-mì-lam ḫu-ur-ší-a-n
2026-06-13 22:54:09,989 [INFO] Translation: Sealed by 4 black donkeys and 2 shekels of silver from the colony, a tablet with
2026-06-13 22:54:09,990 [INFO] Translating: a-na en-nu-um-a-šur kišib a-mur-ištar 3 ma-na urudu ú 2 gín kù.babbar a-
2026-06-13 22:54:11,328 [INFO] Translation: To Ennam-Aššur; seal of Amur-Ištar.
2026-06-13 22:54:11,329 [INFO] Translating: a-na en-nam-a-šùr kišib ištar-ra-bi₄-a-at
2026-06-13 22:54:12,160 [INFO] Translation: To Ennam-Aššur; seal of Ištar-rabi-at.
2026-06-13 22:54:12,161 [INFO] Translating: kišib šu-ta-mu-zi e-la-a en-um-a-šùr dumu e-la-ma ù lá-ma-sí a-na en-um-a-šùr
2026-06-13 22:54:13,861 [INFO] Translation: Sealed by Šu-Tammuzi, Elaya; Ennam-Aššur son of Ilī-ama and Lā-qēp.
2026-06-13 22:54:13,861 [INFO] Eval progress: 460/500
2026-06-13 22:54:13,862 [INFO] Translating: i-ri-šum da-dí-a iṣ-ba-at-ma um-ma i-ri-šum-ma ig-ri ša 4 anše.ḫi.a ša ta-as-ri-
2026-06-13 22:54:19,646 [INFO] Translation: Say to Dadiya, thus Irišum: In accordance with your instructions we gave me 4 ta
2026-06-13 22:54:19,646 [INFO] Translating: a-na da-da-a-a a-lá-ḫi-im ù en.líl-ba-ni qí-bi-ma um-ma puzur₄-a-šur-ma 0.3333 m
2026-06-13 22:54:25,405 [INFO] Translation: To Dadaya, Ali-ahum and Ennam-bāni from Puzur-Aššur: Šu-hubur son of Iddin-abum,
2026-06-13 22:54:25,405 [INFO] Translating: 18 túg šu-ru-tim ù 10 túg ku-ta-ni 2 gú an.na ù li-wi-sú ku-nu-ki-šu ša a-lim 2 
2026-06-13 22:54:27,351 [INFO] Translation: Sealed by 18 textiles and 10 black donkeys - all this I gave to Ali-ahum for Ašš
2026-06-13 22:54:27,352 [INFO] Translating: 16 gú 13 ma-na urudu sig₅ šà.ba 6 gú 40 ma-na urudu sig₅ ší-im kù.babbar iš-tí ì
2026-06-13 22:54:30,571 [INFO] Translation: 16 talents 13 minas of good copper, which Ilī-dān owes to Ababa and Ali-ahum.
2026-06-13 22:54:30,571 [INFO] Translating: a- lu- dumu kù.babbar ša ku-nu-ki kù.babbar ša ša-lim-a-šur a-na a-šur-i-mì-tí d
2026-06-13 22:54:35,392 [INFO] Translation: Say to Lu<gap>, the silver of Šalim-Aššur's son, sealed by Kunnuku, one mina 13 
2026-06-13 22:54:35,393 [INFO] Translating: 10 ma-na kù.babbar ṣa-ru-pu-um ni-is-ḫa-sú diri ša-du-a-sú ša-bu ša tám-kà-ri-im
2026-06-13 22:54:41,109 [INFO] Translation: 10 minas of refined silver, its transport tariff paid for Iliya and Šamaš-bāni, 
2026-06-13 22:54:41,110 [INFO] Translating: a-na a-dí-da ù a-lá-ḫi-im qí-bi-ma um-ma id-na-a-ma áš-ta-na-me-ma a-na ší-ip-ru
2026-06-13 22:54:47,076 [INFO] Translation: To Adida and Ali-ahum from Iddin-aya: Why is it that you wrote me about, I have 
2026-06-13 22:54:47,077 [INFO] Translating: 1 ma-na 10 gín kù.babbar ṣa-ru-pá-am i li-bi₄ i-ku-nu šu-ištar i-šu igi a-da-da 
2026-06-13 22:54:52,519 [INFO] Translation: 1 mina 10 shekels of refined silver Ikūnu Šu-Ištar owes to Adada, Dubsar, Imlika
2026-06-13 22:54:52,520 [INFO] Translating: 10 gín an.na i-na li-bi₄ be-lá-nim a-dí-in
2026-06-13 22:54:53,395 [INFO] Translation: 10 shekels of tin with Bēlānum.
2026-06-13 22:54:53,396 [INFO] Translating: um-ma i-dí-sú-in-ma a-na en-na-sú-in qí-bi₄-ma mì-šu ša ta-áš-pu-ra-ni um-ma a-t
2026-06-13 22:54:59,350 [INFO] Translation: Thus Iddin-Suen, say to Ennānum: Why is it that you have not paid anything? The 
2026-06-13 22:54:59,350 [INFO] Translating: ù 4 ša té-zi-bu ku-nu-ku-šu-nu ù ša ka-sà-tim ša du₁₀-ṣí-lá-a-šùr ù 1 a-bi-we-du
2026-06-13 22:55:05,359 [INFO] Translation: The 4 textiles under my seal and their house belonging to Duttu-ṣilli-Aššur, son
2026-06-13 22:55:05,360 [INFO] Translating: 4 gín kù.babbar i-nu-mì ku-da-tum a-na a-lim i-li-ku ak-ru-ub-šu-um
2026-06-13 22:55:06,344 [INFO] Translation: 1 shekel of silver is owed by Kudātum.
2026-06-13 22:55:06,345 [INFO] Translating: kišib dingir-tap-pá-a dumu id-na-a kišib a-ba-ta-na-nim dumu a-šur-utu-ši kišib 
2026-06-13 22:55:08,462 [INFO] Translation: From Dingir-tappaya son of Idnāya, sealed by Abatanannum, to Aššur-šamšī,
2026-06-13 22:55:08,463 [INFO] Translating: 3 gú urudu ma-as-am ku-nu-ki-a a-ḫa-ma 20 ma-na urudu ma-as-am šu-ut il₅-qé šu.n
2026-06-13 22:55:13,858 [INFO] Translation: 1 talent of good copper, under my seal and 2 black donkeys, its import duty adde
2026-06-13 22:55:13,858 [INFO] Translating: a-na puzur₄-a-šur ú i-ku-pì-a-šur qí-bi₄-ma um-ma šu-ištar-ma be-lu-ú-a a-tù-nu 
2026-06-13 22:55:19,879 [INFO] Translation: Ikūn-pī-Aššur from Šu-Ištar: Bēluwa brings you the silver and its import duty ad
2026-06-13 22:55:19,880 [INFO] Translating: a-pu-tum a-pu-tum i-na utu-ši ša šé-ep-ištar ú anše.ḫi-ú e-ra-ba-ni ú-ma-kál lá 
2026-06-13 22:55:25,960 [INFO] Translation: The attorney of Šēp-Ištar and Anšehiu have been added interest according to your
2026-06-13 22:55:25,961 [INFO] Translating: um-ma a-šur-ma-lik-ma a-na a-al-du₁₀ ù en-um-a-šur qí-bi₄-ma 7 gín kù.babbar ku-
2026-06-13 22:55:31,988 [INFO] Translation: Thus Aššur-mālik, say to Ali-ahum and Ennam-Assur: As for the 7 shekels of silve
2026-06-13 22:55:31,989 [INFO] Translating: -1.666699999999999 ma-na gín kù.babbar ṣa-ru-pu-um i-ṣé-er puzur₄.ištar dumu šu-
2026-06-13 22:55:34,890 [INFO] Translation: Sealed by Puzur-Ištar son of Šu-Anum. He will pay interest at the rate 2 shekels
2026-06-13 22:55:34,890 [INFO] Translating: 0.5 ma-na sí-pá-ra-tim i li-bi₄-i puzur₄-a-šùr igi a-lá-ḫi-im kà-ṣa-ar kur-ub-iš
2026-06-13 22:55:36,236 [INFO] Translation: 1.5 mina of siparately will bring it to Puzur-Aššur, by Ali-ahum.
2026-06-13 22:55:36,237 [INFO] Translating: a-na mar.tu-ba-ni e-nu-um-bé-lim lugal-im ù pá-na-kà qí-bi-ma um-ma ša-lim-a-šùr
2026-06-13 22:55:42,174 [INFO] Translation: Say to Ennam-Bēlum, Lugālim and Panaka, thus Šallī-Aššur: 12 minas of refined si
2026-06-13 22:55:42,175 [INFO] Eval progress: 480/500
2026-06-13 22:55:42,175 [INFO] Translating: i-na urudu ša ma-ma-ḫi-ir ša en-nam-a-šur e-zi-ba-ni 3 gú 8 ma-na sig₅ i li-bi-a
2026-06-13 22:55:45,619 [INFO] Translation: Sealed by Man-mahir son of Ennam-Aššur, Ezibāni, 3 tall 8 minas silver belonging
2026-06-13 22:55:45,620 [INFO] Translating: 0.3333 ma-na lá 2 gín kù.babbar ṣa-ru-pu-um i-ṣé-er puzur₄.ištar i-ri-šum i-šu i
2026-06-13 22:55:50,392 [INFO] Translation: Seal of Puzur-Ištar, he will pay in 2 months. Witnessed by Aššuridī and Tappā-il
2026-06-13 22:55:50,393 [INFO] Translating: 0.8333 ma-na kù.babbar puzur₄-a-šùr il₅-qé 0.8333 ma-na ki-ba-al il₅-qé 0.5 ma-n
2026-06-13 22:55:55,591 [INFO] Translation: 1.8333 mina of silver Puzur-Aššur has received 2 months; Pūša-Assur's dagger, 0.
2026-06-13 22:55:55,592 [INFO] Translating: a-na a-lá-ḫi-im qí-bi₄-ma um-ma man-a-šur-ma 48 túg dam-qú-tim 2 túg ša qá-tim 2
2026-06-13 22:56:01,488 [INFO] Translation: Say to Ali-ahum from Man-mahir: 48 textiles and 2 black donkeys that Aššur-bēl-a
2026-06-13 22:56:01,488 [INFO] Translating: puzur₄-a-šur dumu i-ku-pí-a en-um-a-šur dumu i-dí-sú-en₆ ù a-ḫu-šu i-dí-ištar du
2026-06-13 22:56:07,144 [INFO] Translation: From Puzur-Aššur son of Ikūn-pīya, Ennam-Assur, due to Iddin-Suen, and Ahu-šalim
2026-06-13 22:56:07,144 [INFO] Translating: -na ni-kà-sí ni-sí-ù-ma -na ma-na 14 gín kù.babbar ša i-na i li-bi-šu a-dí-ú a-n
2026-06-13 22:56:12,227 [INFO] Translation: Say to Nikasi, thus says Nīkāsi: In accordance with your instructions, and we ga
2026-06-13 22:56:12,228 [INFO] Translating: kišib ku-la a-ḫu-ú šu-ku-tim kišib puzur₄-tí-a-am-tim dumu ištar-pá-li-il₅ kišib
2026-06-13 22:56:18,101 [INFO] Translation: From Kula, Ahu-waqar, Šu-Kūtum, seal of Puzur-Tī-Amurrum's house, eponymy Ennam-
2026-06-13 22:56:18,102 [INFO] Translating: a-na a-dí-da a-la-ḫi-im ú ú-ku-ú qí-bi₄-ma um-ma puzur₄-a-šur-ma a-na-kam ša li-
2026-06-13 22:56:24,138 [INFO] Translation: Say to Adida, Ali-ahum and Uku from Puzur-Aššur: Why is it that you wrote me abo
2026-06-13 22:56:24,139 [INFO] Translating: um-ma i-ku-pì-a-ma a-na ib-ni-lí be-kà-a ú en-um-a-šur qí-bi₄-ma a-na en-um-a-šu
2026-06-13 22:56:30,106 [INFO] Translation: Thus Ikūn-pīya, say to Ibni-ilī, Bēkaya and Ennam-Aššur: He will give you 1 mina
2026-06-13 22:56:30,107 [INFO] Translating: a-na 11 túg ku-ta-ni ša e-lá-ma a-lá-ḫa-am ù a-mur-ištar a-šur-lá-ma-sí a-na e-l
2026-06-13 22:56:36,141 [INFO] Translation: Say to 11 textiles of Elamma, Ali-ahum and Amur-Ištar, thus Aššurlā-massī: If he
2026-06-13 22:56:36,142 [INFO] Translating: a-na i-ku-pí-a li-bi-ištar a-lá-ḫi-im ù a-šur-ma-lik a-na li-bi-ištar qí-bi-ma u
2026-06-13 22:56:42,129 [INFO] Translation: From Ikūn-pīya, Libbi-Ištar, Ali-ahum and Aššur-malik to Lā-qēpum: 3 minas of si
2026-06-13 22:56:42,130 [INFO] Translating: um-ma ku-zi-zi-a-ma ù a-mur-ištar-ma a-na a-lá-ḫi-im qí-bi-ma i-na 15 túg ša a-m
2026-06-13 22:56:48,081 [INFO] Translation: Thus Kuziziya, and Amur-Ištar, say to Ali-ahum: In accordance with your instruct
2026-06-13 22:56:48,082 [INFO] Translating: 3 kà-sà-tum ù tù-dí-na-tum šu-qú-ul-ta-áš-na 1 ma-na kù.babbar ku-nu-ku-a a-ḫa-m
2026-06-13 22:56:53,717 [INFO] Translation: 1 mina of silver, the slave-girls, and Tudī-nātum, Šu-Qultašna, 100 -textiles un
2026-06-13 22:56:53,718 [INFO] Translating: 2 ší-ta sà-ma-lá-tim ra-bi₄-a-tim a- ša ba-áb ni a-dí-šu-um 0.5 gín 4 sà-ma-lá-t
2026-06-13 22:56:55,521 [INFO] Translation: Sealed by the week of Adišum; 0.5 shekel 4 black donkeys will bring it to you.
2026-06-13 22:56:55,522 [INFO] Translating: a-na im-ba-ni ì-lí-iš-ta-ki-il₅ ù pí-la-aḫ-ištar qí-bi-ma um-ma dam.gàr-um-ma 1 
2026-06-13 22:57:01,475 [INFO] Translation: Say to Imbani, Ilī-ištakil and Pilah-Istar, thus says Damiq-Aššur: 1 talent 35 m
2026-06-13 22:57:01,476 [INFO] Translating: um-ma en-nam-a-šur-ma a-na a-la-ḫi-im qí-bi-ma a-na-kam a-du um-me-a-an a-bi-ni 
2026-06-13 22:57:07,423 [INFO] Translation: Thus Ennam-Aššur, say to Ali-ahum: As for the 2 talents of good quality Imtag-ru
2026-06-13 22:57:07,424 [INFO] Translating: 3 ma-na kù.babbar ṣa-ru-pá-am i-na ší-im síg.ḫi.a ša ú-ší-na-lam i-lá-áš-ra-ni d
2026-06-13 22:57:10,707 [INFO] Translation: 2 minas of refined silver Ilī-ašrannī son Of Sukkalliya will pay interest at the
2026-06-13 22:57:10,708 [INFO] Translating: ša-lim-a-šùr a-na a-mur-ištar ú-ṭá-ḫi-ni-a-tí-ma um-ma ša-lim-a-šùr-ma mì-šu-um 
2026-06-13 22:57:16,712 [INFO] Translation: From Šalim-Aššur to Amur-Ištar, Uṭāb-iniātī, saying: The 10 textiles of silver I
2026-06-13 22:57:16,713 [INFO] Translating: a-na en-nam-a-šùr qí-bi-ma um-ma ištar-ra-bi₄-at-ma a-dí kù.babbar-pí-kà ša ḫa-b
2026-06-13 22:57:22,762 [INFO] Translation: To Ennam-Aššur from Ištar-rabi: Why is it that habulākuni son of Ata left with y
2026-06-13 22:57:22,763 [INFO] Translating: um-ma ša ki-ma a-šùr-i-mì-tí dumu i-ku-pí-ištar-ma a-šùr-i-mì-tí dumu e-ta-a a-m
2026-06-13 22:57:28,811 [INFO] Translation: Say to Aššur-imittī son of Ikūn-pī-Ištar: As for the 1 talent 10 kutānu-textiles
2026-06-13 22:57:28,811 [INFO] Eval progress: 500/500
2026-06-13 22:57:33,085 [INFO] Evaluation results: {'bleu': 0.0, 'chrf++': 0.0, 'num_samples': 500}
2026-06-13 23:03:19,810 [INFO] Using device: cpu
2026-06-13 23:03:19,810 [INFO] Loading model from: model
2026-06-13 23:03:21,068 [INFO] Model loaded successfully
2026-06-13 23:03:21,097 [INFO] Translating: 2.5 ma-na ṣí-ba-ra-tum qá-dum ša a-bi₄-e-dim 1.3333 ma-na a-na ú-ra-ḫa-zi ša 1 m
2026-06-13 23:03:25,462 [INFO] Translation: 2.5 minas of silver that Abi-edum owes to Urahazi; 1 mana Ulgatum, Zigan-lugal;
2026-06-13 23:03:25,463 [INFO] Translating: a-na ša-lim-a-šùr a-šùr-ma-lik dumu lu-zi-na ù i-ku-pí-a qí-bi-ma um-ma ší-ša-ra
2026-06-13 23:03:31,308 [INFO] Translation: Say to Šalim-Aššur, Assur-mālik son of Luzina and Ikūn-pīya, saying: Ennam-Suen 
2026-06-13 23:03:31,309 [INFO] Translating: 3 gín kù.babbar iš-tí eb-lá-i-im ša síg.ḫi.a il₅-qé-ú
2026-06-13 23:03:32,028 [INFO] Translation: 1 shekel of silver is owed by Eblānum.
2026-06-13 23:03:32,029 [INFO] Translating: um-ma en-um-a-šùr-ma a-na ša-ta-na qí-bi-ma a-na-ku a-na ṣé-er ì-lí-dan a-na ku-
2026-06-13 23:03:37,872 [INFO] Translation: Thus Ennam-Aššur, say to Šatana: As for the silver Ilī-dan seized me and let him
2026-06-13 23:03:37,872 [INFO] Translating: a-ḫa-ma 5 gín kù.babbar i-na li-bi₄ šu-be-lim i-nu-mì kù.babbar a-na šu-be-lim á
2026-06-13 23:03:40,364 [INFO] Translation: Thus 5 shekels of silver that Šu-Bēlum has received it from our father.
2026-06-13 23:03:40,365 [INFO] Translating: um-ma ša-lim-a-šùr-ma a-na i-dí-a-bi-im en-na-nim i-na-aḫ-dingir ma-ma-ḫi-ir en-
2026-06-13 23:03:46,124 [INFO] Translation: Say to Iddin-abum, Ennam-Aššur and Ali-ahum: In accordance with the silver you w
2026-06-13 23:03:46,125 [INFO] Translating: 12 gín kù.babbar i li-bi sá-li-a a-lá-ḫu-um i-šu
2026-06-13 23:03:47,218 [INFO] Translation: Saliya owes 12 shekels of silver to Ali-ahum.
2026-06-13 23:03:47,219 [INFO] Translating: kišib kà-ri-im kà-ni-iš kà-ru-um dí-nam i-dí-in-ma a-na lu-qú-tim ma-la a-na a-š
2026-06-13 23:03:52,558 [INFO] Translation: The Kanesh colony gave us for these proceedings to Aššur-bēl-awātim, and Šēp-Išt
2026-06-13 23:03:52,558 [INFO] Translating: a-na en-nam-a-šur kišib a-lá-ḫi-im ù a-mur-ištar
2026-06-13 23:03:53,557 [INFO] Translation: To Ennam-Aššur; seal of Ali-ahum and Amur-Ištar.
2026-06-13 23:03:53,558 [INFO] Translating: kišib ta-mu-ri-a kišib kišib šar-bu-nu-a kišib re-e-ma kišib sú-la kišib šu-utu 
2026-06-13 23:03:57,674 [INFO] Translation: To Tammuriya, seal of Šar-bunnuya in representatives before Sula and Ganabeli, 0
2026-06-13 23:03:57,675 [INFO] Translating: -a-šur ú ša-ḫa- kù.babbar ša šé-ep-ištar a-na šu-ištar en-um-a-šur il₅-qé 1 gú 2
2026-06-13 23:04:01,720 [INFO] Translation: The silver of Šēp-Ištar, they will add 1 talent 20 minas, kutānu-textiles and 2 
2026-06-13 23:04:01,721 [INFO] Translating: a-na e-lá-ma qí-bi-ma um-ma ù a-šur-ma-lik-ma 4 gú an.na ku-nu-ki ša a-lim ú ku-
2026-06-13 23:04:06,957 [INFO] Translation: To Elamma from Aššur-malik: 4 talents of tin under my seal and their textiles be
2026-06-13 23:04:06,957 [INFO] Translating: um-ma ša-lim-a-šur-ma a-na i-dí-a-bi₄-im en-na-nim i-na-aḫ-dingir a-dí-da en-um-
2026-06-13 23:04:12,799 [INFO] Translation: Thus Šalim-Aššur, say to Iddin-abum, Ennānum: In accordance with your instructio
2026-06-13 23:04:12,799 [INFO] Translating: 8.1666 gín kù.babbar ší-im é-tí-šu a-šùr-mì-tí a-na sú-ub-ri-ga iš-qú-ul šu-ma m
2026-06-13 23:04:16,918 [INFO] Translation: 1.1666 shekel of silver that Aššur-mittī owes to Subriga. If he has not paid int
2026-06-13 23:04:16,919 [INFO] Translating: a-pu-tum ri-iš lu-qú-tim ša dam.gàr ša-ṣí-ir ú a ma-lá tí-ir-tí-kà um-ma a-ta-ma
2026-06-13 23:04:22,621 [INFO] Translation: The attorney of Luqutum, Šaṣir and Amurrum-bāni seized us against your father's 
2026-06-13 23:04:22,622 [INFO] Translating: kišib a-šur-dan dumu i-ku-pì-a kišib i-dí-a-bi₄-im dumu i-tur₄-dingir kišib a-šu
2026-06-13 23:04:28,390 [INFO] Translation: From Aššur-ṭāb son of Ikūn-pīya sealed by Iddin-abum, that Itūr-ilī owes 30 mina
2026-06-13 23:04:28,391 [INFO] Translating: um-ma ir-ma-a-šùr-ma a-na i-ku-pí-a-šùr lá-ma-sà-tim ù en-um-a-šùr qí-bi-ma 1 ma
2026-06-13 23:04:34,695 [INFO] Translation: Say to Ikūn-pī-Aššur, Lā-qēpum and Ennam-Assur: 1 mina of silver that Suen-nādā 
2026-06-13 23:04:34,696 [INFO] Translating: a-na a-lá-ḫi-im ú-ṣur-ša-ištar ú zu-ku-a qí-bi-ma um-ma sig₅-pí-a-šur-ma 15 ma-n
2026-06-13 23:04:46,692 [INFO] Translation: To Ali-ahum, Uṣur-ša-Ištar and Zukuwa from Damiq-pī-Aššur: 15 minas of tin under
2026-06-13 23:04:46,693 [INFO] Translating: um-ma bu-zu-a du₁₀-ṣí-lá-a-šur ù a-lá-bu-um-ma a-na en-um-a-šùr ù a-lá-ḫi-im qí-
2026-06-13 23:04:52,465 [INFO] Translation: Thus Buzuwa, Dust-ṣill-Aššur and Ali-abum, say to Ennam-Assur's dagger, the text
2026-06-13 23:04:52,466 [INFO] Translating: a-na šu-ištar qí-bi₄-ma um-ma ì-lí-iš-tí-kál-ma ki-ma ša-nu-a-tí-ni lá a-tù-ra-a
2026-06-13 23:04:57,534 [INFO] Translation: To Šu-Ištar from Iliš-tikal: You have not paid in accordance with your testimony
2026-06-13 23:04:57,535 [INFO] Translating: 5 gín kù.babbar a-na ṣú-ḫa-ri-im ša šu-ku-bi₄-im i-nu-mì a-na wa-aḫ-šu-ša-na i-l
2026-06-13 23:04:59,143 [INFO] Translation: 1 shekel of silver that Šu-Kūbum owes to Wahšušana.
2026-06-13 23:04:59,144 [INFO] Translating: a-na a-lá-ḫi-im kišib i-ku-pí-a ú zu-ku-a
2026-06-13 23:04:59,996 [INFO] Translation: To Ali-ahum seal of Ikūn-pīya and Zukuwa.
2026-06-13 23:04:59,997 [INFO] Translating: ir-ma-a-šùr dumu ni-dí-ba-ni puzur₄-a-šùr iṣ-ba-at-ma um-ma puzur₄-a-šur-ma a-na
2026-06-13 23:05:05,599 [INFO] Translation: Say to Ir'am-Aššur son of Nidi-bāni, Puzur-Assur, saying: You have not paid in a
2026-06-13 23:05:05,600 [INFO] Translating: a-šur-ma-lik ù a-na-ku ni-kà-sí ni-sí-ma il₅ šu uš ma 5 ma-na kù.babbar i-ṣé-ri-
2026-06-13 23:05:11,538 [INFO] Translation: Thus Aššur-malik and Anna-aku, say to Nikasi: If the 5 minas of silver I gave yo
2026-06-13 23:05:11,538 [INFO] Translating: 11 na-ru-qá-tum na-ṣí-a-tum 9 e-ba-al sí-kà-tim
2026-06-13 23:05:12,642 [INFO] Translation: Sealed by 11 black donkeys - all this 9 shekels of silver.
2026-06-13 23:05:12,643 [INFO] Translating: a-na a-lá-ḫi-im a-ni-na ú a-šur-ma-lik um-ma zu-ku-a-ma 30 43 im am ni ri-ni be-
2026-06-13 23:05:18,625 [INFO] Translation: To Ali-ahum, Annina and Aššur-malik from Zukuwa: 30 43 talents of refined silver
2026-06-13 23:05:18,626 [INFO] Translating: en-um-a-šur ša ki-ma i-ku-pí-a dumu a-šùr-ba-ni e-pu-ul um-ma en-um-a-šur-ma a-n
2026-06-13 23:05:24,556 [INFO] Translation: Thus Ikūn-pīya, son of Aššur-bāni, Epul, and Ennam-Assur said to the merchant: W
2026-06-13 23:05:24,557 [INFO] Translating: a-na i-dí-a-bi-im i-tur₄-dingir en-na-nim ù a-lá-ḫi-im qí-bi-ma um-ma en-nam-a-š
2026-06-13 23:05:30,479 [INFO] Translation: To Iddin-abum, Itūr-ilī, Ennānum and Ali-ahum; specifically to Šalim-Aššur: Why 
2026-06-13 23:05:30,480 [INFO] Translating: 30 ma-na 10 gín kù.babbar ṣa-ru-pu-um 13 anše.ḫi.a 31 i-lu-ú 41 ú-kà-pu 11 ma-as
2026-06-13 23:05:33,935 [INFO] Translation: 20 minas 10 shekels of refined silver, 13 black donkeys, 31 bronze boards and 41
2026-06-13 23:05:33,936 [INFO] Translating: um-ma a-šùr-ma-lik ù ša-lim-a-šur a-na ša-lim-a-šur qí-bi-ma la-ma a-šur-ša-du-e
2026-06-13 23:05:39,802 [INFO] Translation: Say to Šalim-Aššur, thus says Assur-mālik and Ali-ahum: I have not paid in accor
2026-06-13 23:05:39,803 [INFO] Translating: i-nu-mì i-dí-a-bu-um a-na mu-a-tim ta-ad-nu-ma é a-šùr-bé-el-a-wa-tim wa-áš-bu š
2026-06-13 23:05:45,731 [INFO] Translation: Thus Iddin-abum, say to Aššur-bēl-awātim: Why is it that you have not paid for m
2026-06-13 23:05:45,732 [INFO] Translating: a-na e-lam-ma qí-bi-ma um-ma šu-be-lúm-ma dumu.mí a-šur-dan dumu zi-zi-im ra-bi₄
2026-06-13 23:05:51,652 [INFO] Translation: Say to Elamma, thus Šu-Bēlum, son of Aššur-ṭāb: We have not paid in accordance w
2026-06-13 23:05:51,653 [INFO] Translating: a-na a-lá-ḫi-im dumu šál-ma-a-šur ù zu-ku-a kišib puzur₄-a-šur dumu a-šur-dan
2026-06-13 23:05:53,432 [INFO] Translation: Say to Ali-ahum son of Šalim-Aššur and Zukuwa; sealed by Puzur-Assur,
2026-06-13 23:05:53,433 [INFO] Translating: 13 ma-na kù.babbar ṣa-ru-pá-am i-ṣé-er i-dí-a-bi₄-im a-mur-ištar ù a-šur-i-mì-tí
2026-06-13 23:05:58,267 [INFO] Translation: 13 minas of refined silver Iddin-abum, Amur-Ištar and Aššurimittī, he will pay i
2026-06-13 23:05:58,268 [INFO] Translating: um-ma ša-lim-a-šùr a-na i-dí-a-bi₄-im en-na-nim i-na-aḫ-dingir a-dí-da en-um-a-š
2026-06-13 23:06:04,283 [INFO] Translation: Thus Šalim-Aššur, say to Iddin-abum, Ennānum: In accordance with your instructio
2026-06-13 23:06:04,284 [INFO] Translating: a-na a-lá-ḫi-im a-ni-na a-šur-ma-lik pé-ru-a a-zi-ta-ri-a a-zu-ul ù mu-a-ni-kà q
2026-06-13 23:06:10,259 [INFO] Translation: To Ali-ahum, Annina Aššur-malik, Peruwa, <gap> Azul and Muanika; specifically to
2026-06-13 23:06:10,259 [INFO] Translating: kišib -a-šur kišib a-šur-ta-ak-lá-ku kišib qá-ta-tim 4.1666 gín kù.babbar i-ṣé-e
2026-06-13 23:06:13,741 [INFO] Translation: From Aššur to Aklaku, seal of Qatatum, 4.1666 shekels owed by the merchant. In a
2026-06-13 23:06:13,742 [INFO] Translating: mì-ma a-na kù.babbar-pì-kà 1 gín li-ba-am lá i-pá-ri-id ú ma-as-ḫu-ru-tám i-na l
2026-06-13 23:06:19,421 [INFO] Translation: Thus says Iparid and Mashurutam: In accordance with your instructions, the proce
2026-06-13 23:06:19,422 [INFO] Translating: 20 ma-na urudu sig₅ i ší-im ku-uk-ra i-ri-iḫ-ma i-ṣé-er utu-a-bi lá-ma-sà-tum tí
2026-06-13 23:06:24,705 [INFO] Translation: 10 minas of good copper is belonging to Lamassutum. Witnessed by Lā-qēpum, the p
2026-06-13 23:06:24,706 [INFO] Translating: um-ma kà-ru-um kà-ni-iš-ma a-na ša-qí-il₅ da-tim ku-li-a ší-ip-ri-ni kà-ri-im du
2026-06-13 23:06:30,445 [INFO] Translation: Thus Kanesh, say to Šaqil, Datum, Kuliya, the son of Durhumit, has not paid in t
2026-06-13 23:06:30,446 [INFO] Translating: a-na mar-ku-tí dumu da-dí-a dumu i-la-a-a i-na za-al-pá iš-tù itu.kam ku-zal-li 
2026-06-13 23:06:36,505 [INFO] Translation: To Man-mahir son of Dadiya, that Ilī-aya seized us against Zalpa. If he has not 
2026-06-13 23:06:36,505 [INFO] Translating: gín kù.babbar a-ḫa-ma 3 gín kù.babbar ší-im udu gín kù.babbar a-na a-gi-a
2026-06-13 23:06:37,578 [INFO] Translation: The 3 shekels of silver I gave to Agiya.
2026-06-13 23:06:37,579 [INFO] Translating: um-ma la-ma-sí-ma a-na a-la-ḫi-im qí-bi₄-ma mì-šu ša ta-áš-pu-ra-ni um-ma a-ta-m
2026-06-13 23:06:43,532 [INFO] Translation: Thus Lamassī, say to Ali-ahum: As for the silver you wrote me about, and I have 
2026-06-13 23:06:43,532 [INFO] Translating: kišib sú-kà-lí-a dumu a-mur-a-šùr kišib a-ku-za dumu šu-a-nim kišib ú-ra-a dumu 
2026-06-13 23:06:47,071 [INFO] Translation: The Sukkalliya son of Amur-Aššur sealed by Akūza, due from Šu-Anum. We gave us f
2026-06-13 23:06:47,071 [INFO] Translating: 6 gín kù.babbar a-šu-mì a-ší-it gal ṣa-bi₄-im lu-lu ša-bu
2026-06-13 23:06:47,848 [INFO] Translation: 1 shekel of silver is owed by Lulu.
2026-06-13 23:06:47,849 [INFO] Translating: a-na e-lá-ma qí-bi₄-ma um-ma a-šur-na-da ù a-šur-i-mì-tí-ma 1 me-at 2 túg.ḫi.a k
2026-06-13 23:06:53,751 [INFO] Translation: Say to Elamma, thus Aššur-nādā and Assurimittī: 1 mina 2 textiles under my seals
2026-06-13 23:06:53,752 [INFO] Translating: 24 ma-na kù.babbar ṣa-ru-pá-am i-ṣé-er i-dí-a-bi-im a-šùr-be-el-a-wa-tim i-šu iš
2026-06-13 23:06:58,883 [INFO] Translation: 14 minas of refined silver Iddin-abum owes to Aššur-bēl-awātim. He will pay inte
2026-06-13 23:06:58,883 [INFO] Translating: 1 gú 6.5 ma-na urudu sig₅ ší-im kù.babbar-áp-šu ša ili₅-ba-ni ša a-na i-dí-a-šùr
2026-06-13 23:07:01,852 [INFO] Translation: 1 talent 6.5 minas of good copper, which Ilī-bāni brought to Iddin-Aššur,
2026-06-13 23:07:01,853 [INFO] Translating: šu-bé-lúm dumu i-dí-a-bi-im a-na puzur₄.ištar iṣ-ba-at-ni-a-tí-ma um-ma šu-bé-lú
2026-06-13 23:07:07,765 [INFO] Translation: Say to Puzur-Ištar, thus Šu-Bēlum, son of Iddin-abum: As for your father's dagge
2026-06-13 23:07:07,766 [INFO] Translating: um-ma šu-ku-tum-ma a-na uš-ta-aḫ-šu-šar qí-bi₄-ma šu-ma am-tí a-tí ša ma-ma-an l
2026-06-13 23:07:12,245 [INFO] Translation: Thus Šu-Kūtum, say to Uštahšušar: Why is it that you have not paid anything abou
2026-06-13 23:07:12,245 [INFO] Translating: kà-ru-um dur₄-ḫu-mì-it ṣa-ḫi-ir gal dí-nam i-dí-in-ma i-na u₄-mì-im ša en-um-a-š
2026-06-13 23:07:17,351 [INFO] Translation: From Durhumit to Ṣahir gal of the colony. Witnessed by Ennam-Aššur in Uṣur-šamšī
2026-06-13 23:07:17,352 [INFO] Translating: 12 gín an.na ni-is-ḫa-sú 1 ma-na 10 gín urudu ma-sí-um 0.8333 ma-na urudu ša ša-
2026-06-13 23:07:20,597 [INFO] Translation: 12 shekels of tin, its import duty added, 0.8333 mina copper owes to Iddin-Suen.
2026-06-13 23:07:20,598 [INFO] Translating: um-ma šu-ḫu-bu-ur-ma ù ḫa-nu-ma a-na a-la-ḫi-im qí-bi₄-ma a-šu-mì ša a-lu-lá-a š
2026-06-13 23:07:26,343 [INFO] Translation: Thus Šu-hubur, and hanu, say to Ali-ahum: Why is the silver you sent me about, w
2026-06-13 23:07:26,343 [INFO] Translating: um-ma e-na-sú-in-ma a-na a-lá-ḫi-im qí-bi₄-ma 11 gú urudu ma-sí-um 10 ma-na urud
2026-06-13 23:07:31,885 [INFO] Translation: Thus Enna-Suen, say to Ali-ahum: 11 talents of good copper, 10 minas under my se
2026-06-13 23:07:31,886 [INFO] Translating: 1.5 gín kù.babbar ta-áš-me-tum 1.5 gín kù.babbar šé-bi₄-lá
2026-06-13 23:07:33,072 [INFO] Translation: 1.5 shekel of silver that Šēb-ilī brought to you.
2026-06-13 23:07:33,073 [INFO] Translating: a-na dam.gàr ú zu-ku-a qí-bi-ma um-ma puzur₄-a-šur ú sig₅-pí-a-šur-ma a ma-lá tù
2026-06-13 23:07:38,958 [INFO] Translation: To Damiq-pī-Aššur and Zukuwa; specifically to Tunahidānum: The 2 talents 8 minas
2026-06-13 23:07:38,959 [INFO] Translating: a-na šu-ta-mu-zi e-lá-a a-ba-ba ù lá-ma-sí qí-bi-ma um-ma a-dí-da ù a-lá-ḫu-um-m
2026-06-13 23:07:44,852 [INFO] Translation: Say to Šu-Tammuzi, Elaya, Ababa and Lamassī, thus Adida,
2026-06-13 23:07:44,853 [INFO] Translating: um-ma en-na-sú-in ù en-um-a-šùr-ma a-na um-ma-za ù tù-ta-a um-ma en-na-sú-in-ma 
2026-06-13 23:07:50,724 [INFO] Translation: Thus Ennam-Aššur, say to Ummaza and Tūtaya, as follows: Why is it that you wrote
2026-06-13 23:07:50,725 [INFO] Translating: um-ma a-šur-utu-ši ù da-da-a-ma a-na a-lá-ḫi-im qí-bi-ma 1 ma-na kù.babbar ku-nu
2026-06-13 23:07:56,296 [INFO] Translation: Thus Aššur-šamšī and Dadaya, say to Ali-ahum: 1 mina of silver Ilī-wēdāk brings 
2026-06-13 23:07:56,296 [INFO] Translating: a-ni-na a-na be-lá-nim iṣ-ba-at-ni-a-tí-ma um-ma be-lá-num-ma 5.5 ma-na kù.babba
2026-06-13 23:08:01,511 [INFO] Translation: Say to Bēlānum: 5.5 minas of silver, its import duty added, sealed by Kilalini a
2026-06-13 23:08:01,511 [INFO] Translating: 14 gín kù.babbar.ki da-ra-ší 13- gín kù.babbar.ki ma-ma-ḫi-ir 0.3333 ma-na 5 gín
2026-06-13 23:08:04,125 [INFO] Translation: 14 shekels of silver, its import duty added, Darašī, 13 -textiles: Man-mahir;
2026-06-13 23:08:04,125 [INFO] Translating: ṭup-pá-am a-nim ša i-ṣé-ri-kà ṭá-bu li-iš-ta-sí-a
2026-06-13 23:08:04,878 [INFO] Translation: From the week of Lištasiya.
2026-06-13 23:08:04,878 [INFO] Translating: 1 gín kù.babbar ki dingir-ra-bi
2026-06-13 23:08:05,650 [INFO] Translation: 1 shekel of silver is owed by Dingir-rabi.
2026-06-13 23:08:05,651 [INFO] Translating: ú-ku-ul-ti ú-ku-ul-ti-šu-nu 5 anše.ḫi.a -šu-nu urudu áš-qúl da-tum -be lu a-la-q
2026-06-13 23:08:10,461 [INFO] Translation: Sealed by Ukultišunu, 5 black donkeys - all this belonging to Lu'ālum, and I gav
2026-06-13 23:08:10,462 [INFO] Translating: um-ma ša-lim-a-šùr pu-šu-ki-in ù sà-ba-sí-a-ma a-na ì-lí-iš-ti-kál qí-bi-ma 16 m
2026-06-13 23:08:16,410 [INFO] Translation: Say to Šalim-Aššur, Puzur-kīn and Sabasiya, thus says Ilī-ištikal: 16 minas of s
2026-06-13 23:08:16,411 [INFO] Translating: ù lu tám-kà-ar a-bi₄-a a-ta lá tù-na-ḫa-ni ù kù.babbar ma-dam lá tù-ša-ag-ma-ra-
2026-06-13 23:08:18,486 [INFO] Translation: To Abiya from the week of Tunahani and Ku.
2026-06-13 23:08:18,486 [INFO] Translating: a-na ša-lim-a-šùr qí-bi-ma um-ma en-nam-a-šùr-ma i-na lu-qú-tí-kà ša a-na ṣé-ri-
2026-06-13 23:08:24,478 [INFO] Translation: Say to Šalim-Aššur, thus Ennānum: In accordance with your instructions, and we s
2026-06-13 23:08:24,479 [INFO] Translating: 2 né-pí-šé-en 20 ma-na kù.babbar ṣa-ru-pá-am ni-is-ḫa-sú ša-du-a-sú ša-bu-ú 12 g
2026-06-13 23:08:28,600 [INFO] Translation: 20 minas of refined silver, its import duty added,
2026-06-13 23:08:28,601 [INFO] Translating: um-ma ḫi-na-a-ma a-na e-lá-ma qí-bi₄-ma 1 me-at 8 ku-ta-ni qá-dum ša kà-ṣa-re ša
2026-06-13 23:08:34,473 [INFO] Translation: Thus hinnāya, say to Elamma: 1 mina 8 shekels of silver for these proceedings an
2026-06-13 23:08:34,474 [INFO] Translating: a-dí ša ta-áš-pu-ra-ni um-ma a-ta-ma 1 me-at 80 túg qá-dum ša li-we-tim 4 gú 10 
2026-06-13 23:08:40,283 [INFO] Translation: Thus Tašpurannī, say to you: 100 textiles, 14 minas of tin - all this I have not
2026-06-13 23:08:40,284 [INFO] Translating: a-na i-ku- ú zu-zu-wa qí-bi-ma um-ma a-lá-bu-ma mì-nam áš-ta-na-me-ú a-mur-ištar
2026-06-13 23:08:45,890 [INFO] Translation: To Ikūn-<gap> and Zuzuwa from Ali-abum: When Amur-Ištar seized us against Udaluh
2026-06-13 23:08:45,891 [INFO] Translating: kišib ba-zi-a dumu dingir-kur-ub kišib a-ḫu-qar dumu zu-ur-zu-ur kišib i-ri-ší-i
2026-06-13 23:08:51,328 [INFO] Translation: From Baziya son of Dingir-kūrub, sealed by Ahu-waqar, due silver that Irišum owe
2026-06-13 23:08:51,328 [INFO] Translating: 10 ma-na kù.babbar ṣa-ru-pá-am tù-ur-a-a dumu ú-zu-a i-na ší-im síg.ḫi.a ša ú-ší
2026-06-13 23:08:54,884 [INFO] Translation: 10 minas of refined silver Turaya, the working capital, with Ušinālum's house, o
2026-06-13 23:08:54,884 [INFO] Translating: kišib ḫi-na-a kišib i-ku-pí-a-šùr dumu en-um-a-šur ša 1.5 ma-na kù.babbar me-eḫ-
2026-06-13 23:09:00,141 [INFO] Translation: From hinnāya to Ikūn-pī-Aššur son of Ennam-Assur, the 1.5 mina one shekel per mo
2026-06-13 23:09:00,142 [INFO] Translating: a-na i-ku-pí-a qí-bi-ma um-ma en-nam-a-šur i-dí-a-bu-um ú lá-qé-pu-ma a-na 10 ma
2026-06-13 23:09:06,110 [INFO] Translation: Say to Ikūn-pīya, thus Ennam-Aššur, Iddin-abum and Lā-qēp: The 10 minas of silve
2026-06-13 23:09:06,110 [INFO] Translating: i-nu-mì 5 ma-na sig₅ ša a-na šu-zu-zu dumu a-šur-sipa i-na dur₄-ḫu-mì-it aḫ-bu-l
2026-06-13 23:09:09,284 [INFO] Translation: Sealed by 5 minas of good copper for Šu-Zuzu son Of Aššur-rē'ī, the proceeds fro
2026-06-13 23:09:09,284 [INFO] Translating: a-na a-la-ḫi-im kišib a-mur-ištar
2026-06-13 23:09:09,967 [INFO] Translation: To Ali-ahum seal of Amur-Ištar.
2026-06-13 23:09:09,968 [INFO] Translating: en-um-a-šur a-na en-na-sú-in lu ta-ad-mì-iq-tám i-dí-in lu ṭup-pu-um ḫa-ar-mu-um
2026-06-13 23:09:15,392 [INFO] Translation: Say to Ennam-Aššur, the tablet concerning your testimony, which ENna-Suen son of
2026-06-13 23:09:15,392 [INFO] Translating: um-ma wa-šu-na-lam₅-ma a-na ša-lim-a-šur qí-bi-ma i-nu-mì a-na-kam tù-uš-bu a-na
2026-06-13 23:09:20,719 [INFO] Translation: Say to Šalim-Aššur: Why is it that you wrote me about, saying: Your father answe
2026-06-13 23:09:20,719 [INFO] Translating: um-ma kà-ru-um kà-ni-iš-ma a-na ku-li-a ší-ip-ri-ni kà-ar kà-ar-ma a-le sú-kà-li
2026-06-13 23:09:26,600 [INFO] Translation: Say to Kuliya, thus Kanesh, saying: Sukkallia son of Aššur-ištikar, and we gave 
2026-06-13 23:09:26,601 [INFO] Translating: bu- a-na kur-ub-ištar iṣ-bu-tù-ni-a-tí ù bi- ší-bi lá ù iš-tù ù ṣú-ḫa-ru a-na ṣé
2026-06-13 23:09:32,455 [INFO] Translation: To Kurub-Ištar from Iṣbutuniyattī and bring you the silver to Aššur-<gap>
2026-06-13 23:09:32,455 [INFO] Translating: 17 ma-na kù.babbar ša puzur₄.ištar lu a-na dam.gàr nu-a-e ù ištar-lá-ma-sí dam a
2026-06-13 23:09:38,351 [INFO] Translation: The 17 minas of silver that Puzur-Ištar owes to Damiq-pī-Aššur, Lu, and Ali-ahum
2026-06-13 23:09:38,352 [INFO] Translating: ša-lim-a-šur a-na mar.tu-ba-ni iṣ-ba-at-ni-a-tí-ma um-ma ša-lim-a-šur-ma a-na ma
2026-06-13 23:09:44,244 [INFO] Translation: Thus Šalim-Aššur, say to Martu-bāni, Iṣbatniyattī: Why have you written about th
2026-06-13 23:09:44,244 [INFO] Translating: 18.25 gín kù.babbar i li-bi₄ ir-ma-a-šùr
2026-06-13 23:09:45,100 [INFO] Translation: 18.25 shekels of silver owed by Ir'am-Aššur.
2026-06-13 23:09:45,101 [INFO] Translating: a-na šu-ištar qí-bi-ma um-ma en-um-a-šur ú -ri-ma ta-áš-pu-ra-am um-ma a-ta-ma 5
2026-06-13 23:09:50,974 [INFO] Translation: Say to Šu-Ištar, thus Ennam-Aššur and <gap>: Utubani brings you 50 minas of tin 
2026-06-13 23:09:50,975 [INFO] Translating: ni-dí-nu-ma igi en.líl-ba-ni dumu iš-ma-a-šur igi du₁₀-ṣí-lá-a-šur dumu a-šur-ba
2026-06-13 23:09:53,635 [INFO] Translation: Thus Ennam-Aššur, son of Issu-arik, and Duttu-ṣilli-Adad, owes to Elil-bāni,
2026-06-13 23:09:53,636 [INFO] Translating: itu.1.kam a-lá-na-tum li-mu-um a-šur-i-dí ša ì-lí-dan ù sá-li-a ṭup-pá-áš-nu itu
2026-06-13 23:09:58,901 [INFO] Translation: Seal of Ali-anna, the merchant, Aššur-idī, Šēp-Ištar and Saliya,
2026-06-13 23:09:58,902 [INFO] Translating: 2 ma-na 10 gín kù.babbar ṣa-ru-pu-um ší-im an.na ša dam.gàr a-na tù-ra-am-ì-lí d
2026-06-13 23:10:04,785 [INFO] Translation: 2 minas 10 shekels of refined silver for the merchant to Turam-ilī son Of Eddin-
2026-06-13 23:10:04,786 [INFO] Translating: 2 ší-na sú-pá-nu ša 2 ma-na.ta e ú ša-al-šu-um sú-pá-num 1 ma-na šu-qú-ul-ta-šu 
2026-06-13 23:10:09,318 [INFO] Translation: Sealed by 2 minas of tin and Šalim-wardī - all this I gave to Amur-Aššur's dagge
2026-06-13 23:10:09,319 [INFO] Translating: ša 24 ma-na kù.babbar i-dí-a-bu-um a-na a-šur-be-el-a-wa-tim ḫa-bu-lu šu-ku-bu-u
2026-06-13 23:10:15,115 [INFO] Translation: Iddin-abum owes 24 minas of silver to Aššur-bēl-awātim, the merchant, and his te
2026-06-13 23:10:15,116 [INFO] Translating: 0.5 gín a-šùr-ma-lik pá-ni-am i-na-pá-al 0.5 gín kù.babbar a-mur-utu i-na-pá-al 
2026-06-13 23:10:20,527 [INFO] Translation: 1.5 shekel Aššur-malik owes to the price of 1 mina and 21.8666 grains. In accord
2026-06-13 23:10:20,528 [INFO] Translating: a-na iš-du-ki-in qí-bí-ma um-ma a-šur-mu-ta-bi₄-il₅-ma ú-nu-ut-kà ša-al-ma-at -a
2026-06-13 23:10:26,168 [INFO] Translation: To Išdu-kēn from Aššur-muttabbil: Why is it that you wrote me about, when he doe
2026-06-13 23:10:26,168 [INFO] Translating: 8 ma-na kù.babbar ṣa-ru-pá-am da-dí-a dumu en-na-nim i-na ší-im síg.ḫi.a ša ú-ší
2026-06-13 23:10:29,713 [INFO] Translation: 2 minas of refined silver Dadiya son Of Ennānum owes to Aššur-imittī,
2026-06-13 23:10:29,714 [INFO] Translating: a-na a-šur-ni-im-ri qí-bi₄-ma um-ma kur-bi₄-ì-lí-ma e-ma-ru a-na na-áb-ri-tim-ma
2026-06-13 23:10:35,325 [INFO] Translation: To Aššur-nimrī from Kurbi-ilī: Why is it that you wrote me about, and I have not
2026-06-13 23:10:35,326 [INFO] Translating: a-na šu-ištar ú qí-bi-ma um-ma ma-num-ba-lúm-a-šur-ma a-na šu-ištar qí-bi-ma a-n
2026-06-13 23:10:41,263 [INFO] Translation: Say to Šu-Ištar and questioned Mannum-balšm-Aššur: Why is it that you wrote me a
2026-06-13 23:10:41,264 [INFO] Translating: 3.6666 ma-na kù.babbar a-na ma-ma-i-im a-šu-mì a-šur-ta-ak-lá-ku lugal-sú-in iš-
2026-06-13 23:10:47,275 [INFO] Translation: Seal of Aššur-taklāku, Lugal-Suen, is owed by Šu-Ištar; 5 minas <gap> shekels fo
2026-06-13 23:10:47,276 [INFO] Translating: da-a-sú ù ú-kúl-tù-šu ša ki-ta-a iš-tù bu-ru-uš-ḫa-tim a-dí a-lim e-lá-ma iš-qúl
2026-06-13 23:10:52,485 [INFO] Translation: The daughter of Damiq-pī-Aššur and Ukultus that Elamma have been paid with Buruš
2026-06-13 23:10:52,485 [INFO] Translating: a-na e-na-nim ù a-lá-ḫi-im qí-bi₄-ma um-ma man-a-šùr-ma a-na e-na-nim qí-bi₄-ma 
2026-06-13 23:10:58,304 [INFO] Translation: To Ennam-Aššur and Ali-ahum from Man-mahir: As for the 0.5 mina 2 shekels of sil
2026-06-13 23:10:58,305 [INFO] Translating: um-ma ša ki-ma ku-wa-tí-ma a-na en-um-a-šur qí-bi₄-ma 21 gú 40 ma-na urudu 1 gú 
2026-06-13 23:11:04,116 [INFO] Translation: Thus Kuwatti, say to Ennam-Aššur: 21 talents 40 minas of good copper, 1 guaranto
2026-06-13 23:11:04,117 [INFO] Translating: a-na 4 gú an.na a-wi-it e-lá-ma 4 ma-na 15 gín.ta da-tum 17 ma-na an.na ik-šu-sú
2026-06-13 23:11:09,997 [INFO] Translation: Say to 4 talents of tin that Elamma owes 40 minas 15 shekels for silver, 17 mont
2026-06-13 23:34:30,270 [INFO] Using device: cpu
2026-06-13 23:34:30,270 [INFO] Loading model from: model
2026-06-13 23:34:30,618 [INFO] Model loaded successfully
2026-06-13 23:34:30,634 [INFO] Translating: 2.5 ma-na ṣí-ba-ra-tum qá-dum ša a-bi₄-e-dim 1.3333 ma-na a-na ú-ra-ḫa-zi ša 1 m
2026-06-13 23:34:34,675 [INFO] Translation: 2.5 minas of silver that Abi-edum owes to Urahazi; 1 mana Ulgatum, Zigan-lugal;
2026-06-13 23:36:31,865 [INFO] Using device: cpu
2026-06-13 23:36:31,865 [INFO] Loading model from: model
2026-06-13 23:36:32,237 [INFO] Model loaded successfully
2026-06-13 23:36:32,251 [INFO] Translating: 2.5 ma-na ṣí-ba-ra-tum qá-dum ša a-bi₄-e-dim 1.3333 ma-na a-na ú-ra-ḫa-zi ša 1 m
2026-06-13 23:36:36,231 [INFO] Translation: 2.5 minas of silver that Abi-edum owes to Urahazi; 1 mana Ulgatum, Zigan-lugal;
2026-06-13 23:37:12,631 [INFO] Using device: cpu
2026-06-13 23:37:12,631 [INFO] Loading model from: model
2026-06-13 23:37:13,028 [INFO] Model loaded successfully
2026-06-13 23:37:13,045 [INFO] Translating: 2.5 ma-na ṣí-ba-ra-tum qá-dum ša a-bi₄-e-dim 1.3333 ma-na a-na ú-ra-ḫa-zi ša 1 m
2026-06-13 23:37:17,200 [INFO] Translation: 2.5 minas of silver that Abi-edum owes to Urahazi; 1 mana Ulgatum, Zigan-lugal;
2026-06-13 23:38:29,345 [INFO] Using device: cpu
2026-06-13 23:38:29,345 [INFO] Loading model from: model
2026-06-13 23:38:29,732 [INFO] Model loaded successfully
2026-06-13 23:38:29,749 [INFO] Translating: 2.5 ma-na ṣí-ba-ra-tum qá-dum ša a-bi₄-e-dim 1.3333 ma-na a-na ú-ra-ḫa-zi ša 1 m
2026-06-13 23:38:33,794 [INFO] Translation: 2.5 minas of silver that Abi-edum owes to Urahazi; 1 mana Ulgatum, Zigan-lugal;
2026-06-13 23:39:43,111 [INFO] Using device: cpu
2026-06-13 23:39:43,112 [INFO] Loading model from: model
2026-06-13 23:39:43,525 [INFO] Model loaded successfully
2026-06-13 23:39:43,536 [INFO] Translating: 2.5 ma-na ṣí-ba-ra-tum qá-dum ša a-bi₄-e-dim 1.3333 ma-na a-na ú-ra-ḫa-zi ša 1 m
2026-06-13 23:39:47,610 [INFO] Translation: 2.5 minas of silver that Abi-edum owes to Urahazi; 1 mana Ulgatum, Zigan-lugal;
2026-06-13 23:40:13,186 [INFO] Using device: cpu
2026-06-13 23:40:13,187 [INFO] Loading model from: model
2026-06-13 23:40:13,593 [INFO] Model loaded successfully
2026-06-13 23:40:13,604 [INFO] Translating: 2.5 ma-na ṣí-ba-ra-tum qá-dum ša a-bi₄-e-dim 1.3333 ma-na a-na ú-ra-ḫa-zi ša 1 m
2026-06-13 23:40:17,725 [INFO] Translation: 2.5 minas of silver that Abi-edum owes to Urahazi; 1 mana Ulgatum, Zigan-lugal;
2026-06-13 23:40:17,726 [INFO] Translating: a-na ša-lim-a-šùr a-šùr-ma-lik dumu lu-zi-na ù i-ku-pí-a qí-bi-ma um-ma ší-ša-ra
2026-06-13 23:40:23,621 [INFO] Translation: Say to Šalim-Aššur, Assur-mālik son of Luzina and Ikūn-pīya, saying: Ennam-Suen 
2026-06-13 23:40:23,622 [INFO] Translating: 3 gín kù.babbar iš-tí eb-lá-i-im ša síg.ḫi.a il₅-qé-ú
2026-06-13 23:40:24,570 [INFO] Translation: 1 shekel of silver is owed by Eblānum.
2026-06-13 23:40:24,571 [INFO] Translating: um-ma en-um-a-šùr-ma a-na ša-ta-na qí-bi-ma a-na-ku a-na ṣé-er ì-lí-dan a-na ku-
2026-06-13 23:40:31,264 [INFO] Translation: Thus Ennam-Aššur, say to Šatana: As for the silver Ilī-dan seized me and let him
2026-06-13 23:40:31,265 [INFO] Translating: a-ḫa-ma 5 gín kù.babbar i-na li-bi₄ šu-be-lim i-nu-mì kù.babbar a-na šu-be-lim á
2026-06-13 23:40:33,953 [INFO] Translation: Thus 5 shekels of silver that Šu-Bēlum has received it from our father.
2026-06-13 23:40:33,954 [INFO] Translating: um-ma ša-lim-a-šùr-ma a-na i-dí-a-bi-im en-na-nim i-na-aḫ-dingir ma-ma-ḫi-ir en-
2026-06-13 23:40:39,844 [INFO] Translation: Say to Iddin-abum, Ennam-Aššur and Ali-ahum: In accordance with the silver you w
2026-06-13 23:40:39,845 [INFO] Translating: 12 gín kù.babbar i li-bi sá-li-a a-lá-ḫu-um i-šu
2026-06-13 23:40:40,902 [INFO] Translation: Saliya owes 12 shekels of silver to Ali-ahum.
2026-06-13 23:40:40,903 [INFO] Translating: kišib kà-ri-im kà-ni-iš kà-ru-um dí-nam i-dí-in-ma a-na lu-qú-tim ma-la a-na a-š
2026-06-13 23:40:46,329 [INFO] Translation: The Kanesh colony gave us for these proceedings to Aššur-bēl-awātim, and Šēp-Išt
2026-06-13 23:40:46,330 [INFO] Translating: a-na en-nam-a-šur kišib a-lá-ḫi-im ù a-mur-ištar
2026-06-13 23:40:47,343 [INFO] Translation: To Ennam-Aššur; seal of Ali-ahum and Amur-Ištar.
2026-06-13 23:40:47,343 [INFO] Translating: kišib ta-mu-ri-a kišib kišib šar-bu-nu-a kišib re-e-ma kišib sú-la kišib šu-utu 
2026-06-13 23:40:51,406 [INFO] Translation: To Tammuriya, seal of Šar-bunnuya in representatives before Sula and Ganabeli, 0
2026-06-13 23:40:51,407 [INFO] Translating: -a-šur ú ša-ḫa- kù.babbar ša šé-ep-ištar a-na šu-ištar en-um-a-šur il₅-qé 1 gú 2
2026-06-13 23:40:55,441 [INFO] Translation: The silver of Šēp-Ištar, they will add 1 talent 20 minas, kutānu-textiles and 2 
2026-06-13 23:40:55,442 [INFO] Translating: a-na e-lá-ma qí-bi-ma um-ma ù a-šur-ma-lik-ma 4 gú an.na ku-nu-ki ša a-lim ú ku-
2026-06-13 23:41:00,639 [INFO] Translation: To Elamma from Aššur-malik: 4 talents of tin under my seal and their textiles be
2026-06-13 23:41:00,640 [INFO] Translating: um-ma ša-lim-a-šur-ma a-na i-dí-a-bi₄-im en-na-nim i-na-aḫ-dingir a-dí-da en-um-
2026-06-13 23:41:06,427 [INFO] Translation: Thus Šalim-Aššur, say to Iddin-abum, Ennānum: In accordance with your instructio
2026-06-13 23:41:06,427 [INFO] Translating: 8.1666 gín kù.babbar ší-im é-tí-šu a-šùr-mì-tí a-na sú-ub-ri-ga iš-qú-ul šu-ma m
2026-06-13 23:41:10,422 [INFO] Translation: 1.1666 shekel of silver that Aššur-mittī owes to Subriga. If he has not paid int
2026-06-13 23:41:10,422 [INFO] Translating: a-pu-tum ri-iš lu-qú-tim ša dam.gàr ša-ṣí-ir ú a ma-lá tí-ir-tí-kà um-ma a-ta-ma
2026-06-13 23:41:16,105 [INFO] Translation: The attorney of Luqutum, Šaṣir and Amurrum-bāni seized us against your father's 
2026-06-13 23:41:16,105 [INFO] Translating: kišib a-šur-dan dumu i-ku-pì-a kišib i-dí-a-bi₄-im dumu i-tur₄-dingir kišib a-šu
2026-06-13 23:41:21,886 [INFO] Translation: From Aššur-ṭāb son of Ikūn-pīya sealed by Iddin-abum, that Itūr-ilī owes 30 mina
2026-06-13 23:41:21,887 [INFO] Translating: um-ma ir-ma-a-šùr-ma a-na i-ku-pí-a-šùr lá-ma-sà-tim ù en-um-a-šùr qí-bi-ma 1 ma
2026-06-13 23:41:27,626 [INFO] Translation: Say to Ikūn-pī-Aššur, Lā-qēpum and Ennam-Assur: 1 mina of silver that Suen-nādā 
2026-06-13 23:41:27,627 [INFO] Translating: a-na a-lá-ḫi-im ú-ṣur-ša-ištar ú zu-ku-a qí-bi-ma um-ma sig₅-pí-a-šur-ma 15 ma-n
2026-06-13 23:41:33,432 [INFO] Translation: To Ali-ahum, Uṣur-ša-Ištar and Zukuwa from Damiq-pī-Aššur: 15 minas of tin under
2026-06-13 23:41:33,433 [INFO] Translating: um-ma bu-zu-a du₁₀-ṣí-lá-a-šur ù a-lá-bu-um-ma a-na en-um-a-šùr ù a-lá-ḫi-im qí-
2026-06-13 23:41:39,331 [INFO] Translation: Thus Buzuwa, Dust-ṣill-Aššur and Ali-abum, say to Ennam-Assur's dagger, the text
2026-06-13 23:41:39,331 [INFO] Translating: a-na šu-ištar qí-bi₄-ma um-ma ì-lí-iš-tí-kál-ma ki-ma ša-nu-a-tí-ni lá a-tù-ra-a
2026-06-13 23:41:44,377 [INFO] Translation: To Šu-Ištar from Iliš-tikal: You have not paid in accordance with your testimony
2026-06-13 23:41:44,378 [INFO] Translating: 5 gín kù.babbar a-na ṣú-ḫa-ri-im ša šu-ku-bi₄-im i-nu-mì a-na wa-aḫ-šu-ša-na i-l
2026-06-13 23:41:46,020 [INFO] Translation: 1 shekel of silver that Šu-Kūbum owes to Wahšušana.
2026-06-13 23:41:46,020 [INFO] Translating: a-na a-lá-ḫi-im kišib i-ku-pí-a ú zu-ku-a
2026-06-13 23:41:46,900 [INFO] Translation: To Ali-ahum seal of Ikūn-pīya and Zukuwa.
2026-06-13 23:41:46,901 [INFO] Translating: ir-ma-a-šùr dumu ni-dí-ba-ni puzur₄-a-šùr iṣ-ba-at-ma um-ma puzur₄-a-šur-ma a-na
2026-06-13 23:41:52,427 [INFO] Translation: Say to Ir'am-Aššur son of Nidi-bāni, Puzur-Assur, saying: You have not paid in a
2026-06-13 23:41:52,428 [INFO] Translating: a-šur-ma-lik ù a-na-ku ni-kà-sí ni-sí-ma il₅ šu uš ma 5 ma-na kù.babbar i-ṣé-ri-
2026-06-13 23:41:58,322 [INFO] Translation: Thus Aššur-malik and Anna-aku, say to Nikasi: If the 5 minas of silver I gave yo
2026-06-13 23:41:58,322 [INFO] Translating: 11 na-ru-qá-tum na-ṣí-a-tum 9 e-ba-al sí-kà-tim
2026-06-13 23:41:59,456 [INFO] Translation: Sealed by 11 black donkeys - all this 9 shekels of silver.
2026-06-13 23:41:59,456 [INFO] Translating: a-na a-lá-ḫi-im a-ni-na ú a-šur-ma-lik um-ma zu-ku-a-ma 30 43 im am ni ri-ni be-
2026-06-13 23:42:05,365 [INFO] Translation: To Ali-ahum, Annina and Aššur-malik from Zukuwa: 30 43 talents of refined silver
2026-06-13 23:42:05,366 [INFO] Translating: en-um-a-šur ša ki-ma i-ku-pí-a dumu a-šùr-ba-ni e-pu-ul um-ma en-um-a-šur-ma a-n
2026-06-13 23:42:11,313 [INFO] Translation: Thus Ikūn-pīya, son of Aššur-bāni, Epul, and Ennam-Assur said to the merchant: W
2026-06-13 23:42:11,314 [INFO] Translating: a-na i-dí-a-bi-im i-tur₄-dingir en-na-nim ù a-lá-ḫi-im qí-bi-ma um-ma en-nam-a-š
2026-06-13 23:42:17,260 [INFO] Translation: To Iddin-abum, Itūr-ilī, Ennānum and Ali-ahum; specifically to Šalim-Aššur: Why 
2026-06-13 23:42:17,260 [INFO] Translating: 30 ma-na 10 gín kù.babbar ṣa-ru-pu-um 13 anše.ḫi.a 31 i-lu-ú 41 ú-kà-pu 11 ma-as
2026-06-13 23:42:20,702 [INFO] Translation: 20 minas 10 shekels of refined silver, 13 black donkeys, 31 bronze boards and 41
2026-06-13 23:42:20,703 [INFO] Translating: um-ma a-šùr-ma-lik ù ša-lim-a-šur a-na ša-lim-a-šur qí-bi-ma la-ma a-šur-ša-du-e
2026-06-13 23:42:26,576 [INFO] Translation: Say to Šalim-Aššur, thus says Assur-mālik and Ali-ahum: I have not paid in accor
2026-06-13 23:42:26,577 [INFO] Translating: i-nu-mì i-dí-a-bu-um a-na mu-a-tim ta-ad-nu-ma é a-šùr-bé-el-a-wa-tim wa-áš-bu š
2026-06-13 23:42:32,516 [INFO] Translation: Thus Iddin-abum, say to Aššur-bēl-awātim: Why is it that you have not paid for m
2026-06-13 23:42:32,517 [INFO] Translating: a-na e-lam-ma qí-bi-ma um-ma šu-be-lúm-ma dumu.mí a-šur-dan dumu zi-zi-im ra-bi₄
2026-06-13 23:42:38,448 [INFO] Translation: Say to Elamma, thus Šu-Bēlum, son of Aššur-ṭāb: We have not paid in accordance w
2026-06-13 23:42:38,448 [INFO] Translating: a-na a-lá-ḫi-im dumu šál-ma-a-šur ù zu-ku-a kišib puzur₄-a-šur dumu a-šur-dan
2026-06-13 23:42:40,257 [INFO] Translation: Say to Ali-ahum son of Šalim-Aššur and Zukuwa; sealed by Puzur-Assur,
2026-06-13 23:42:40,258 [INFO] Translating: 13 ma-na kù.babbar ṣa-ru-pá-am i-ṣé-er i-dí-a-bi₄-im a-mur-ištar ù a-šur-i-mì-tí
2026-06-13 23:42:45,132 [INFO] Translation: 13 minas of refined silver Iddin-abum, Amur-Ištar and Aššurimittī, he will pay i
2026-06-13 23:42:45,132 [INFO] Translating: um-ma ša-lim-a-šùr a-na i-dí-a-bi₄-im en-na-nim i-na-aḫ-dingir a-dí-da en-um-a-š
2026-06-13 23:42:51,029 [INFO] Translation: Thus Šalim-Aššur, say to Iddin-abum, Ennānum: In accordance with your instructio
2026-06-13 23:42:51,030 [INFO] Translating: a-na a-lá-ḫi-im a-ni-na a-šur-ma-lik pé-ru-a a-zi-ta-ri-a a-zu-ul ù mu-a-ni-kà q
2026-06-13 23:42:56,870 [INFO] Translation: To Ali-ahum, Annina Aššur-malik, Peruwa, <gap> Azul and Muanika; specifically to
2026-06-13 23:42:56,871 [INFO] Translating: kišib -a-šur kišib a-šur-ta-ak-lá-ku kišib qá-ta-tim 4.1666 gín kù.babbar i-ṣé-e
2026-06-13 23:43:00,358 [INFO] Translation: From Aššur to Aklaku, seal of Qatatum, 4.1666 shekels owed by the merchant. In a
2026-06-13 23:43:00,359 [INFO] Translating: mì-ma a-na kù.babbar-pì-kà 1 gín li-ba-am lá i-pá-ri-id ú ma-as-ḫu-ru-tám i-na l
2026-06-13 23:43:06,102 [INFO] Translation: Thus says Iparid and Mashurutam: In accordance with your instructions, the proce
2026-06-13 23:43:06,103 [INFO] Translating: 20 ma-na urudu sig₅ i ší-im ku-uk-ra i-ri-iḫ-ma i-ṣé-er utu-a-bi lá-ma-sà-tum tí
2026-06-13 23:43:11,349 [INFO] Translation: 10 minas of good copper is belonging to Lamassutum. Witnessed by Lā-qēpum, the p
2026-06-13 23:43:11,350 [INFO] Translating: um-ma kà-ru-um kà-ni-iš-ma a-na ša-qí-il₅ da-tim ku-li-a ší-ip-ri-ni kà-ri-im du
2026-06-13 23:43:17,028 [INFO] Translation: Thus Kanesh, say to Šaqil, Datum, Kuliya, the son of Durhumit, has not paid in t
2026-06-13 23:43:17,029 [INFO] Translating: a-na mar-ku-tí dumu da-dí-a dumu i-la-a-a i-na za-al-pá iš-tù itu.kam ku-zal-li 
2026-06-13 23:43:23,079 [INFO] Translation: To Man-mahir son of Dadiya, that Ilī-aya seized us against Zalpa. If he has not 
2026-06-13 23:43:23,080 [INFO] Translating: gín kù.babbar a-ḫa-ma 3 gín kù.babbar ší-im udu gín kù.babbar a-na a-gi-a
2026-06-13 23:43:24,102 [INFO] Translation: The 3 shekels of silver I gave to Agiya.
2026-06-13 23:43:24,103 [INFO] Translating: um-ma la-ma-sí-ma a-na a-la-ḫi-im qí-bi₄-ma mì-šu ša ta-áš-pu-ra-ni um-ma a-ta-m
2026-06-13 23:43:30,011 [INFO] Translation: Thus Lamassī, say to Ali-ahum: As for the silver you wrote me about, and I have 
2026-06-13 23:43:30,012 [INFO] Translating: kišib sú-kà-lí-a dumu a-mur-a-šùr kišib a-ku-za dumu šu-a-nim kišib ú-ra-a dumu 
2026-06-13 23:43:33,457 [INFO] Translation: The Sukkalliya son of Amur-Aššur sealed by Akūza, due from Šu-Anum. We gave us f
2026-06-13 23:43:33,458 [INFO] Translating: 6 gín kù.babbar a-šu-mì a-ší-it gal ṣa-bi₄-im lu-lu ša-bu
2026-06-13 23:43:34,246 [INFO] Translation: 1 shekel of silver is owed by Lulu.
2026-06-13 23:43:34,247 [INFO] Translating: a-na e-lá-ma qí-bi₄-ma um-ma a-šur-na-da ù a-šur-i-mì-tí-ma 1 me-at 2 túg.ḫi.a k
2026-06-13 23:43:40,192 [INFO] Translation: Say to Elamma, thus Aššur-nādā and Assurimittī: 1 mina 2 textiles under my seals
2026-06-13 23:43:40,193 [INFO] Translating: 24 ma-na kù.babbar ṣa-ru-pá-am i-ṣé-er i-dí-a-bi-im a-šùr-be-el-a-wa-tim i-šu iš
2026-06-13 23:43:45,218 [INFO] Translation: 14 minas of refined silver Iddin-abum owes to Aššur-bēl-awātim. He will pay inte
2026-06-13 23:43:45,219 [INFO] Translating: 1 gú 6.5 ma-na urudu sig₅ ší-im kù.babbar-áp-šu ša ili₅-ba-ni ša a-na i-dí-a-šùr
2026-06-13 23:43:48,131 [INFO] Translation: 1 talent 6.5 minas of good copper, which Ilī-bāni brought to Iddin-Aššur,
2026-06-13 23:43:48,132 [INFO] Translating: šu-bé-lúm dumu i-dí-a-bi-im a-na puzur₄.ištar iṣ-ba-at-ni-a-tí-ma um-ma šu-bé-lú
2026-06-13 23:43:53,976 [INFO] Translation: Say to Puzur-Ištar, thus Šu-Bēlum, son of Iddin-abum: As for your father's dagge
2026-06-13 23:43:53,977 [INFO] Translating: um-ma šu-ku-tum-ma a-na uš-ta-aḫ-šu-šar qí-bi₄-ma šu-ma am-tí a-tí ša ma-ma-an l
2026-06-13 23:43:58,493 [INFO] Translation: Thus Šu-Kūtum, say to Uštahšušar: Why is it that you have not paid anything abou
2026-06-13 23:43:58,494 [INFO] Translating: kà-ru-um dur₄-ḫu-mì-it ṣa-ḫi-ir gal dí-nam i-dí-in-ma i-na u₄-mì-im ša en-um-a-š
2026-06-13 23:44:03,526 [INFO] Translation: From Durhumit to Ṣahir gal of the colony. Witnessed by Ennam-Aššur in Uṣur-šamšī
2026-06-13 23:44:03,526 [INFO] Translating: 12 gín an.na ni-is-ḫa-sú 1 ma-na 10 gín urudu ma-sí-um 0.8333 ma-na urudu ša ša-
2026-06-13 23:44:06,839 [INFO] Translation: 12 shekels of tin, its import duty added, 0.8333 mina copper owes to Iddin-Suen.
2026-06-13 23:44:06,840 [INFO] Translating: um-ma šu-ḫu-bu-ur-ma ù ḫa-nu-ma a-na a-la-ḫi-im qí-bi₄-ma a-šu-mì ša a-lu-lá-a š
2026-06-13 23:44:12,558 [INFO] Translation: Thus Šu-hubur, and hanu, say to Ali-ahum: Why is the silver you sent me about, w
2026-06-13 23:44:12,559 [INFO] Translating: um-ma e-na-sú-in-ma a-na a-lá-ḫi-im qí-bi₄-ma 11 gú urudu ma-sí-um 10 ma-na urud
2026-06-13 23:44:18,142 [INFO] Translation: Thus Enna-Suen, say to Ali-ahum: 11 talents of good copper, 10 minas under my se
2026-06-13 23:44:18,142 [INFO] Translating: 1.5 gín kù.babbar ta-áš-me-tum 1.5 gín kù.babbar šé-bi₄-lá
2026-06-13 23:44:19,314 [INFO] Translation: 1.5 shekel of silver that Šēb-ilī brought to you.
2026-06-13 23:44:19,315 [INFO] Translating: a-na dam.gàr ú zu-ku-a qí-bi-ma um-ma puzur₄-a-šur ú sig₅-pí-a-šur-ma a ma-lá tù
2026-06-13 23:44:25,146 [INFO] Translation: To Damiq-pī-Aššur and Zukuwa; specifically to Tunahidānum: The 2 talents 8 minas
2026-06-13 23:44:25,147 [INFO] Translating: a-na šu-ta-mu-zi e-lá-a a-ba-ba ù lá-ma-sí qí-bi-ma um-ma a-dí-da ù a-lá-ḫu-um-m
2026-06-13 23:44:30,964 [INFO] Translation: Say to Šu-Tammuzi, Elaya, Ababa and Lamassī, thus Adida,
2026-06-13 23:44:30,965 [INFO] Translating: um-ma en-na-sú-in ù en-um-a-šùr-ma a-na um-ma-za ù tù-ta-a um-ma en-na-sú-in-ma 
2026-06-13 23:44:36,840 [INFO] Translation: Thus Ennam-Aššur, say to Ummaza and Tūtaya, as follows: Why is it that you wrote
2026-06-13 23:44:36,841 [INFO] Translating: um-ma a-šur-utu-ši ù da-da-a-ma a-na a-lá-ḫi-im qí-bi-ma 1 ma-na kù.babbar ku-nu
2026-06-13 23:44:42,412 [INFO] Translation: Thus Aššur-šamšī and Dadaya, say to Ali-ahum: 1 mina of silver Ilī-wēdāk brings 
2026-06-13 23:44:42,412 [INFO] Translating: a-ni-na a-na be-lá-nim iṣ-ba-at-ni-a-tí-ma um-ma be-lá-num-ma 5.5 ma-na kù.babba
2026-06-13 23:44:47,624 [INFO] Translation: Say to Bēlānum: 5.5 minas of silver, its import duty added, sealed by Kilalini a
2026-06-13 23:44:47,625 [INFO] Translating: 14 gín kù.babbar.ki da-ra-ší 13- gín kù.babbar.ki ma-ma-ḫi-ir 0.3333 ma-na 5 gín
2026-06-13 23:44:50,263 [INFO] Translation: 14 shekels of silver, its import duty added, Darašī, 13 -textiles: Man-mahir;
2026-06-13 23:44:50,264 [INFO] Translating: ṭup-pá-am a-nim ša i-ṣé-ri-kà ṭá-bu li-iš-ta-sí-a
2026-06-13 23:44:51,020 [INFO] Translation: From the week of Lištasiya.
2026-06-13 23:44:51,020 [INFO] Translating: 1 gín kù.babbar ki dingir-ra-bi
2026-06-13 23:44:51,785 [INFO] Translation: 1 shekel of silver is owed by Dingir-rabi.
2026-06-13 23:44:51,786 [INFO] Translating: ú-ku-ul-ti ú-ku-ul-ti-šu-nu 5 anše.ḫi.a -šu-nu urudu áš-qúl da-tum -be lu a-la-q
2026-06-13 23:44:56,646 [INFO] Translation: Sealed by Ukultišunu, 5 black donkeys - all this belonging to Lu'ālum, and I gav
2026-06-13 23:44:56,647 [INFO] Translating: um-ma ša-lim-a-šùr pu-šu-ki-in ù sà-ba-sí-a-ma a-na ì-lí-iš-ti-kál qí-bi-ma 16 m
2026-06-13 23:45:02,550 [INFO] Translation: Say to Šalim-Aššur, Puzur-kīn and Sabasiya, thus says Ilī-ištikal: 16 minas of s
2026-06-13 23:45:02,551 [INFO] Translating: ù lu tám-kà-ar a-bi₄-a a-ta lá tù-na-ḫa-ni ù kù.babbar ma-dam lá tù-ša-ag-ma-ra-
2026-06-13 23:45:04,667 [INFO] Translation: To Abiya from the week of Tunahani and Ku.
2026-06-13 23:45:04,668 [INFO] Translating: a-na ša-lim-a-šùr qí-bi-ma um-ma en-nam-a-šùr-ma i-na lu-qú-tí-kà ša a-na ṣé-ri-
2026-06-13 23:45:10,644 [INFO] Translation: Say to Šalim-Aššur, thus Ennānum: In accordance with your instructions, and we s
2026-06-13 23:45:10,645 [INFO] Translating: 2 né-pí-šé-en 20 ma-na kù.babbar ṣa-ru-pá-am ni-is-ḫa-sú ša-du-a-sú ša-bu-ú 12 g
2026-06-13 23:45:14,785 [INFO] Translation: 20 minas of refined silver, its import duty added,
2026-06-13 23:45:14,786 [INFO] Translating: um-ma ḫi-na-a-ma a-na e-lá-ma qí-bi₄-ma 1 me-at 8 ku-ta-ni qá-dum ša kà-ṣa-re ša
2026-06-13 23:45:20,698 [INFO] Translation: Thus hinnāya, say to Elamma: 1 mina 8 shekels of silver for these proceedings an
2026-06-13 23:45:20,699 [INFO] Translating: a-dí ša ta-áš-pu-ra-ni um-ma a-ta-ma 1 me-at 80 túg qá-dum ša li-we-tim 4 gú 10 
2026-06-13 23:45:26,523 [INFO] Translation: Thus Tašpurannī, say to you: 100 textiles, 14 minas of tin - all this I have not
2026-06-13 23:45:26,524 [INFO] Translating: a-na i-ku- ú zu-zu-wa qí-bi-ma um-ma a-lá-bu-ma mì-nam áš-ta-na-me-ú a-mur-ištar
2026-06-13 23:45:32,099 [INFO] Translation: To Ikūn-<gap> and Zuzuwa from Ali-abum: When Amur-Ištar seized us against Udaluh
2026-06-13 23:45:32,099 [INFO] Translating: kišib ba-zi-a dumu dingir-kur-ub kišib a-ḫu-qar dumu zu-ur-zu-ur kišib i-ri-ší-i
2026-06-13 23:45:37,651 [INFO] Translation: From Baziya son of Dingir-kūrub, sealed by Ahu-waqar, due silver that Irišum owe
2026-06-13 23:45:37,651 [INFO] Translating: 10 ma-na kù.babbar ṣa-ru-pá-am tù-ur-a-a dumu ú-zu-a i-na ší-im síg.ḫi.a ša ú-ší
2026-06-13 23:45:41,175 [INFO] Translation: 10 minas of refined silver Turaya, the working capital, with Ušinālum's house, o
2026-06-13 23:45:41,176 [INFO] Translating: kišib ḫi-na-a kišib i-ku-pí-a-šùr dumu en-um-a-šur ša 1.5 ma-na kù.babbar me-eḫ-
2026-06-13 23:45:46,397 [INFO] Translation: From hinnāya to Ikūn-pī-Aššur son of Ennam-Assur, the 1.5 mina one shekel per mo
2026-06-13 23:45:46,397 [INFO] Translating: a-na i-ku-pí-a qí-bi-ma um-ma en-nam-a-šur i-dí-a-bu-um ú lá-qé-pu-ma a-na 10 ma
2026-06-13 23:45:52,213 [INFO] Translation: Say to Ikūn-pīya, thus Ennam-Aššur, Iddin-abum and Lā-qēp: The 10 minas of silve
2026-06-13 23:45:52,214 [INFO] Translating: i-nu-mì 5 ma-na sig₅ ša a-na šu-zu-zu dumu a-šur-sipa i-na dur₄-ḫu-mì-it aḫ-bu-l
2026-06-13 23:45:55,385 [INFO] Translation: Sealed by 5 minas of good copper for Šu-Zuzu son Of Aššur-rē'ī, the proceeds fro
2026-06-13 23:45:55,386 [INFO] Translating: a-na a-la-ḫi-im kišib a-mur-ištar
2026-06-13 23:45:56,066 [INFO] Translation: To Ali-ahum seal of Amur-Ištar.
2026-06-13 23:45:56,067 [INFO] Translating: en-um-a-šur a-na en-na-sú-in lu ta-ad-mì-iq-tám i-dí-in lu ṭup-pu-um ḫa-ar-mu-um
2026-06-13 23:46:01,414 [INFO] Translation: Say to Ennam-Aššur, the tablet concerning your testimony, which ENna-Suen son of
2026-06-13 23:46:01,415 [INFO] Translating: um-ma wa-šu-na-lam₅-ma a-na ša-lim-a-šur qí-bi-ma i-nu-mì a-na-kam tù-uš-bu a-na
2026-06-13 23:46:06,776 [INFO] Translation: Say to Šalim-Aššur: Why is it that you wrote me about, saying: Your father answe
2026-06-13 23:46:06,777 [INFO] Translating: um-ma kà-ru-um kà-ni-iš-ma a-na ku-li-a ší-ip-ri-ni kà-ar kà-ar-ma a-le sú-kà-li
2026-06-13 23:46:12,663 [INFO] Translation: Say to Kuliya, thus Kanesh, saying: Sukkallia son of Aššur-ištikar, and we gave 
2026-06-13 23:46:12,664 [INFO] Translating: bu- a-na kur-ub-ištar iṣ-bu-tù-ni-a-tí ù bi- ší-bi lá ù iš-tù ù ṣú-ḫa-ru a-na ṣé
2026-06-13 23:46:18,442 [INFO] Translation: To Kurub-Ištar from Iṣbutuniyattī and bring you the silver to Aššur-<gap>
2026-06-13 23:46:18,443 [INFO] Translating: 17 ma-na kù.babbar ša puzur₄.ištar lu a-na dam.gàr nu-a-e ù ištar-lá-ma-sí dam a
2026-06-13 23:46:24,386 [INFO] Translation: The 17 minas of silver that Puzur-Ištar owes to Damiq-pī-Aššur, Lu, and Ali-ahum
2026-06-13 23:46:24,387 [INFO] Translating: ša-lim-a-šur a-na mar.tu-ba-ni iṣ-ba-at-ni-a-tí-ma um-ma ša-lim-a-šur-ma a-na ma
2026-06-13 23:46:30,371 [INFO] Translation: Thus Šalim-Aššur, say to Martu-bāni, Iṣbatniyattī: Why have you written about th
2026-06-13 23:46:30,371 [INFO] Translating: 18.25 gín kù.babbar i li-bi₄ ir-ma-a-šùr
2026-06-13 23:46:31,224 [INFO] Translation: 18.25 shekels of silver owed by Ir'am-Aššur.
2026-06-13 23:46:31,225 [INFO] Translating: a-na šu-ištar qí-bi-ma um-ma en-um-a-šur ú -ri-ma ta-áš-pu-ra-am um-ma a-ta-ma 5
2026-06-13 23:46:37,109 [INFO] Translation: Say to Šu-Ištar, thus Ennam-Aššur and <gap>: Utubani brings you 50 minas of tin 
2026-06-13 23:46:37,109 [INFO] Translating: ni-dí-nu-ma igi en.líl-ba-ni dumu iš-ma-a-šur igi du₁₀-ṣí-lá-a-šur dumu a-šur-ba
2026-06-13 23:46:39,805 [INFO] Translation: Thus Ennam-Aššur, son of Issu-arik, and Duttu-ṣilli-Adad, owes to Elil-bāni,
2026-06-13 23:46:39,806 [INFO] Translating: itu.1.kam a-lá-na-tum li-mu-um a-šur-i-dí ša ì-lí-dan ù sá-li-a ṭup-pá-áš-nu itu
2026-06-13 23:46:45,061 [INFO] Translation: Seal of Ali-anna, the merchant, Aššur-idī, Šēp-Ištar and Saliya,
2026-06-13 23:46:45,062 [INFO] Translating: 2 ma-na 10 gín kù.babbar ṣa-ru-pu-um ší-im an.na ša dam.gàr a-na tù-ra-am-ì-lí d
2026-06-13 23:46:50,906 [INFO] Translation: 2 minas 10 shekels of refined silver for the merchant to Turam-ilī son Of Eddin-
2026-06-13 23:46:50,907 [INFO] Translating: 2 ší-na sú-pá-nu ša 2 ma-na.ta e ú ša-al-šu-um sú-pá-num 1 ma-na šu-qú-ul-ta-šu 
2026-06-13 23:46:55,536 [INFO] Translation: Sealed by 2 minas of tin and Šalim-wardī - all this I gave to Amur-Aššur's dagge
2026-06-13 23:46:55,537 [INFO] Translating: ša 24 ma-na kù.babbar i-dí-a-bu-um a-na a-šur-be-el-a-wa-tim ḫa-bu-lu šu-ku-bu-u
2026-06-13 23:47:01,377 [INFO] Translation: Iddin-abum owes 24 minas of silver to Aššur-bēl-awātim, the merchant, and his te
2026-06-13 23:47:01,378 [INFO] Translating: 0.5 gín a-šùr-ma-lik pá-ni-am i-na-pá-al 0.5 gín kù.babbar a-mur-utu i-na-pá-al 
2026-06-13 23:47:06,840 [INFO] Translation: 1.5 shekel Aššur-malik owes to the price of 1 mina and 21.8666 grains. In accord
2026-06-13 23:47:06,841 [INFO] Translating: a-na iš-du-ki-in qí-bí-ma um-ma a-šur-mu-ta-bi₄-il₅-ma ú-nu-ut-kà ša-al-ma-at -a
2026-06-13 23:47:12,386 [INFO] Translation: To Išdu-kēn from Aššur-muttabbil: Why is it that you wrote me about, when he doe
2026-06-13 23:47:12,387 [INFO] Translating: 8 ma-na kù.babbar ṣa-ru-pá-am da-dí-a dumu en-na-nim i-na ší-im síg.ḫi.a ša ú-ší
2026-06-13 23:47:15,894 [INFO] Translation: 2 minas of refined silver Dadiya son Of Ennānum owes to Aššur-imittī,
2026-06-13 23:47:15,895 [INFO] Translating: a-na a-šur-ni-im-ri qí-bi₄-ma um-ma kur-bi₄-ì-lí-ma e-ma-ru a-na na-áb-ri-tim-ma
2026-06-13 23:47:21,606 [INFO] Translation: To Aššur-nimrī from Kurbi-ilī: Why is it that you wrote me about, and I have not
2026-06-13 23:47:21,607 [INFO] Translating: a-na šu-ištar ú qí-bi-ma um-ma ma-num-ba-lúm-a-šur-ma a-na šu-ištar qí-bi-ma a-n
2026-06-13 23:47:27,433 [INFO] Translation: Say to Šu-Ištar and questioned Mannum-balšm-Aššur: Why is it that you wrote me a
2026-06-13 23:47:27,434 [INFO] Translating: 3.6666 ma-na kù.babbar a-na ma-ma-i-im a-šu-mì a-šur-ta-ak-lá-ku lugal-sú-in iš-
2026-06-13 23:47:33,344 [INFO] Translation: Seal of Aššur-taklāku, Lugal-Suen, is owed by Šu-Ištar; 5 minas <gap> shekels fo
2026-06-13 23:47:33,345 [INFO] Translating: da-a-sú ù ú-kúl-tù-šu ša ki-ta-a iš-tù bu-ru-uš-ḫa-tim a-dí a-lim e-lá-ma iš-qúl
2026-06-13 23:47:38,534 [INFO] Translation: The daughter of Damiq-pī-Aššur and Ukultus that Elamma have been paid with Buruš
2026-06-13 23:47:38,535 [INFO] Translating: a-na e-na-nim ù a-lá-ḫi-im qí-bi₄-ma um-ma man-a-šùr-ma a-na e-na-nim qí-bi₄-ma 
2026-06-13 23:47:44,385 [INFO] Translation: To Ennam-Aššur and Ali-ahum from Man-mahir: As for the 0.5 mina 2 shekels of sil
2026-06-13 23:47:44,385 [INFO] Translating: um-ma ša ki-ma ku-wa-tí-ma a-na en-um-a-šur qí-bi₄-ma 21 gú 40 ma-na urudu 1 gú 
2026-06-13 23:47:50,258 [INFO] Translation: Thus Kuwatti, say to Ennam-Aššur: 21 talents 40 minas of good copper, 1 guaranto
2026-06-13 23:47:50,259 [INFO] Translating: a-na 4 gú an.na a-wi-it e-lá-ma 4 ma-na 15 gín.ta da-tum 17 ma-na an.na ik-šu-sú
2026-06-13 23:47:56,154 [INFO] Translation: Say to 4 talents of tin that Elamma owes 40 minas 15 shekels for silver, 17 mont
